,,,,,,,,,,,,,,,,,,,,
,,,,,,,,,,,,,,,,,,,,
,,,,,,,,,,,,,,,,,,,,
,,,,,,,,,,,,,,,,,,,,
,,,,,,,,,,,,,,,,,,,,
,,,,,,,,,,,,,,,,,,,,
The Sort & Filter Function allows for filtering data ,,,,,,,,,,,,,,,,,,,,
Data Sources:,,,,DFA 256,DFA 256,DFA 256,DFA 256,MEDS (July data access),MEDS (July data access),MEDS (July data access),MEDS (July data access),CDPH & MEDS; March data access,CDPH & MEDS; March data access,CA Dept. of Finance annual projection,CA Dept. of Finance annual projection,CA Dept. of Finance annual projection,US Census Bureau ACS annual estimate,State Data Exchange annual projection,"EDD, Labor Market Info annual estimate","US Census Bureau ACS Estimates, DFA 256, MEDS"
,,,,,,,,,,,,,,,,,,,,
County,Consortium,Calendar_Year,SFY,CF_Households_SFY_Avg,CF_Households_CY_Avg,CF_Persons_SFY_Avg,CF_Persons_CY_Avg,Elderly_CF_July,Children_CF_July,Child_Only_HHs_CF_July_CY,ESL_CF_July_CY,WIC_0-4_CF_Reachable,Percent_CF_0-4_in_WIC,Total_Pop_CY,Total_Elderly_60_plus_CY,Total_Children_under_18_CY,Total_ESL_over_5_CY,Total_SSI_Recipients_CY,Unemployment_Pct_CY,CF_Eligibles_CY
00 Statewide,n/a,2012.0,2012/13,1898515.91667,1831759.5,4164676.0,4062300.16667,141407.0,2184693.0,372370.0,1268115.0,,,38041489.0,6594782.0,9224959.0,3775905.0,1176286.0,0.105,7121279.81808
01 Alameda,CalWIN,2012.0,2012/13,62847.6666667,61652.75,126162.416667,124449.0,5848.0,61164.0,11499.0,36077.0,,,1554446.0,268678.0,339034.0,134661.0,48146.0,0.09,220282.406243
02 Alpine,C-IV,2012.0,2012/13,82.0833333333,82.25,147.0,145.916666667,9.0,53.0,2.0,0.0,,,1166.0,310.0,242.0,24.0,41.0,0.133,194.823157895
03 Amador,C-IV,2012.0,2012/13,1720.16666667,1689.58333333,3304.33333333,3248.41666667,182.0,1230.0,61.0,81.0,,,37746.0,12070.0,6121.0,507.0,654.0,0.118,4236.60312105
04 Butte,C-IV,2012.0,2012/13,14297.1666667,13924.4166667,29749.0833333,29132.4166667,842.0,12905.0,1187.0,2929.0,,,221797.0,50242.0,45853.0,5475.0,10828.0,0.122,56950.0713521
05 Calaveras,C-IV,2012.0,2012/13,2543.16666667,2499.25,4994.83333333,4975.91666667,278.0,1881.0,66.0,148.0,,,45305.0,14799.0,8279.0,559.0,1023.0,0.13,5990.38152211
06 Colusa,C-IV,2012.0,2012/13,697.333333333,689.416666667,1745.75,1725.58333333,39.0,1055.0,108.0,598.0,,,21781.0,3842.0,6269.0,3235.0,556.0,0.2,4435.38528124
07 Contra Costa,CalWIN,2012.0,2012/13,33232.5,32725.5,69072.3333333,68545.75,2515.0,35507.0,6651.0,15201.0,,,1075665.0,208340.0,254628.0,66528.0,23603.0,0.09,135136.625367
08 Del Norte,C-IV,2012.0,2012/13,2571.16666667,2601.5,5245.0,5379.5,157.0,2343.0,173.0,285.0,,,27996.0,5991.0,5952.0,549.0,1869.0,0.134,5695.77379168
09 El Dorado,C-IV,2012.0,2012/13,6299.75,6098.33333333,11839.25,11655.25,581.0,4822.0,402.0,864.0,,,181098.0,43346.0,39241.0,3301.0,2818.0,0.104,19222.8583872
10 Fresno,CalWIN,2012.0,2012/13,90446.9166667,88596.8333333,218237.416667,214900.0,4650.0,122558.0,15452.0,61549.0,,,950634.0,143065.0,277286.0,115573.0,40171.0,0.152,283512.805587
11 Glenn,C-IV,2012.0,2012/13,1414.91666667,1382.16666667,3515.75,3440.66666667,87.0,1908.0,231.0,769.0,,,28508.0,5548.0,7763.0,2433.0,1128.0,0.147,6413.05497288
12 Humboldt,C-IV,2012.0,2012/13,8283.66666667,8056.75,15678.0833333,15352.25,496.0,6496.0,685.0,807.0,,,134840.0,28927.0,27212.0,2104.0,5740.0,0.105,32856.8626741
13 Imperial,C-IV,2012.0,2012/13,14327.0,14065.6666667,36785.75,36155.1666667,1456.0,18176.0,994.0,17886.0,,,179414.0,27666.0,52349.0,32769.0,10349.0,0.283,44744.1895337
14 Inyo,C-IV,2012.0,2012/13,994.583333333,961.75,2000.66666667,1953.5,105.0,879.0,105.0,316.0,,,18569.0,5138.0,3870.0,490.0,396.0,0.094,2515.10160211
15 Kern,C-IV,2012.0,2012/13,58839.5,57370.25,142745.5,139786.416667,3379.0,82189.0,11952.0,37887.0,,,858271.0,118079.0,254266.0,85452.0,31095.0,0.133,213671.260959
16 Kings,C-IV,2012.0,2012/13,9779.5,9586.33333333,23223.6666667,22918.6666667,563.0,12535.0,1554.0,5625.0,,,149973.0,18817.0,43993.0,14061.0,4729.0,0.153,33430.7398614
17 Lake,C-IV,2012.0,2012/13,5125.83333333,5044.0,10225.25,10126.25,477.0,4340.0,256.0,790.0,,,64839.0,17552.0,13511.0,1920.0,3701.0,0.15,19370.3412
18 Lassen,C-IV,2012.0,2012/13,1410.66666667,1397.41666667,2952.25,2943.91666667,81.0,1284.0,87.0,70.0,,,33011.0,5947.0,5877.0,704.0,930.0,0.126,4471.13151255
19 Los Angeles,LRS,2012.0,2012/13,539760.0,514477.583333,1123919.66667,1088704.25,36571.0,599556.0,124537.0,423844.0,,,9988287.0,1644011.0,2359961.0,1372113.0,385131.0,0.109,2021647.94784
20 Madera,C-IV,2012.0,2012/13,10459.1666667,10382.1666667,26577.75,26415.3333333,534.0,16732.0,3223.0,10100.0,,,150814.0,26206.0,43195.0,20218.0,4441.0,0.136,38098.688852
21 Marin,C-IV,2012.0,2012/13,5607.16666667,5510.16666667,9498.58333333,9315.5,758.0,4358.0,1245.0,2958.0,,,255765.0,66463.0,52352.0,11689.0,3102.0,0.063,20101.0974903
22 Mariposa,C-IV,2012.0,2012/13,886.0,862.083333333,1805.16666667,1774.58333333,83.0,709.0,41.0,47.0,,,18223.0,5847.0,3092.0,155.0,460.0,0.11,2847.97887053
23 Mendocino,C-IV,2012.0,2012/13,7083.83333333,7084.91666667,13414.5,13552.75,591.0,5727.0,592.0,1934.0,,,87976.0,22168.0,19247.0,4188.0,3238.0,0.097,19738.82048
24 Merced,C-IV,2012.0,2012/13,22424.6666667,21825.3333333,54754.25,53643.4166667,1122.0,30744.0,4110.0,15638.0,,,262919.0,36760.0,80219.0,31663.0,10745.0,0.17,67910.3069642
25 Modoc,C-IV,2012.0,2012/13,428.25,432.833333333,967.25,1006.0,25.0,486.0,20.0,78.0,,,9634.0,2878.0,2028.0,280.0,405.0,0.135,2460.37181579
26 Mono,C-IV,2012.0,2012/13,391.916666667,429.583333333,657.833333333,695.5,32.0,326.0,3.0,226.0,,,14122.0,2349.0,2931.0,870.0,102.0,0.105,2221.05044842
27 Monterey,C-IV,2012.0,2012/13,20129.9166667,19397.8333333,46251.75,44709.6666667,1189.0,29906.0,6608.0,22110.0,,,423881.0,69907.0,112042.0,79767.0,8502.0,0.114,80399.99454
28 Napa,C-IV,2012.0,2012/13,3367.33333333,3382.75,7142.58333333,7200.83333333,292.0,4244.0,1098.0,3019.0,,,138655.0,30971.0,30966.0,12388.0,2142.0,0.078,18310.8861926
29 Nevada,C-IV,2012.0,2012/13,3808.5,3634.75,7292.33333333,7025.25,314.0,2726.0,219.0,270.0,,,98068.0,30206.0,17791.0,1312.0,1771.0,0.094,14198.34296
30 Orange,CalWIN,2012.0,2012/13,102002.583333,97368.3333333,226897.083333,218440.583333,10377.0,131451.0,31940.0,105140.0,,,3084036.0,539389.0,732869.0,322892.0,66558.0,0.076,453553.141665
31 Placer,CalWIN,2012.0,2012/13,8276.5,8163.16666667,17758.75,17912.75,791.0,8043.0,871.0,2058.0,,,359890.0,82787.0,82232.0,6656.0,5044.0,0.094,42086.8095119
32 Plumas,C-IV,2012.0,2012/13,783.416666667,746.166666667,1679.75,1637.0,50.0,701.0,27.0,21.0,,,19883.0,6584.0,3423.0,261.0,665.0,0.147,3547.67895457
33 Riverside,C-IV,2012.0,2012/13,113238.75,108747.083333,274719.25,267193.416667,8379.0,143506.0,18716.0,62978.0,,,2253317.0,388894.0,610090.0,178052.0,54970.0,0.122,482427.27523
34 Sacramento,CalWIN,2012.0,2012/13,93053.8333333,90288.8333333,208569.166667,204383.75,5103.0,102959.0,11758.0,46984.0,,,1445230.0,246325.0,360996.0,97511.0,60330.0,0.106,310461.567216
35 San Benito,C-IV,2012.0,2012/13,2663.58333333,2627.66666667,6252.16666667,6167.41666667,216.0,3314.0,502.0,1849.0,,,56333.0,8855.0,15464.0,6386.0,897.0,0.139,8551.01811686
36 San Bernardino,C-IV,2012.0,2012/13,156048.083333,150229.666667,368160.75,358854.833333,10026.0,187444.0,22712.0,67830.0,,,2077560.0,292854.0,585442.0,172415.0,65325.0,0.12,474490.903642
37 San Diego,CalWIN,2012.0,2012/13,116470.75,111643.0,254245.833333,247227.416667,11289.0,125548.0,19228.0,88054.0,,,3174446.0,545262.0,745003.0,228674.0,74992.0,0.089,564164.474589
38 San Francisco,CalWIN,2012.0,2012/13,32451.4166667,32800.4166667,50672.6666667,50980.9166667,4864.0,19583.0,5068.0,19407.0,,,832605.0,166284.0,111955.0,105810.0,37817.0,0.073,121505.872174
39 San Joaquin,C-IV,2012.0,2012/13,45116.3333333,43422.25,110415.75,107506.75,2587.0,60071.0,7727.0,23960.0,,,700414.0,109853.0,198439.0,64140.0,26908.0,0.152,138592.405117
40 San Luis Obispo,CalWIN,2012.0,2012/13,9010.58333333,8959.75,17595.75,17536.75,882.0,8140.0,1285.0,3116.0,,,272608.0,64135.0,49952.0,9420.0,4420.0,0.081,43666.9310177
41 San Mateo,CalWIN,2012.0,2012/13,13893.4166667,13399.3333333,28692.0833333,27877.5,1886.0,16040.0,3538.0,11878.0,,,740568.0,148953.0,160010.0,60960.0,11180.0,0.067,72926.3865695
42 Santa Barbara,CalWIN,2012.0,2012/13,14486.25,14190.75,32711.1666667,32135.9166667,866.0,20351.0,5628.0,13341.0,,,430287.0,78892.0,97191.0,45401.0,8597.0,0.08,76854.9231042
43 Santa Clara,CalWIN,2012.0,2012/13,50784.0,48874.75,108648.833333,105371.083333,5507.0,56627.0,13623.0,44837.0,,,1840218.0,307307.0,432393.0,178148.0,43944.0,0.084,220690.563341
44 Santa Cruz,CalWIN,2012.0,2012/13,11487.9166667,10881.0,22652.75,21794.5,922.0,11666.0,3317.0,8532.0,,,267672.0,50507.0,56197.0,21496.0,5104.0,0.111,37038.9680079
45 Shasta,C-IV,2012.0,2012/13,12120.75,12280.8333333,24181.9166667,24701.9166667,821.0,10508.0,922.0,495.0,,,177962.0,44246.0,38697.0,2105.0,9329.0,0.134,33388.9039856
46 Sierra,C-IV,2012.0,2012/13,157.833333333,146.416666667,302.166666667,283.75,23.0,95.0,1.0,4.0,,,3206.0,1111.0,514.0,60.0,99.0,0.143,622.602352941
47 Siskiyou,C-IV,2012.0,2012/13,2834.16666667,2720.0,6338.66666667,6124.08333333,220.0,2701.0,137.0,180.0,,,44765.0,13411.0,9047.0,820.0,2441.0,0.153,10259.458525
48 Solano,CalWIN,2012.0,2012/13,20453.5833333,19838.6666667,41033.8333333,40115.4166667,1473.0,19347.0,3060.0,6772.0,,,417443.0,77123.0,99754.0,21564.0,11520.0,0.101,65053.4404976
49 Sonoma,CalWIN,2012.0,2012/13,19064.25,17955.25,35087.1666667,33699.5833333,1870.0,17154.0,3946.0,10341.0,,,489752.0,110173.0,102681.0,29280.0,8571.0,0.086,74079.3369985
50 Stanislaus,C-IV,2012.0,2012/13,40826.0,39576.6666667,89982.0,88080.5833333,2464.0,44790.0,5991.0,17992.0,,,523596.0,83920.0,145557.0,48024.0,19745.0,0.152,117475.088631
51 Sutter,C-IV,2012.0,2012/13,5070.58333333,4927.83333333,12182.3333333,11926.4166667,306.0,6271.0,830.0,2311.0,,,96047.0,17509.0,25761.0,9590.0,3661.0,0.176,20846.288
52 Tehama,C-IV,2012.0,2012/13,4194.66666667,4126.08333333,9737.66666667,9693.58333333,259.0,4855.0,469.0,1161.0,,,63711.0,14824.0,15640.0,2546.0,3057.0,0.139,14556.1969912
53 Trinity,C-IV,2012.0,2012/13,789.833333333,774.166666667,1577.83333333,1563.33333333,74.0,604.0,5.0,8.0,,,13704.0,4397.0,2376.0,21.0,655.0,0.158,3087.68870056
54 Tulare,CalWIN,2012.0,2012/13,45588.6666667,44133.75,113012.666667,110247.0,2949.0,64076.0,8010.0,36803.0,,,452135.0,64585.0,143994.0,60886.0,17288.0,0.158,151607.168207
55 Tuolumne,C-IV,2012.0,2012/13,2819.66666667,2756.66666667,5199.33333333,5156.08333333,265.0,1962.0,149.0,65.0,,,55033.0,17126.0,9453.0,653.0,1618.0,0.116,8975.86027789
56 Ventura,CalWIN,2012.0,2012/13,32011.5833333,30926.3333333,66646.9166667,65090.8333333,2757.0,35426.0,8035.0,23314.0,,,836553.0,150596.0,206972.0,79320.0,14656.0,0.09,105819.891039
57 Yolo,CalWIN,2012.0,2012/13,7839.41666667,7708.25,16913.9166667,16837.3333333,627.0,8261.0,1070.0,4871.0,,,205408.0,31294.0,46026.0,13923.0,5307.0,0.115,44017.7364353
58 Yuba,C-IV,2012.0,2012/13,5717.16666667,5702.25,12901.8333333,12882.0,298.0,6360.0,644.0,1707.0,,,73704.0,11463.0,21261.0,3903.0,3772.0,0.169,19439.97662
00 Statewide,n/a,2013.0,2013/14,2003805.83333,1946340.83333,4331799.08333,4237437.41667,176557.0,2272684.0,341378.0,1314549.0,,,38373434.0,6838104.0,9224243.0,3750293.0,1187606.0,0.089,7166748.68844
01 Alameda,CalWIN,2013.0,2013/14,64105.6666667,63464.25,127744.833333,127163.666667,7267.0,63938.0,9990.0,39263.0,,,1575797.0,279128.0,340838.0,133681.0,48141.0,0.073,220033.771078
02 Alpine,C-IV,2013.0,2013/14,103.083333333,88.9166666667,172.083333333,156.916666667,11.0,62.0,0.0,0.0,,,1164.0,329.0,235.0,25.0,42.0,0.098,221.78022827
03 Amador,C-IV,2013.0,2013/14,1725.58333333,1699.0,3347.83333333,3285.75,194.0,1298.0,69.0,98.0,,,37582.0,12428.0,6034.0,484.0,674.0,0.103,4989.42328701
04 Butte,C-IV,2013.0,2013/14,15009.0,14614.0833333,30429.6666667,30041.5,1116.0,13523.0,1063.0,2782.0,,,222229.0,51289.0,45592.0,4375.0,10914.0,0.103,57536.0654571
05 Calaveras,C-IV,2013.0,2013/14,2623.08333333,2574.5,5001.75,4973.16666667,322.0,1808.0,103.0,134.0,,,45116.0,15204.0,7991.0,410.0,1043.0,0.1,6021.95863538
06 Colusa,C-IV,2013.0,2013/14,721.583333333,712.416666667,1724.25,1741.33333333,72.0,1032.0,164.0,553.0,,,21972.0,4009.0,6223.0,2986.0,564.0,0.19,3770.96131854
07 Contra Costa,CalWIN,2013.0,2013/14,34146.5833333,33275.5,70943.1666667,69084.1666667,3064.0,36829.0,5449.0,15787.0,,,1089656.0,217528.0,254300.0,66244.0,24041.0,0.075,145292.779558
08 Del Norte,C-IV,2013.0,2013/14,2513.58333333,2526.08333333,5137.08333333,5129.83333333,193.0,2218.0,167.0,262.0,,,27543.0,6139.0,5946.0,733.0,1817.0,0.118,5923.47912356
09 El Dorado,C-IV,2013.0,2013/14,6528.08333333,6369.66666667,11952.25,11787.0,732.0,4716.0,417.0,882.0,,,182280.0,45482.0,38499.0,3580.0,2850.0,0.085,26641.3835952
10 Fresno,CalWIN,2013.0,2013/14,94385.8333333,91823.9166667,225117.916667,220594.083333,5364.0,123609.0,14216.0,59175.0,,,959506.0,147427.0,277393.0,108885.0,40774.0,0.132,280018.279251
11 Glenn,C-IV,2013.0,2013/14,1458.83333333,1424.5,3590.41666667,3534.08333333,113.0,1985.0,237.0,739.0,,,28684.0,5704.0,7682.0,2638.0,1136.0,0.121,6195.80776671
12 Humboldt,C-IV,2013.0,2013/14,9335.83333333,8652.5,17294.1666667,16223.75,695.0,7000.0,684.0,886.0,,,134923.0,29972.0,27424.0,2347.0,5607.0,0.082,34042.6827341
13 Imperial,C-IV,2013.0,2013/14,15083.0833333,14566.9166667,38081.6666667,37016.1666667,1738.0,19291.0,1028.0,19370.0,,,180300.0,28632.0,52883.0,32195.0,10276.0,0.249,44789.8810232
14 Inyo,C-IV,2013.0,2013/14,1047.16666667,1019.08333333,2118.0,2052.33333333,137.0,964.0,103.0,327.0,,,18585.0,5260.0,3867.0,532.0,407.0,0.079,2765.88200729
15 Kern,C-IV,2013.0,2013/14,60340.3333333,59492.25,145892.583333,144286.333333,3983.0,84978.0,10703.0,37191.0,,,868594.0,122646.0,255255.0,88100.0,31384.0,0.117,224185.425539
16 Kings,C-IV,2013.0,2013/14,10014.6666667,9914.0,23718.1666667,23489.4166667,652.0,12892.0,1396.0,5451.0,,,150276.0,19553.0,44622.0,14426.0,4659.0,0.135,34890.9740076
17 Lake,C-IV,2013.0,2013/14,5258.25,5169.33333333,10575.0833333,10336.0,586.0,4436.0,385.0,814.0,,,64781.0,17890.0,13482.0,1792.0,3710.0,0.108,17452.4775
18 Lassen,C-IV,2013.0,2013/14,1487.0,1430.25,3104.41666667,2991.33333333,99.0,1319.0,91.0,67.0,,,32295.0,6153.0,5674.0,769.0,906.0,0.106,4398.02348576
19 Los Angeles,LRS,2013.0,2013/14,569293.25,555795.166667,1170148.0,1147939.16667,46590.0,629069.0,117585.0,444806.0,,,10055477.0,1703951.0,2347353.0,1402433.0,388148.0,0.098,2088070.07593
20 Madera,C-IV,2013.0,2013/14,11060.5,10640.8333333,27863.9166667,26960.5833333,619.0,16652.0,2773.0,9640.0,,,152235.0,26826.0,42521.0,20706.0,4478.0,0.125,38832.0106961
21 Marin,C-IV,2013.0,2013/14,5942.33333333,5720.91666667,9994.08333333,9674.5,887.0,4734.0,1271.0,3455.0,,,258569.0,69013.0,52768.0,8867.0,3107.0,0.052,22421.1445398
22 Mariposa,C-IV,2013.0,2013/14,984.583333333,926.5,1970.25,1868.33333333,119.0,714.0,37.0,30.0,,,18154.0,5972.0,3041.0,227.0,462.0,0.105,3154.61487097
23 Mendocino,C-IV,2013.0,2013/14,7211.5,6983.33333333,13507.9166667,13212.5,699.0,5665.0,688.0,1823.0,,,88064.0,22806.0,19177.0,4171.0,3218.0,0.082,22380.62258
24 Merced,C-IV,2013.0,2013/14,23351.3333333,22825.9166667,55934.5833333,55300.3333333,1338.0,31540.0,4036.0,15579.0,,,264783.0,37754.0,79930.0,35644.0,10849.0,0.145,70246.7962061
25 Modoc,C-IV,2013.0,2013/14,431.166666667,421.0,959.833333333,947.166666667,34.0,442.0,42.0,71.0,,,9603.0,2943.0,1938.0,335.0,416.0,0.124,2621.53076578
26 Mono,C-IV,2013.0,2013/14,483.833333333,385.333333333,778.166666667,650.166666667,43.0,283.0,74.0,163.0,,,13902.0,2435.0,2885.0,937.0,101.0,0.085,2021.29700132
27 Monterey,C-IV,2013.0,2013/14,21391.9166667,20616.1666667,48752.5,47192.6666667,1572.0,29909.0,6960.0,21235.0,,,426453.0,72349.0,112710.0,64059.0,8458.0,0.103,83051.85586
28 Napa,C-IV,2013.0,2013/14,3355.41666667,3264.83333333,7034.25,6891.25,341.0,4081.0,909.0,2892.0,,,139298.0,31686.0,30651.0,12782.0,2156.0,0.068,16769.9836956
29 Nevada,C-IV,2013.0,2013/14,4021.16666667,3880.58333333,7605.25,7403.0,445.0,2951.0,186.0,255.0,,,97727.0,30971.0,17288.0,1576.0,1796.0,0.081,16674.10874
30 Orange,CalWIN,2013.0,2013/14,112077.25,106478.25,245451.333333,234687.75,13145.0,139033.0,29922.0,111958.0,,,3110802.0,559177.0,732435.0,316852.0,67573.0,0.065,444094.592846
31 Placer,CalWIN,2013.0,2013/14,8927.75,8544.25,18276.4166667,17888.6666667,1019.0,7868.0,677.0,2021.0,,,364242.0,86331.0,81413.0,8063.0,5056.0,0.077,39483.8388222
32 Plumas,C-IV,2013.0,2013/14,878.916666667,803.666666667,1762.58333333,1679.0,82.0,676.0,34.0,22.0,,,19769.0,6746.0,3341.0,217.0,641.0,0.139,3815.72246761
33 Riverside,C-IV,2013.0,2013/14,120067.583333,116391.0,284875.0,279605.0,10225.0,151042.0,17000.0,65355.0,,,2276765.0,403451.0,606027.0,173255.0,56654.0,0.099,469029.009525
34 Sacramento,CalWIN,2013.0,2013/14,97461.8333333,94846.4166667,213802.583333,210970.0,6598.0,105467.0,9994.0,47601.0,,,1455602.0,254263.0,359273.0,101446.0,61371.0,0.089,306054.532733
35 San Benito,C-IV,2013.0,2013/14,2674.58333333,2669.66666667,6201.91666667,6225.91666667,246.0,3361.0,472.0,1856.0,,,56750.0,9308.0,15284.0,5777.0,882.0,0.111,8523.86921019
36 San Bernardino,C-IV,2013.0,2013/14,165319.75,159796.666667,381628.916667,373583.666667,12685.0,194878.0,21323.0,70335.0,,,2092149.0,304215.0,582138.0,156056.0,66969.0,0.098,441318.993738
37 San Diego,CalWIN,2013.0,2013/14,128384.833333,122331.0,273739.416667,262347.75,13842.0,131432.0,15919.0,93092.0,,,3208946.0,565956.0,758400.0,236315.0,75967.0,0.078,553957.513096
38 San Francisco,CalWIN,2013.0,2013/14,32454.8333333,32232.25,51006.9166667,50531.75,5459.0,19668.0,4243.0,19818.0,,,843735.0,171722.0,115569.0,96046.0,37708.0,0.055,120297.206285
39 San Joaquin,C-IV,2013.0,2013/14,48180.8333333,46772.3333333,114908.333333,112816.5,3502.0,63093.0,7295.0,23995.0,,,705767.0,113339.0,197747.0,64800.0,27071.0,0.124,156985.493243
40 San Luis Obispo,CalWIN,2013.0,2013/14,9312.16666667,9058.25,17891.1666667,17609.4166667,1072.0,8228.0,1089.0,3239.0,,,273494.0,67011.0,50160.0,10073.0,4383.0,0.068,47790.7648747
41 San Mateo,CalWIN,2013.0,2013/14,15590.25,14604.5,31548.0,29752.25,2531.0,17242.0,4025.0,13534.0,,,748761.0,154350.0,160497.0,58256.0,10953.0,0.052,68113.9921687
42 Santa Barbara,CalWIN,2013.0,2013/14,15194.6666667,14680.9166667,33962.6666667,33053.25,1086.0,20051.0,4170.0,12614.0,,,435241.0,81286.0,98542.0,46332.0,8477.0,0.071,79413.5422011
43 Santa Clara,CalWIN,2013.0,2013/14,53632.5,52303.5833333,112331.166667,110861.416667,7200.0,59419.0,11654.0,48568.0,,,1866208.0,320385.0,436884.0,176036.0,44002.0,0.065,215576.674569
44 Santa Cruz,CalWIN,2013.0,2013/14,12076.0,11785.0833333,23477.5833333,23049.3333333,1290.0,11843.0,2423.0,8317.0,,,270416.0,53284.0,57070.0,20137.0,5077.0,0.103,42178.8443779
45 Shasta,C-IV,2013.0,2013/14,11973.5833333,11790.3333333,23768.3333333,23489.1666667,990.0,10472.0,713.0,466.0,,,178725.0,45337.0,38582.0,3086.0,9306.0,0.118,40244.8061614
46 Sierra,C-IV,2013.0,2013/14,163.916666667,158.75,299.25,303.166666667,26.0,106.0,1.0,6.0,,,3187.0,1152.0,494.0,93.0,99.0,0.129,696.60781829
47 Siskiyou,C-IV,2013.0,2013/14,3074.5,2937.33333333,6769.75,6538.08333333,275.0,2872.0,154.0,192.0,,,44652.0,13754.0,8990.0,782.0,2475.0,0.132,10390.2067401
48 Solano,CalWIN,2013.0,2013/14,21486.0833333,20843.3333333,42538.0,41574.1666667,1823.0,20249.0,2463.0,6854.0,,,420701.0,80627.0,99820.0,20853.0,11691.0,0.09,61759.5140932
49 Sonoma,CalWIN,2013.0,2013/14,18904.3333333,19208.1666667,34848.0833333,35187.5,2351.0,17558.0,3484.0,10432.0,,,494416.0,115368.0,102168.0,24921.0,8547.0,0.07,71126.6155845
50 Stanislaus,C-IV,2013.0,2013/14,42067.9166667,41488.9166667,91796.5833333,90975.0,2893.0,46298.0,5663.0,17711.0,,,527687.0,86790.0,144854.0,48602.0,20057.0,0.129,125680.32642
51 Sutter,C-IV,2013.0,2013/14,5361.58333333,5184.58333333,12620.75,12365.8333333,369.0,6642.0,689.0,2281.0,,,96540.0,17949.0,25540.0,8366.0,3778.0,0.146,22882.8572
52 Tehama,C-IV,2013.0,2013/14,4646.16666667,4329.41666667,10462.8333333,9909.16666667,363.0,5013.0,441.0,1199.0,,,63731.0,15013.0,15524.0,2603.0,3062.0,0.117,14220.3989939
53 Trinity,C-IV,2013.0,2013/14,860.25,788.583333333,1646.66666667,1561.75,89.0,622.0,45.0,12.0,,,13667.0,4574.0,2316.0,36.0,636.0,0.121,3100.49936517
54 Tulare,CalWIN,2013.0,2013/14,48774.4166667,46831.25,119335.25,115750.5,3459.0,67240.0,8233.0,37887.0,,,455854.0,66665.0,144191.0,60016.0,17554.0,0.144,147862.592648
55 Tuolumne,C-IV,2013.0,2013/14,2910.58333333,2848.16666667,5341.16666667,5225.08333333,299.0,1955.0,137.0,66.0,,,54894.0,17442.0,9195.0,696.0,1635.0,0.108,9822.27712053
56 Ventura,CalWIN,2013.0,2013/14,33733.1666667,32654.3333333,70276.5,68079.5833333,3498.0,37769.0,6844.0,25095.0,,,842639.0,156675.0,205639.0,76495.0,14764.0,0.079,112131.893689
57 Yolo,CalWIN,2013.0,2013/14,8366.58333333,7975.91666667,17722.75,17032.9166667,774.0,8108.0,874.0,4707.0,,,208194.0,32642.0,46533.0,14762.0,5351.0,0.091,42449.3696024
58 Yuba,C-IV,2013.0,2013/14,5834.75,5726.16666667,13015.0833333,12857.3333333,341.0,6541.0,571.0,1586.0,,,74352.0,11813.0,21415.0,3382.0,3733.0,0.131,14308.2094
00 Statewide,n/a,2014.0,2014/15,2102019.83333,2063159.83333,4462182.41667,4428870.83333,234156.0,2226004.0,320176.0,1337933.0,,,38739410.0,7107137.0,9213655.0,3760183.0,1193089.0,0.075,6980318.99332
01 Alameda,CalWIN,2014.0,2014/15,62337.5,63775.0833333,122416.166667,125982.25,9307.0,60223.0,9205.0,40011.0,,,1599685.0,291375.0,342632.0,139309.0,47823.0,0.059,214362.749217
02 Alpine,C-IV,2014.0,2014/15,106.5,111.916666667,176.083333333,182.75,16.0,59.0,0.0,0.0,,,1163.0,353.0,223.0,23.0,39.0,0.088,227.604
03 Amador,C-IV,2014.0,2014/15,1760.41666667,1753.83333333,3356.91666667,3367.75,250.0,1222.0,59.0,102.0,,,37447.0,12635.0,5905.0,559.0,696.0,0.083,5066.8769
04 Butte,C-IV,2014.0,2014/15,16067.75,15499.1666667,31441.3333333,30891.1666667,1577.0,12850.0,878.0,2667.0,,,223899.0,52958.0,45701.0,5637.0,10866.0,0.087,54488.4573357
05 Calaveras,C-IV,2014.0,2014/15,2878.75,2754.66666667,5408.75,5204.5,437.0,1778.0,88.0,133.0,,,45009.0,15672.0,7781.0,598.0,1056.0,0.081,6481.84314
06 Colusa,C-IV,2014.0,2014/15,697.5,714.75,1641.58333333,1694.5,84.0,1004.0,142.0,570.0,,,22139.0,4164.0,6179.0,3111.0,563.0,0.175,4329.11113346
07 Contra Costa,CalWIN,2014.0,2014/15,35450.4166667,35192.25,73468.25,73883.5,3876.0,36150.0,5317.0,16078.0,,,1102941.0,226850.0,253077.0,68215.0,24288.0,0.062,129295.012429
08 Del Norte,C-IV,2014.0,2014/15,2503.5,2526.75,5167.33333333,5196.16666667,238.0,2130.0,139.0,223.0,,,27235.0,6214.0,5853.0,725.0,1816.0,0.102,5678.39890865
09 El Dorado,C-IV,2014.0,2014/15,7135.41666667,6840.5,12917.6666667,12445.5833333,972.0,4740.0,396.0,886.0,,,182547.0,47296.0,37694.0,3522.0,2851.0,0.07,27235.3906697
10 Fresno,CalWIN,2014.0,2014/15,96153.75,95691.0833333,226513.416667,226953.166667,7362.0,122849.0,13450.0,60875.0,,,969410.0,152453.0,278353.0,109792.0,41053.0,0.116,281485.643863
11 Glenn,C-IV,2014.0,2014/15,1504.0,1499.25,3637.33333333,3655.91666667,148.0,1960.0,215.0,762.0,,,28828.0,5854.0,7616.0,2410.0,1111.0,0.107,6547.32147544
12 Humboldt,C-IV,2014.0,2014/15,11405.75,10376.0,20167.4166667,18791.3333333,1117.0,7428.0,644.0,900.0,,,134730.0,30815.0,27489.0,2266.0,5545.0,0.068,33221.6973898
13 Imperial,C-IV,2014.0,2014/15,16647.0,15857.4166667,41929.0833333,40122.8333333,2213.0,19838.0,990.0,21381.0,,,183179.0,29728.0,53679.0,33803.0,10238.0,0.236,44825.9023043
14 Inyo,C-IV,2014.0,2014/15,1046.33333333,1062.08333333,2085.08333333,2138.0,154.0,928.0,98.0,296.0,,,18626.0,5425.0,3891.0,510.0,402.0,0.07,2967.70218
15 Kern,C-IV,2014.0,2014/15,63951.8333333,61676.4166667,151878.583333,147974.166667,5081.0,82576.0,9808.0,37076.0,,,876668.0,127006.0,254635.0,79181.0,31592.0,0.104,225536.447523
16 Kings,C-IV,2014.0,2014/15,10334.8333333,10170.6666667,24168.3333333,23966.3333333,797.0,12521.0,1267.0,5713.0,,,149433.0,20063.0,44777.0,15306.0,4635.0,0.121,38859.0351458
17 Lake,C-IV,2014.0,2014/15,5872.83333333,5504.16666667,11557.3333333,11014.5,736.0,4622.0,344.0,817.0,,,65191.0,18389.0,13546.0,1951.0,3663.0,0.089,17435.21142
18 Lassen,C-IV,2014.0,2014/15,1549.41666667,1542.0,3190.91666667,3188.66666667,150.0,1345.0,108.0,71.0,,,31841.0,6465.0,5544.0,712.0,880.0,0.093,4056.23815027
19 Los Angeles,LRS,2014.0,2014/15,586301.75,581170.166667,1186841.58333,1185610.16667,59648.0,614546.0,109736.0,444589.0,,,10124684.0,1771668.0,2332873.0,1394350.0,389765.0,0.083,2032449.54471
20 Madera,C-IV,2014.0,2014/15,11809.3333333,11523.8333333,29290.0,28835.0833333,799.0,16999.0,2654.0,10033.0,,,154181.0,27787.0,42541.0,20778.0,4505.0,0.11,38902.7225579
21 Marin,C-IV,2014.0,2014/15,6347.41666667,6176.66666667,10486.25,10307.6666667,1119.0,4831.0,1282.0,3804.0,,,261033.0,71692.0,52956.0,11871.0,3034.0,0.043,22695.6318747
22 Mariposa,C-IV,2014.0,2014/15,1066.66666667,1026.91666667,2047.75,2016.75,172.0,711.0,31.0,52.0,,,18127.0,6151.0,2984.0,199.0,454.0,0.088,3171.7656
23 Mendocino,C-IV,2014.0,2014/15,7211.16666667,7421.75,13385.3333333,13782.75,941.0,5681.0,618.0,1931.0,,,88523.0,23550.0,19209.0,4690.0,3145.0,0.069,19834.10262
24 Merced,C-IV,2014.0,2014/15,24703.6666667,24109.5833333,58014.6666667,57188.0833333,1886.0,31258.0,3796.0,15688.0,,,267714.0,39044.0,79731.0,33521.0,10825.0,0.128,74498.9488995
25 Modoc,C-IV,2014.0,2014/15,471.5,462.25,1021.91666667,1005.08333333,40.0,438.0,31.0,62.0,,,9564.0,3011.0,1868.0,353.0,421.0,0.105,2247.36784703
26 Mono,C-IV,2014.0,2014/15,500.166666667,526.833333333,833.0,856.0,49.0,334.0,70.0,218.0,,,13924.0,2537.0,2892.0,1069.0,100.0,0.072,1714.07704
27 Monterey,C-IV,2014.0,2014/15,22531.5,22112.25,50650.0,50079.4166667,2212.0,30054.0,6638.0,22043.0,,,429797.0,74649.0,112780.0,74856.0,8488.0,0.091,76819.0947
28 Napa,C-IV,2014.0,2014/15,3564.16666667,3503.33333333,7387.83333333,7300.75,433.0,4040.0,798.0,2923.0,,,140646.0,32606.0,30516.0,11600.0,2118.0,0.056,13996.5831756
29 Nevada,C-IV,2014.0,2014/15,4224.16666667,4164.33333333,7702.16666667,7722.66666667,640.0,2868.0,165.0,284.0,,,98354.0,32223.0,17032.0,1472.0,1796.0,0.066,12648.7451
30 Orange,CalWIN,2014.0,2014/15,119900.916667,116779.416667,260159.333333,258603.0,17616.0,135615.0,28117.0,114889.0,,,3137744.0,580776.0,730630.0,325313.0,68202.0,0.055,443857.489635
31 Placer,CalWIN,2014.0,2014/15,9357.16666667,9218.16666667,18460.5833333,18534.8333333,1416.0,7411.0,658.0,1954.0,,,368211.0,89717.0,80369.0,6222.0,5087.0,0.063,41238.667037
32 Plumas,C-IV,2014.0,2014/15,1042.58333333,969.833333333,1982.0,1895.33333333,116.0,707.0,37.0,22.0,,,19692.0,6932.0,3284.0,202.0,651.0,0.117,3602.33313676
33 Riverside,C-IV,2014.0,2014/15,126782.333333,124200.083333,292595.0,290271.916667,13821.0,148026.0,16149.0,66204.0,,,2305796.0,419886.0,603376.0,172588.0,57657.0,0.082,455320.184137
34 Sacramento,CalWIN,2014.0,2014/15,103629.25,101078.083333,219619.333333,217509.333333,9056.0,101011.0,9400.0,47736.0,,,1473817.0,264209.0,360017.0,94516.0,62271.0,0.073,295178.394858
35 San Benito,C-IV,2014.0,2014/15,2726.58333333,2714.08333333,6136.0,6198.16666667,292.0,3209.0,436.0,1802.0,,,57166.0,9780.0,15000.0,5516.0,899.0,0.093,8761.70829708
36 San Bernardino,C-IV,2014.0,2014/15,177045.333333,172181.333333,398285.833333,391793.833333,17508.0,192219.0,19813.0,71384.0,,,2111913.0,317699.0,580241.0,164799.0,68029.0,0.081,458342.861038
37 San Diego,CalWIN,2014.0,2014/15,139222.5,134214.083333,288651.166667,283887.083333,19191.0,131324.0,15532.0,97970.0,,,3248547.0,589848.0,765993.0,228246.0,76554.0,0.064,548765.953056
38 San Francisco,CalWIN,2014.0,2014/15,33331.9166667,32890.25,52301.5833333,52291.8333333,6615.0,18721.0,3966.0,20630.0,,,853732.0,177396.0,118492.0,103652.0,37503.0,0.044,100797.79189
39 San Joaquin,C-IV,2014.0,2014/15,51867.0833333,50059.8333333,120247.083333,117660.583333,4706.0,61837.0,6809.0,24307.0,,,717238.0,117817.0,198115.0,65961.0,27296.0,0.106,155948.402083
40 San Luis Obispo,CalWIN,2014.0,2014/15,9756.08333333,9575.58333333,18213.25,18107.1666667,1399.0,8025.0,1102.0,3371.0,,,276075.0,70143.0,50276.0,10622.0,4290.0,0.056,45982.3013383
41 San Mateo,CalWIN,2014.0,2014/15,16112.3333333,16010.3333333,32033.9166667,32223.75,3450.0,16879.0,3907.0,14235.0,,,756371.0,160063.0,160673.0,55943.0,10783.0,0.042,63838.6442794
42 Santa Barbara,CalWIN,2014.0,2014/15,16605.25,15991.8333333,36271.9166667,35297.0833333,1559.0,20526.0,4029.0,13524.0,,,440129.0,83614.0,99407.0,43550.0,8393.0,0.061,83642.140157
43 Santa Clara,CalWIN,2014.0,2014/15,55466.9166667,54882.1666667,112788.75,113253.5,9510.0,55723.0,10556.0,49052.0,,,1890929.0,334303.0,439382.0,174224.0,43472.0,0.052,173716.07033
44 Santa Cruz,CalWIN,2014.0,2014/15,13049.1666667,12501.25,24814.4166667,24074.8333333,1797.0,11576.0,2244.0,8530.0,,,271689.0,55572.0,57295.0,23557.0,5038.0,0.087,47670.4120893
45 Shasta,C-IV,2014.0,2014/15,12905.0,12564.75,24906.6666667,24531.75,1221.0,9992.0,609.0,465.0,,,179251.0,46492.0,38313.0,2491.0,9289.0,0.097,29544.1326943
46 Sierra,C-IV,2014.0,2014/15,171.166666667,167.083333333,312.333333333,300.5,41.0,86.0,3.0,8.0,,,3161.0,1178.0,480.0,89.0,89.0,0.1,535.083802726
47 Siskiyou,C-IV,2014.0,2014/15,3230.41666667,3190.5,6993.58333333,6946.75,413.0,2825.0,141.0,181.0,,,44606.0,14051.0,8882.0,717.0,2431.0,0.113,11466.6072816
48 Solano,CalWIN,2014.0,2014/15,22476.9166667,22134.5,43630.4166667,43408.5,2457.0,19919.0,2272.0,6844.0,,,425430.0,84440.0,100040.0,18343.0,11752.0,0.075,56428.9427127
49 Sonoma,CalWIN,2014.0,2014/15,19796.6666667,19297.6666667,35718.8333333,35227.0,2986.0,16974.0,3249.0,10517.0,,,497908.0,120571.0,101026.0,25983.0,8488.0,0.056,69970.7608838
50 Stanislaus,C-IV,2014.0,2014/15,42907.0,42554.25,92178.8333333,92205.4166667,3835.0,45160.0,5238.0,18095.0,,,531720.0,89493.0,144174.0,48829.0,20165.0,0.112,115984.89329
51 Sutter,C-IV,2014.0,2014/15,5630.33333333,5575.25,13058.3333333,12977.9166667,491.0,6535.0,648.0,2388.0,,,97101.0,18516.0,25359.0,8544.0,3793.0,0.127,16038.08874
52 Tehama,C-IV,2014.0,2014/15,4812.58333333,4862.08333333,10550.4166667,10781.1666667,492.0,5146.0,422.0,1283.0,,,63845.0,15194.0,15479.0,2345.0,3106.0,0.097,14124.951782
53 Trinity,C-IV,2014.0,2014/15,1005.16666667,964.166666667,1829.16666667,1787.41666667,117.0,623.0,42.0,10.0,,,13613.0,4741.0,2249.0,49.0,656.0,0.099,3023.15468062
54 Tulare,CalWIN,2014.0,2014/15,52032.1666667,50866.0,127255.916667,126110.083333,4856.0,65842.0,7798.0,39618.0,,,459831.0,68978.0,144183.0,63244.0,17865.0,0.132,139566.347383
55 Tuolumne,C-IV,2014.0,2014/15,3042.66666667,2997.41666667,5503.08333333,5502.25,409.0,2013.0,115.0,76.0,,,54683.0,17898.0,9070.0,628.0,1639.0,0.087,9986.62194
56 Ventura,CalWIN,2014.0,2014/15,36287.8333333,35063.3333333,75812.6666667,74195.1666667,4822.0,37317.0,6549.0,26091.0,,,847885.0,162970.0,203510.0,75693.0,14875.0,0.067,114149.93463
57 Yolo,CalWIN,2014.0,2014/15,9609.25,8934.0,19675.9166667,18623.9166667,1075.0,8448.0,867.0,5033.0,,,209834.0,33974.0,46905.0,11918.0,5314.0,0.077,50238.2450607
58 Yuba,C-IV,2014.0,2014/15,6082.25,5976.58333333,13414.0,13313.25,435.0,6332.0,501.0,1526.0,,,74975.0,12253.0,21478.0,4010.0,3734.0,0.112,17375.6149
00 Statewide,n/a,2015.0,2015/16,2130304.83333,2130806.58333,4433022.58333,4469489.33333,304341.0,2720376.0,352831.0,1628446.0,,,39059809.0,7399216.0,9204564.0,3780285.0,1187073.0,0.062,6409430.17984
01 Alameda,CalWIN,2015.0,2015/16,61751.25,61906.0,119341.083333,120817.083333,12022.0,71736.0,10229.0,48924.0,,,1619679.0,304508.0,344053.0,136922.0,47331.0,0.047,189599.382475
02 Alpine,C-IV,2015.0,2015/16,96.4166666667,100.5,160.416666667,167.666666667,21.0,66.0,1.0,0.0,,,1157.0,373.0,217.0,13.0,39.0,0.079,251.762353684
03 Amador,C-IV,2015.0,2015/16,1780.75,1782.08333333,3400.0,3396.58333333,329.0,1619.0,67.0,126.0,,,37314.0,12900.0,5814.0,411.0,688.0,0.066,4641.21526994
04 Butte,C-IV,2015.0,2015/16,16917.0833333,16561.0833333,32249.0833333,31978.1666667,2080.0,15753.0,925.0,3048.0,,,224363.0,54238.0,45626.0,5020.0,10733.0,0.072,53294.935691
05 Calaveras,C-IV,2015.0,2015/16,2841.66666667,2903.0,5285.33333333,5433.0,625.0,2295.0,84.0,154.0,,,44899.0,16053.0,7567.0,331.0,1057.0,0.065,6513.43816614
06 Colusa,C-IV,2015.0,2015/16,617.416666667,663.583333333,1407.0,1548.0,118.0,1267.0,170.0,773.0,,,22271.0,4316.0,6137.0,2864.0,561.0,0.153,3891.27939813
07 Contra Costa,CalWIN,2015.0,2015/16,35370.25,35594.0,70785.8333333,71780.4166667,5175.0,45190.0,6102.0,20122.0,,,1116882.0,237699.0,252327.0,74992.0,24238.0,0.05,129091.915114
08 Del Norte,C-IV,2015.0,2015/16,2598.33333333,2519.25,5317.91666667,5193.5,288.0,2603.0,144.0,288.0,,,27119.0,6419.0,5776.0,654.0,1797.0,0.086,5724.01490251
09 El Dorado,C-IV,2015.0,2015/16,7261.5,7301.58333333,12981.8333333,13136.75,1276.0,6328.0,442.0,1067.0,,,183140.0,49149.0,37127.0,3365.0,2871.0,0.057,20083.8388832
10 Fresno,CalWIN,2015.0,2015/16,97643.4166667,97860.5,226395.666667,228248.583333,9438.0,144746.0,14341.0,71864.0,,,979357.0,158226.0,279388.0,107436.0,41165.0,0.102,261386.451468
11 Glenn,C-IV,2015.0,2015/16,1533.83333333,1510.0,3600.16666667,3606.83333333,183.0,2401.0,229.0,935.0,,,28960.0,6024.0,7599.0,2525.0,1106.0,0.087,6488.52258116
12 Humboldt,C-IV,2015.0,2015/16,12409.3333333,12047.75,21302.4166667,20982.6666667,1512.0,9450.0,686.0,1123.0,,,135090.0,31797.0,27497.0,2396.0,5488.0,0.056,31850.8618046
13 Imperial,C-IV,2015.0,2015/16,17514.1666667,17257.8333333,43394.5833333,43185.0,2905.0,24612.0,905.0,27755.0,,,185328.0,30862.0,53999.0,33949.0,10128.0,0.24,47595.4528319
14 Inyo,C-IV,2015.0,2015/16,1068.66666667,1055.66666667,2092.5,2081.16666667,201.0,1141.0,96.0,346.0,,,18640.0,5554.0,3865.0,495.0,394.0,0.058,2591.64347298
15 Kern,C-IV,2015.0,2015/16,70219.1666667,67625.0,163677.083333,158932.0,7145.0,105010.0,10689.0,47266.0,,,883327.0,132102.0,254777.0,87761.0,31341.0,0.102,207468.110462
16 Kings,C-IV,2015.0,2015/16,10848.75,10638.25,24894.0,24667.5,1081.0,15587.0,1418.0,7275.0,,,149702.0,20873.0,45340.0,13818.0,4579.0,0.105,35958.1123693
17 Lake,C-IV,2015.0,2015/16,6622.5,6331.83333333,12694.0,12322.8333333,1022.0,5927.0,393.0,1156.0,,,65180.0,18831.0,13497.0,2109.0,3675.0,0.077,14762.3246435
18 Lassen,C-IV,2015.0,2015/16,1547.25,1544.0,3168.58333333,3188.91666667,199.0,1730.0,99.0,94.0,,,30969.0,6731.0,5429.0,650.0,883.0,0.073,3734.38445912
19 Los Angeles,LRS,2015.0,2015/16,575806.5,585270.416667,1150858.41667,1177606.25,76022.0,726193.0,118786.0,520243.0,,,10185487.0,1846906.0,2319368.0,1352159.0,386663.0,0.067,1776819.9017
20 Madera,C-IV,2015.0,2015/16,12175.25,12093.1666667,29777.5,29757.5,1081.0,20470.0,3011.0,11990.0,,,154956.0,28618.0,42496.0,20134.0,4530.0,0.105,32412.6699815
21 Marin,C-IV,2015.0,2015/16,6379.0,6439.83333333,10517.8333333,10586.0,1471.0,5967.0,1459.0,4835.0,,,262105.0,73899.0,52796.0,11168.0,2913.0,0.035,23708.4569124
22 Mariposa,C-IV,2015.0,2015/16,1119.91666667,1109.0,2095.16666667,2104.5,233.0,952.0,30.0,49.0,,,18088.0,6333.0,2918.0,233.0,451.0,0.072,3054.69051512
23 Mendocino,C-IV,2015.0,2015/16,6964.91666667,7059.91666667,13059.3333333,13191.75,1117.0,6905.0,637.0,2266.0,,,88429.0,24106.0,19113.0,4327.0,3087.0,0.059,19173.6480779
24 Merced,C-IV,2015.0,2015/16,25082.25,25129.1666667,57981.8333333,58408.25,2467.0,37709.0,4262.0,19191.0,,,269729.0,40359.0,79613.0,36937.0,10774.0,0.114,79373.2248558
25 Modoc,C-IV,2015.0,2015/16,478.166666667,461.0,1027.25,1000.0,58.0,605.0,42.0,61.0,,,9507.0,3069.0,1828.0,308.0,419.0,0.088,2017.08681616
26 Mono,C-IV,2015.0,2015/16,460.083333333,496.833333333,799.75,832.0,72.0,463.0,78.0,290.0,,,13818.0,2647.0,2862.0,1021.0,99.0,0.061,1202.93534982
27 Monterey,C-IV,2015.0,2015/16,23317.0,23102.8333333,51916.6666667,51644.8333333,2984.0,40553.0,8572.0,31763.0,,,436242.0,77866.0,113520.0,80174.0,8376.0,0.081,67987.3326427
28 Napa,C-IV,2015.0,2015/16,3631.66666667,3632.0,7474.41666667,7501.5,562.0,5159.0,924.0,3742.0,,,141546.0,33624.0,30174.0,11332.0,2093.0,0.046,19657.1565494
29 Nevada,C-IV,2015.0,2015/16,4321.58333333,4271.0,7759.91666667,7736.58333333,813.0,3576.0,182.0,364.0,,,98190.0,33078.0,16697.0,1252.0,1806.0,0.055,18076.1028522
30 Orange,CalWIN,2015.0,2015/16,124134.75,122873.5,257279.666667,256994.916667,22825.0,165520.0,31211.0,137793.0,,,3161218.0,604466.0,728580.0,331979.0,68296.0,0.045,420793.169967
31 Placer,CalWIN,2015.0,2015/16,9371.41666667,9394.08333333,17996.5,18227.4166667,1857.0,9829.0,766.0,2411.0,,,370738.0,92963.0,78707.0,9998.0,5127.0,0.05,38477.5160816
32 Plumas,C-IV,2015.0,2015/16,1139.16666667,1094.66666667,2124.75,2050.25,160.0,961.0,51.0,53.0,,,19586.0,7101.0,3236.0,197.0,656.0,0.104,3447.572362
33 Riverside,C-IV,2015.0,2015/16,130333.583333,129097.25,293524.0,294433.166667,18121.0,184930.0,17346.0,81846.0,,,2329256.0,437865.0,599727.0,190180.0,58059.0,0.067,423742.190648
34 Sacramento,CalWIN,2015.0,2015/16,104378.5,104581.083333,218282.5,219942.75,11837.0,123044.0,10029.0,57891.0,,,1489952.0,274958.0,360331.0,93427.0,62730.0,0.06,264162.852694
35 San Benito,C-IV,2015.0,2015/16,2669.75,2722.5,5917.75,6089.33333333,367.0,4065.0,505.0,2281.0,,,57584.0,10257.0,14800.0,5268.0,900.0,0.076,7772.21144198
36 San Bernardino,C-IV,2015.0,2015/16,180992.083333,180278.833333,398783.583333,401294.333333,22887.0,234835.0,20761.0,85947.0,,,2129851.0,332066.0,579387.0,168647.0,68072.0,0.065,433056.803175
37 San Diego,CalWIN,2015.0,2015/16,143570.75,142648.0,290731.083333,291172.5,25885.0,168267.0,17078.0,123936.0,,,3275084.0,613778.0,772594.0,231525.0,76341.0,0.052,508224.43483
38 San Francisco,CalWIN,2015.0,2015/16,34645.1666667,33996.75,52732.1666667,52042.25,8552.0,23126.0,4486.0,26371.0,,,863108.0,183363.0,121514.0,100767.0,37327.0,0.036,102650.873581
39 San Joaquin,C-IV,2015.0,2015/16,52846.75,52985.0,119722.666667,121333.583333,6110.0,74545.0,7330.0,28986.0,,,727547.0,123054.0,198377.0,63826.0,27357.0,0.089,131235.169862
40 San Luis Obispo,CalWIN,2015.0,2015/16,10103.9166667,10032.1666667,18587.1666667,18597.8333333,1754.0,10311.0,1255.0,4211.0,,,276844.0,73091.0,49981.0,10271.0,4209.0,0.046,45501.5276271
41 San Mateo,CalWIN,2015.0,2015/16,15864.6666667,16187.8333333,30890.5833333,31802.5833333,4279.0,21195.0,4575.0,17806.0,,,764379.0,166867.0,161548.0,58320.0,10434.0,0.034,71863.8390266
42 Santa Barbara,CalWIN,2015.0,2015/16,18243.0833333,17377.3333333,38409.0,37310.0833333,2179.0,28148.0,5590.0,19398.0,,,444900.0,86387.0,100349.0,48492.0,8191.0,0.053,73516.8546892
43 Santa Clara,CalWIN,2015.0,2015/16,54386.9166667,55268.5,107604.083333,110775.166667,11866.0,67584.0,12117.0,59122.0,,,1915102.0,350400.0,442255.0,176469.0,42694.0,0.042,160882.030417
44 Santa Cruz,CalWIN,2015.0,2015/16,14508.25,13855.3333333,26766.5833333,26006.4166667,2375.0,15311.0,2811.0,12072.0,,,274697.0,58383.0,57881.0,21297.0,4931.0,0.075,44874.5165104
45 Shasta,C-IV,2015.0,2015/16,13005.0833333,13013.5,24845.8333333,25061.8333333,1685.0,12683.0,647.0,628.0,,,178777.0,47459.0,37929.0,2477.0,9252.0,0.078,36163.9170925
46 Sierra,C-IV,2015.0,2015/16,162.666666667,171.5,290.75,312.5,40.0,131.0,1.0,12.0,,,3147.0,1199.0,469.0,36.0,85.0,0.09,517.509346044
47 Siskiyou,C-IV,2015.0,2015/16,3289.66666667,3276.58333333,6998.16666667,7053.08333333,529.0,3571.0,150.0,270.0,,,44500.0,14392.0,8777.0,661.0,2389.0,0.094,11426.9597505
48 Solano,CalWIN,2015.0,2015/16,22981.0833333,22903.9166667,43641.5,43943.4166667,3120.0,25381.0,2573.0,8830.0,,,429267.0,88191.0,100373.0,21251.0,11654.0,0.061,65104.9913938
49 Sonoma,CalWIN,2015.0,2015/16,19731.1666667,20042.25,35204.9166667,35963.6666667,3870.0,21537.0,3738.0,13316.0,,,501182.0,125873.0,99911.0,29579.0,8388.0,0.045,58010.0909808
50 Stanislaus,C-IV,2015.0,2015/16,42910.6666667,43234.75,90703.3333333,92177.9166667,4942.0,54880.0,5611.0,21837.0,,,538372.0,93026.0,144320.0,48625.0,19884.0,0.095,105439.647077
51 Sutter,C-IV,2015.0,2015/16,5781.91666667,5693.5,13303.5833333,13172.4166667,644.0,8067.0,726.0,2921.0,,,97618.0,19092.0,25208.0,8773.0,3793.0,0.108,22251.1858904
52 Tehama,C-IV,2015.0,2015/16,4728.91666667,4770.83333333,10325.5833333,10420.5833333,616.0,6292.0,480.0,1615.0,,,63970.0,15536.0,15464.0,2169.0,3068.0,0.08,14981.7999138
53 Trinity,C-IV,2015.0,2015/16,1027.16666667,1020.25,1815.08333333,1832.25,148.0,825.0,39.0,9.0,,,13562.0,4842.0,2195.0,100.0,643.0,0.078,3244.67501677
54 Tulare,CalWIN,2015.0,2015/16,53185.1666667,52963.9166667,124702.916667,124775.916667,6133.0,78672.0,8381.0,48197.0,,,463291.0,71023.0,144018.0,58345.0,17848.0,0.117,136612.711474
55 Tuolumne,C-IV,2015.0,2015/16,3180.25,3134.83333333,5597.25,5586.16666667,556.0,2564.0,106.0,103.0,,,54525.0,18311.0,8920.0,577.0,1615.0,0.071,9026.37502283
56 Ventura,CalWIN,2015.0,2015/16,37734.5833333,37382.6666667,76003.0,75753.3333333,6422.0,49069.0,7926.0,34694.0,,,852013.0,170129.0,201282.0,85361.0,14875.0,0.057,91148.7715603
57 Yolo,CalWIN,2015.0,2015/16,10701.3333333,10287.6666667,21190.4166667,20737.0833333,1498.0,11457.0,1015.0,6991.0,,,212686.0,35269.0,47469.0,13104.0,5260.0,0.064,40868.0969332
58 Yuba,C-IV,2015.0,2015/16,6318.33333333,6250.5,13632.5833333,13590.75,584.0,7563.0,524.0,1789.0,,,75579.0,12715.0,21542.0,3808.0,3710.0,0.092,18760.6912254
00 Statewide,n/a,2016.0,2016/17,2032818.41667,2088174.66667,4214482.33333,4330996.75,343349.0,2688057.0,336878.0,1609601.0,,,39354432.0,7672542.0,9197902.0,3750777.0,1171642.0,0.054,
01 Alameda,CalWIN,2016.0,2016/17,58689.75,60502.1666667,112034.75,116103.25,13243.0,68415.0,9533.0,48483.0,4039.0,0.647727979,1637712.0,316180.0,345421.0,142005.0,46141.0,0.042,
02 Alpine,C-IV,2016.0,2016/17,86.6666666667,91.9166666667,144.666666667,150.5,18.0,67.0,3.0,0.0,4.0,0.111111111,1148.0,378.0,208.0,11.0,34.0,0.065,
03 Amador,C-IV,2016.0,2016/17,1711.33333333,1759.83333333,3183.25,3335.5,374.0,1639.0,54.0,130.0,80.0,0.620772947,37191.0,12901.0,5644.0,570.0,677.0,0.059,
04 Butte,C-IV,2016.0,2016/17,16772.6666667,16974.5,31444.3333333,32064.75,2370.0,15905.0,888.0,2971.0,748.0,0.629648116,225125.0,55290.0,45620.0,7445.0,10550.0,0.065,
05 Calaveras,C-IV,2016.0,2016/17,2821.25,2812.08333333,5134.25,5186.83333333,720.0,2314.0,82.0,147.0,84.0,0.606060606,44791.0,16474.0,7363.0,277.0,1015.0,0.056,
06 Colusa,C-IV,2016.0,2016/17,665.833333333,627.333333333,1536.25,1427.66666667,132.0,1084.0,130.0,566.0,48.0,0.711297071,22408.0,4434.0,6116.0,2893.0,552.0,0.155,
07 Contra Costa,CalWIN,2016.0,2016/17,32340.3333333,34039.75,64666.4166667,67936.5833333,5886.0,43955.0,5847.0,19983.0,3229.0,0.538284619,1129894.0,247789.0,251595.0,74586.0,23841.0,0.044,
08 Del Norte,C-IV,2016.0,2016/17,2563.16666667,2606.0,5254.91666667,5317.58333333,355.0,2683.0,125.0,260.0,136.0,0.696551724,27040.0,6661.0,5824.0,537.0,1779.0,0.075,
09 El Dorado,C-IV,2016.0,2016/17,7007.91666667,7174.83333333,12457.5,12772.75,1464.0,6217.0,397.0,1057.0,258.0,0.568442347,184180.0,51087.0,36645.0,3406.0,2862.0,0.051,
10 Fresno,CalWIN,2016.0,2016/17,91347.25,95024.75,212200.833333,220324.0,10633.0,145582.0,13898.0,70303.0,5748.0,0.761550075,989183.0,163512.0,279928.0,112485.0,41294.0,0.094,
11 Glenn,C-IV,2016.0,2016/17,1533.5,1554.5,3538.91666667,3615.33333333,229.0,2493.0,231.0,941.0,117.0,0.750793651,29073.0,6207.0,7528.0,2761.0,1081.0,0.082,
12 Humboldt,C-IV,2016.0,2016/17,12353.5,12516.6666667,20848.4166667,21216.1666667,1718.0,9409.0,619.0,1130.0,426.0,0.589486356,136086.0,32838.0,27690.0,2230.0,5383.0,0.049,
13 Imperial,C-IV,2016.0,2016/17,17421.75,17507.9166667,42310.75,42812.0,3426.0,25125.0,853.0,28442.0,812.0,0.634608872,187157.0,32050.0,54372.0,34100.0,9999.0,0.235,
14 Inyo,C-IV,2016.0,2016/17,1032.33333333,1056.33333333,1971.75,2046.58333333,226.0,1130.0,81.0,302.0,61.0,0.721649485,18649.0,5699.0,3867.0,451.0,382.0,0.052,
15 Kern,C-IV,2016.0,2016/17,69871.8333333,70632.75,162375.666667,164239.666667,8828.0,111127.0,10601.0,48847.0,6086.0,0.741666667,888994.0,136623.0,254735.0,83111.0,30848.0,0.103,
16 Kings,C-IV,2016.0,2016/17,10714.5833333,10819.5,24345.6666667,24655.8333333,1265.0,15975.0,1417.0,7531.0,877.0,0.719566289,149407.0,21381.0,45432.0,13525.0,4567.0,0.1,
17 Lake,C-IV,2016.0,2016/17,6501.5,6611.25,12208.6666667,12482.5,1616.0,6704.0,412.0,1534.0,313.0,0.670349908,65128.0,19175.0,13526.0,2348.0,3660.0,0.066,
18 Lassen,C-IV,2016.0,2016/17,1583.66666667,1568.83333333,3131.41666667,3149.33333333,208.0,1728.0,95.0,90.0,90.0,0.635983264,30645.0,6887.0,5308.0,633.0,881.0,0.069,
19 Los Angeles,LRS,2016.0,2016/17,542574.333333,558722.833333,1092802.41667,1118309.08333,83903.0,694580.0,110447.0,501112.0,51194.0,0.747201878,10229245.0,1915495.0,2304521.0,1343973.0,381016.0,0.052,
20 Madera,C-IV,2016.0,2016/17,11762.4166667,12017.75,28845.5833333,29255.3333333,1266.0,21003.0,3012.0,12151.0,975.0,0.737387942,155693.0,29376.0,42383.0,19819.0,4480.0,0.092,
21 Marin,C-IV,2016.0,2016/17,6101.0,6245.91666667,10072.9166667,10304.1666667,1617.0,5988.0,1424.0,5020.0,295.0,0.578982155,263257.0,76036.0,52612.0,10590.0,2796.0,0.032,
22 Mariposa,C-IV,2016.0,2016/17,1030.66666667,1089.5,1884.66666667,2013.16666667,264.0,919.0,33.0,45.0,42.0,0.669724771,18055.0,6483.0,2887.0,193.0,427.0,0.069,
23 Mendocino,C-IV,2016.0,2016/17,6421.41666667,6708.5,12131.5,12644.1666667,1200.0,6840.0,615.0,2211.0,333.0,0.567476002,88995.0,24819.0,19104.0,4384.0,3066.0,0.052,
24 Merced,C-IV,2016.0,2016/17,23908.5833333,24516.8333333,55344.75,56659.75,2834.0,37617.0,4155.0,18944.0,1760.0,0.723367169,272610.0,41701.0,79762.0,32600.0,10667.0,0.105,
25 Modoc,C-IV,2016.0,2016/17,538.0,515.916666667,1131.75,1084.83333333,66.0,634.0,44.0,67.0,15.0,0.602649007,9469.0,3096.0,1807.0,256.0,404.0,0.078,
26 Mono,C-IV,2016.0,2016/17,443.083333333,452.666666667,751.916666667,794.083333333,73.0,473.0,81.0,280.0,15.0,0.537037037,13785.0,2795.0,2848.0,1013.0,101.0,0.053,
27 Monterey,C-IV,2016.0,2016/17,21906.4166667,22712.9166667,48492.4166667,50326.25,3572.0,41820.0,8711.0,33355.0,1244.0,0.713618214,441129.0,80555.0,114101.0,82997.0,8101.0,0.076,
28 Napa,C-IV,2016.0,2016/17,3379.41666667,3546.75,6858.83333333,7274.25,681.0,5116.0,874.0,3772.0,201.0,0.656349206,142269.0,34640.0,29835.0,11745.0,2034.0,0.043,
29 Nevada,C-IV,2016.0,2016/17,4248.75,4346.5,7391.83333333,7660.5,949.0,3604.0,173.0,346.0,169.0,0.489749431,98552.0,33995.0,16434.0,1305.0,1824.0,0.047,
30 Orange,CalWIN,2016.0,2016/17,120043.083333,123182.333333,245247.833333,253145.166667,25449.0,164718.0,29757.0,136779.0,7350.0,0.681085847,3181371.0,627423.0,726521.0,309974.0,67977.0,0.04,
31 Placer,CalWIN,2016.0,2016/17,9029.16666667,9286.25,16874.0833333,17625.5833333,2056.0,9509.0,749.0,2462.0,487.0,0.54584121,376092.0,96940.0,78000.0,5842.0,5095.0,0.044,
32 Plumas,C-IV,2016.0,2016/17,1144.41666667,1159.83333333,2084.33333333,2132.16666667,191.0,1033.0,60.0,67.0,49.0,0.624521073,19494.0,7235.0,3171.0,170.0,663.0,0.096,
33 Riverside,C-IV,2016.0,2016/17,125860.75,129010.166667,279293.083333,287642.75,20641.0,185979.0,16626.0,81348.0,10479.0,0.639698181,2360727.0,456965.0,598756.0,189787.0,58100.0,0.061,
34 Sacramento,CalWIN,2016.0,2016/17,100083.0,102439.333333,209677.25,214057.333333,13463.0,122095.0,9476.0,58041.0,5851.0,0.614490903,1506677.0,284940.0,361388.0,94153.0,62524.0,0.054,
35 San Benito,C-IV,2016.0,2016/17,2373.08333333,2543.83333333,5275.0,5619.83333333,436.0,3865.0,447.0,2246.0,386.0,0.738947368,58014.0,10729.0,14569.0,5252.0,880.0,0.068,
36 San Bernardino,C-IV,2016.0,2016/17,172631.166667,178494.75,377181.25,390589.916667,25789.0,237181.0,20320.0,85034.0,11109.0,0.66028086,2147933.0,346063.0,579219.0,167271.0,67508.0,0.057,
37 San Diego,CalWIN,2016.0,2016/17,137827.416667,142005.833333,278085.583333,286487.166667,29540.0,166939.0,16369.0,124572.0,11913.0,0.649918312,3300891.0,637060.0,780130.0,238465.0,75424.0,0.047,
38 San Francisco,CalWIN,2016.0,2016/17,34434.0833333,34845.5454545,52010.8333333,52812.4545455,10278.0,23185.0,4465.0,28237.0,1229.0,0.580031949,871185.0,188417.0,124486.0,99674.0,36427.0,0.033,
39 San Joaquin,C-IV,2016.0,2016/17,49992.5833333,51666.8333333,111805.5,116203.666667,6936.0,73983.0,7153.0,28277.0,3337.0,0.669147353,738873.0,127720.0,199204.0,60196.0,26870.0,0.081,
40 San Luis Obispo,CalWIN,2016.0,2016/17,9729.08333333,9958.08333333,17514.9166667,18140.75,1919.0,10198.0,1224.0,4160.0,401.0,0.573255814,278917.0,75907.0,49961.0,10287.0,4063.0,0.043,
41 San Mateo,CalWIN,2016.0,2016/17,14337.5,15147.8333333,27750.1666667,29408.75,4604.0,20402.0,4287.0,17183.0,904.0,0.640888523,768122.0,171899.0,161747.0,54522.0,9952.0,0.03,
42 Santa Barbara,CalWIN,2016.0,2016/17,18613.9166667,18572.9166667,38428.6666667,38650.1666667,2714.0,29036.0,5739.0,20539.0,1474.0,0.699749687,448353.0,89021.0,100705.0,51832.0,8004.0,0.05,
43 Santa Clara,CalWIN,2016.0,2016/17,50077.5,52729.6666667,98101.3333333,103617.333333,12624.0,62659.0,11199.0,55825.0,3295.0,0.594197975,1930215.0,364511.0,442750.0,167482.0,41718.0,0.038,
44 Santa Cruz,CalWIN,2016.0,2016/17,14568.6666667,14643.0,26423.0,26729.75,2827.0,15699.0,2854.0,12690.0,863.0,0.661349693,276249.0,60888.0,57974.0,20762.0,4764.0,0.069,
45 Shasta,C-IV,2016.0,2016/17,12696.1666667,12943.4166667,23809.8333333,24407.3333333,1906.0,12561.0,608.0,627.0,727.0,0.677409262,178208.0,48189.0,37658.0,1963.0,9165.0,0.069,
46 Sierra,C-IV,2016.0,2016/17,162.75,160.5,276.916666667,277.333333333,52.0,93.0,3.0,10.0,12.0,0.588235294,3140.0,1228.0,465.0,35.0,85.0,0.076,
47 Siskiyou,C-IV,2016.0,2016/17,3134.41666667,3213.16666667,6575.66666667,6773.33333333,608.0,3533.0,156.0,284.0,155.0,0.636554622,44372.0,14672.0,8676.0,755.0,2380.0,0.085,
48 Solano,CalWIN,2016.0,2016/17,21624.0833333,22398.1666667,40785.75,42352.6666667,3576.0,24939.0,2490.0,8928.0,1035.0,0.5419684,434102.0,92321.0,100398.0,22558.0,11385.0,0.055,
49 Sonoma,CalWIN,2016.0,2016/17,17933.25,18932.1666667,31785.5833333,33626.5833333,4239.0,20809.0,3587.0,13176.0,744.0,0.595316352,503953.0,130857.0,98968.0,26781.0,8201.0,0.04,
50 Stanislaus,C-IV,2016.0,2016/17,40674.0,41901.9166667,85291.25,88015.0833333,5541.0,54419.0,5526.0,21493.0,2341.0,0.586291686,545008.0,96403.0,145017.0,53504.0,19620.0,0.085,
51 Sutter,C-IV,2016.0,2016/17,5623.83333333,5727.25,12883.9166667,13128.75,726.0,8179.0,688.0,2890.0,287.0,0.645255474,98191.0,19553.0,25175.0,9121.0,3760.0,0.096,
52 Tehama,C-IV,2016.0,2016/17,4396.66666667,4567.66666667,9532.58333333,9930.58333333,700.0,6121.0,459.0,1557.0,270.0,0.613484646,64098.0,15747.0,15435.0,2385.0,2998.0,0.071,
53 Trinity,C-IV,2016.0,2016/17,988.666666667,1007.83333333,1727.91666667,1757.41666667,183.0,763.0,38.0,18.0,33.0,0.645833333,13482.0,4929.0,2167.0,105.0,629.0,0.071,
54 Tulare,CalWIN,2016.0,2016/17,51694.0,52435.5,120271.166667,122466.75,6886.0,78665.0,8206.0,48568.0,2338.0,0.641883399,468235.0,73460.0,144339.0,66725.0,17540.0,0.11,
55 Tuolumne,C-IV,2016.0,2016/17,3019.66666667,3138.66666667,5270.66666667,5451.83333333,699.0,2582.0,115.0,114.0,104.0,0.674121406,54282.0,18652.0,8734.0,483.0,1552.0,0.062,
56 Ventura,CalWIN,2016.0,2016/17,36512.0,37376.4166667,73100.3333333,75010.5,7206.0,49344.0,7911.0,35629.0,1582.0,0.6245,854383.0,176546.0,199303.0,82290.0,14767.0,0.052,
57 Yolo,CalWIN,2016.0,2016/17,10257.9166667,10645.1666667,19913.3333333,20842.75,1737.0,11612.0,1014.0,7002.0,480.0,0.602506091,216866.0,36568.0,48381.0,12693.0,5184.0,0.058,
58 Yuba,C-IV,2016.0,2016/17,6022.66666667,6187.41666667,13007.5833333,13331.6666667,687.0,7810.0,517.0,1825.0,323.0,0.670113754,76129.0,13142.0,21489.0,3461.0,3704.0,0.085,
00 Statewide,n/a,2017.0,2017/18,,1991597.08333,,4111003.33333,370322.0,2537628.0,264199.0,1514564.0,,,39693627.0,7958547.0,9203689.0,,1154343.0,,
01 Alameda,CalWIN,2017.0,2017/18,,57278.25,,108256.25,14234.0,62680.0,7858.0,45559.0,,,1655752.0,328261.0,346873.0,,45115.0,,
02 Alpine,C-IV,2017.0,2017/18,,80.5833333333,,140.833333333,19.0,60.0,1.0,0.0,,,1143.0,398.0,198.0,,36.0,,
03 Amador,C-IV,2017.0,2017/18,,1660.83333333,,3038.0,384.0,1479.0,20.0,117.0,,,37267.0,13105.0,5607.0,,672.0,,
04 Butte,C-IV,2017.0,2017/18,,16659.5,,30940.5,2568.0,15018.0,381.0,2775.0,,,226478.0,56416.0,45689.0,,10378.0,,
05 Calaveras,C-IV,2017.0,2017/18,,2797.25,,5036.16666667,749.0,2162.0,17.0,139.0,,,44818.0,16898.0,7251.0,,988.0,,
06 Colusa,C-IV,2017.0,2017/18,,687.25,,1553.25,150.0,1162.0,71.0,627.0,,,22612.0,4594.0,6120.0,,564.0,,
07 Contra Costa,CalWIN,2017.0,2017/18,,31521.1666667,,62952.0833333,6149.0,40757.0,2500.0,18260.0,,,1143494.0,258293.0,251140.0,,23320.0,,
08 Del Norte,C-IV,2017.0,2017/18,,2569.58333333,,5253.16666667,388.0,2645.0,50.0,236.0,,,27063.0,6800.0,5811.0,,1715.0,,
09 El Dorado,C-IV,2017.0,2017/18,,6796.16666667,,12292.25,1575.0,5792.0,167.0,982.0,,,185090.0,53135.0,36164.0,,2823.0,,
10 Fresno,CalWIN,2017.0,2017/18,,89293.6666667,,206799.166667,11258.0,141201.0,8256.0,66147.0,,,999902.0,169283.0,280718.0,,41278.0,,
11 Glenn,C-IV,2017.0,2017/18,,1500.75,,3363.25,257.0,2216.0,67.0,808.0,,,29204.0,6352.0,7482.0,,1061.0,,
12 Humboldt,C-IV,2017.0,2017/18,,12114.4166667,,20413.75,1895.0,8887.0,291.0,1065.0,,,136835.0,33792.0,27901.0,,5236.0,,
13 Imperial,C-IV,2017.0,2017/18,,17266.5,,41816.3333333,3755.0,23942.0,402.0,27486.0,,,189376.0,33277.0,54792.0,,9988.0,,
14 Inyo,C-IV,2017.0,2017/18,,1015.08333333,,1940.91666667,242.0,1033.0,33.0,254.0,,,18693.0,5837.0,3868.0,,366.0,,
15 Kern,C-IV,2017.0,2017/18,,68975.9166667,,159899.5,9898.0,107711.0,7829.0,46482.0,,,897727.0,141680.0,255195.0,,30862.0,,
16 Kings,C-IV,2017.0,2017/18,,10631.4166667,,24003.0,1385.0,15524.0,694.0,7192.0,,,150441.0,22007.0,45775.0,,4586.0,,
17 Lake,C-IV,2017.0,2017/18,,6418.58333333,,11937.1666667,1386.0,5850.0,160.0,1285.0,,,65161.0,19552.0,13580.0,,3576.0,,
18 Lassen,C-IV,2017.0,2017/18,,1563.91666667,,3113.66666667,239.0,1662.0,33.0,90.0,,,30652.0,7058.0,5289.0,,905.0,,
19 Los Angeles,LRS,2017.0,2017/18,,539484.916667,,1081619.33333,92270.0,660289.0,100834.0,473516.0,,,10288515.0,1987419.0,2295832.0,,374280.0,,
20 Madera,C-IV,2017.0,2017/18,,11497.75,,28161.0833333,1343.0,20086.0,1824.0,11372.0,,,157296.0,30181.0,42323.0,,4467.0,,
21 Marin,C-IV,2017.0,2017/18,,5969.25,,9875.0,1655.0,5609.0,653.0,4837.0,,,264413.0,78078.0,52532.0,,2720.0,,
22 Mariposa,C-IV,2017.0,2017/18,,1016.33333333,,1853.25,289.0,853.0,12.0,52.0,,,18058.0,6658.0,2863.0,,426.0,,
23 Mendocino,C-IV,2017.0,2017/18,,6286.33333333,,11737.4166667,1257.0,6338.0,356.0,2046.0,,,89329.0,25395.0,19116.0,,3031.0,,
24 Merced,C-IV,2017.0,2017/18,,23506.8333333,,54391.6666667,3019.0,35812.0,3402.0,17605.0,,,275926.0,43155.0,79909.0,,10549.0,,
25 Modoc,C-IV,2017.0,2017/18,,550.666666667,,1172.5,85.0,635.0,22.0,50.0,,,9431.0,3135.0,1781.0,,410.0,,
26 Mono,C-IV,2017.0,2017/18,,413.916666667,,699.333333333,86.0,436.0,45.0,233.0,,,13827.0,2967.0,2836.0,,97.0,,
27 Monterey,C-IV,2017.0,2017/18,,21141.0833333,,46717.25,3814.0,38798.0,5509.0,31264.0,,,445408.0,83304.0,114577.0,,7831.0,,
28 Napa,C-IV,2017.0,2017/18,,3191.66666667,,6396.16666667,764.0,4556.0,436.0,3345.0,,,142898.0,35591.0,29466.0,,1970.0,,
29 Nevada,C-IV,2017.0,2017/18,,4119.25,,7131.91666667,1062.0,3286.0,82.0,301.0,,,98847.0,34886.0,16217.0,,1868.0,,
30 Orange,CalWIN,2017.0,2017/18,,116210.666667,,235735.333333,27116.0,155269.0,18851.0,128041.0,,,3201395.0,650820.0,723961.0,,67526.0,,
31 Placer,CalWIN,2017.0,2017/18,,8725.5,,16343.9166667,2158.0,8872.0,306.0,2218.0,,,380976.0,100816.0,77003.0,,5003.0,,
32 Plumas,C-IV,2017.0,2017/18,,1140.75,,2064.25,220.0,958.0,21.0,68.0,,,19434.0,7402.0,3174.0,,633.0,,
33 Riverside,C-IV,2017.0,2017/18,,122659.166667,,271076.0,22037.0,171534.0,14127.0,73416.0,,,2395487.0,477592.0,598978.0,,58028.0,,
34 Sacramento,CalWIN,2017.0,2017/18,,98310.4166667,,205982.833333,14387.0,117949.0,6306.0,57865.0,,,1524524.0,295548.0,362411.0,,61582.0,,
35 San Benito,C-IV,2017.0,2017/18,,2225.75,,4954.66666667,438.0,3471.0,226.0,1985.0,,,58519.0,11234.0,14439.0,,874.0,,
36 San Bernardino,C-IV,2017.0,2017/18,,166402.25,,362853.5,27050.0,221655.0,16473.0,77611.0,,,2168360.0,360581.0,579729.0,,66585.0,,
37 San Diego,CalWIN,2017.0,2017/18,,134121.833333,,269769.5,32622.0,157645.0,12305.0,118919.0,,,3327562.0,660989.0,787752.0,,74300.0,,
38 San Francisco,CalWIN,2017.0,2017/18,,33958.8333333,,50941.75,12059.0,21826.0,4140.0,28402.0,,,879517.0,193624.0,127629.0,,35747.0,,
39 San Joaquin,C-IV,2017.0,2017/18,,48347.3333333,,107330.583333,7391.0,68847.0,5910.0,26006.0,,,750002.0,132452.0,200170.0,,26463.0,,
40 San Luis Obispo,CalWIN,2017.0,2017/18,,9538.16666667,,16939.75,2112.0,9697.0,1170.0,3999.0,,,280822.0,78771.0,50028.0,,3913.0,,
41 San Mateo,CalWIN,2017.0,2017/18,,13596.4166667,,26110.4166667,4460.0,17765.0,2917.0,14947.0,,,774974.0,177938.0,162564.0,,9550.0,,
42 Santa Barbara,CalWIN,2017.0,2017/18,,18752.3333333,,38107.1666667,3231.0,28186.0,3288.0,20029.0,,,451688.0,91564.0,100702.0,,7869.0,,
43 Santa Clara,CalWIN,2017.0,2017/18,,47339.6666667,,92083.4166667,12738.0,56241.0,7858.0,49720.0,,,1952286.0,379958.0,444642.0,,40724.0,,
44 Santa Cruz,CalWIN,2017.0,2017/18,,14471.5833333,,25965.5,3069.0,15000.0,1817.0,12220.0,,,278335.0,63450.0,58310.0,,4625.0,,
45 Shasta,C-IV,2017.0,2017/18,,12400.25,,23247.5833333,2103.0,12053.0,470.0,572.0,,,178359.0,48890.0,37586.0,,9049.0,,
46 Sierra,C-IV,2017.0,2017/18,,161.0,,272.416666667,55.0,96.0,2.0,7.0,,,3138.0,1248.0,464.0,,79.0,,
47 Siskiyou,C-IV,2017.0,2017/18,,3096.08333333,,6418.75,621.0,3324.0,101.0,320.0,,,44325.0,14972.0,8609.0,,2334.0,,
48 Solano,CalWIN,2017.0,2017/18,,21073.4166667,,39571.75,3956.0,23191.0,1567.0,8436.0,,,439320.0,96492.0,100669.0,,11067.0,,
49 Sonoma,CalWIN,2017.0,2017/18,,17342.5,,30682.4166667,4435.0,18889.0,2728.0,12107.0,,,507323.0,135829.0,98139.0,,8029.0,,
50 Stanislaus,C-IV,2017.0,2017/18,,39581.3333333,,82744.0833333,5863.0,50355.0,5035.0,20060.0,,,551712.0,99859.0,145609.0,,19222.0,,
51 Sutter,C-IV,2017.0,2017/18,,5495.41666667,,12581.6666667,773.0,7883.0,526.0,2782.0,,,98992.0,20046.0,25083.0,,3766.0,,
52 Tehama,C-IV,2017.0,2017/18,,4271.66666667,,9219.0,733.0,5794.0,395.0,1513.0,,,64313.0,16080.0,15426.0,,2945.0,,
53 Trinity,C-IV,2017.0,2017/18,,971.25,,1699.33333333,212.0,699.0,25.0,17.0,,,13447.0,5064.0,2147.0,,614.0,,
54 Tulare,CalWIN,2017.0,2017/18,,51259.75,,118686.75,7325.0,76238.0,6963.0,47053.0,,,473308.0,75894.0,144428.0,,17521.0,,
55 Tuolumne,C-IV,2017.0,2017/18,,2839.66666667,,4984.66666667,727.0,2360.0,86.0,101.0,,,54193.0,19020.0,8650.0,,1540.0,,
56 Ventura,CalWIN,2017.0,2017/18,,35321.6666667,,70145.5833333,7668.0,47074.0,7089.0,34039.0,,,858585.0,183314.0,197824.0,,14726.0,,
57 Yolo,CalWIN,2017.0,2017/18,,9994.5,,19071.3333333,1808.0,10777.0,1009.0,6293.0,,,220171.0,38002.0,49156.0,,5077.0,,
58 Yuba,C-IV,2017.0,2017/18,,5979.08333333,,12915.25,780.0,7501.0,483.0,1693.0,,,76904.0,13591.0,21502.0,,3621.0,,
