,,,,,,,,,,,,,,,,,
,,,,,,,,,,,,,,,,,
,,,,,,,,,,,,,,,,,
,,,,,,,,,,,,,,,,,
,,,,,,,,,,,,,,,,,
,,,,,,,,,,,,,,,,,
The Sort & Filter Function allows for filtering data ,,,,,,,,,,,,,,,,,
Data Sources:,,,,,,DFA 256,DFA 256,CA Dept. of Health Care Services,CF 296,"DFA 296X prior to July 2016, then CF 296 ",Federal SNAPQCS,Federal SNAPQCS,RADEP,CF 296,CF 296,MEDS,MEDS
,,,,,,,,,,,,,,,,,
County,Consortium,Month,Calendar_Year,FFY,SFY,CF_HHs,CF_Persons,MC_Enrollment,Timeliness_30_day_Pct,Timeliness_Exped_Pct_Monthly,Negative_Error_Completed_Cases,Negative_Error_Rate,Active_Error_Rate,Apps_Recd,Online_Apps_Recd,Child_Only_HHs,Child_Only_Persons
00 Statewide,n/a,January,2012.0,2012.0,2011/12,1767003.0,3956654.0,,0.9605,,,,0.0342,,,,
01 Alameda,CalWIN,January,2012.0,2012.0,2011/12,60025.0,122112.0,,0.9093,,,,0.0109,,,,
02 Alpine,C-IV,January,2012.0,2012.0,2011/12,82.0,152.0,,1.0,,,,0.0536,,,,
03 Amador,C-IV,January,2012.0,2012.0,2011/12,1605.0,3081.0,,0.8707,,,,0.0536,,,,
04 Butte,C-IV,January,2012.0,2012.0,2011/12,13440.0,28228.0,,0.886,,,,0.0536,,,,
05 Calaveras,C-IV,January,2012.0,2012.0,2011/12,2418.0,4875.0,,0.9595,,,,0.0536,,,,
06 Colusa,C-IV,January,2012.0,2012.0,2011/12,692.0,1707.0,,1.0,,,,0.0536,,,,
07 Contra Costa,CalWIN,January,2012.0,2012.0,2011/12,31591.0,67029.0,,0.9637,,,,0.0386,,,,
08 Del Norte,C-IV,January,2012.0,2012.0,2011/12,2575.0,5366.0,,1.0,,,,0.0536,,,,
09 El Dorado,C-IV,January,2012.0,2012.0,2011/12,5834.0,11341.0,,0.9981,,,,0.0536,,,,
10 Fresno,CalWIN,January,2012.0,2012.0,2011/12,87032.0,211602.0,,1.0,,,,0.0175,,,,
11 Glenn,C-IV,January,2012.0,2012.0,2011/12,1345.0,3384.0,,0.0,,,,0.0536,,,,
12 Humboldt,C-IV,January,2012.0,2012.0,2011/12,7904.0,15105.0,,0.9551,,,,0.0536,,,,
13 Imperial,C-IV,January,2012.0,2012.0,2011/12,13695.0,35317.0,,1.0,,,,0.0536,,,,
14 Inyo,C-IV,January,2012.0,2012.0,2011/12,950.0,1954.0,,1.0,,,,0.0536,,,,
15 Kern,C-IV,January,2012.0,2012.0,2011/12,55265.0,136622.0,,0.9879,,,,0.033,,,,
16 Kings,C-IV,January,2012.0,2012.0,2011/12,9461.0,22772.0,,1.0,,,,0.0536,,,,
17 Lake,C-IV,January,2012.0,2012.0,2011/12,4888.0,9935.0,,0.9466,,,,0.0536,,,,
18 Lassen,C-IV,January,2012.0,2012.0,2011/12,1373.0,2931.0,,0.943,,,,0.0536,,,,
19 Los Angeles,LRS,January,2012.0,2012.0,2011/12,495012.0,1058962.0,,0.9623,,,,0.0334,,,,
20 Madera,C-IV,January,2012.0,2012.0,2011/12,10284.0,26172.0,,0.976,,,,0.0536,,,,
21 Marin,C-IV,January,2012.0,2012.0,2011/12,5325.0,8957.0,,0.9749,,,,0.0536,,,,
22 Mariposa,C-IV,January,2012.0,2012.0,2011/12,826.0,1730.0,,0.9403,,,,0.0536,,,,
23 Mendocino,C-IV,January,2012.0,2012.0,2011/12,6872.0,13454.0,,0.992,,,,0.0536,,,,
24 Merced,C-IV,January,2012.0,2012.0,2011/12,21252.0,52771.0,,0.9742,,,,0.0252,,,,
25 Modoc,C-IV,January,2012.0,2012.0,2011/12,425.0,1021.0,,0.9783,,,,0.0536,,,,
26 Mono,C-IV,January,2012.0,2012.0,2011/12,426.0,698.0,,0.9778,,,,0.0536,,,,
27 Monterey,C-IV,January,2012.0,2012.0,2011/12,19293.0,44819.0,,0.9995,,,,0.0108,,,,
28 Napa,C-IV,January,2012.0,2012.0,2011/12,3286.0,7073.0,,1.0,,,,0.0536,,,,
29 Nevada,C-IV,January,2012.0,2012.0,2011/12,3327.0,6509.0,,0.9748,,,,0.0536,,,,
30 Orange,CalWIN,January,2012.0,2012.0,2011/12,92898.0,209924.0,,0.9961,,,,0.0206,,,,
31 Placer,CalWIN,January,2012.0,2012.0,2011/12,7989.0,17900.0,,0.9536,,,,0.0536,,,,
32 Plumas,C-IV,January,2012.0,2012.0,2011/12,688.0,1564.0,,0.7736,,,,0.0536,,,,
33 Riverside,C-IV,January,2012.0,2012.0,2011/12,104465.0,259798.0,,0.9989,,,,0.04,,,,
34 Sacramento,CalWIN,January,2012.0,2012.0,2011/12,87602.0,200011.0,,0.9097,,,,0.0466,,,,
35 San Benito,C-IV,January,2012.0,2012.0,2011/12,2644.0,6211.0,,0.9904,,,,0.0536,,,,
36 San Bernardino,C-IV,January,2012.0,2012.0,2011/12,143021.0,346744.0,,0.9993,,,,0.0098,,,,
37 San Diego,CalWIN,January,2012.0,2012.0,2011/12,108079.0,240771.0,,0.9767,,,,0.0726,,,,
38 San Francisco,CalWIN,January,2012.0,2012.0,2011/12,32799.0,50905.0,,0.9876,,,,0.0326,,,,
39 San Joaquin,C-IV,January,2012.0,2012.0,2011/12,41919.0,104725.0,,0.9853,,,,0.0299,,,,
40 San Luis Obispo,CalWIN,January,2012.0,2012.0,2011/12,9003.0,17679.0,,0.9555,,,,0.0536,,,,
41 San Mateo,CalWIN,January,2012.0,2012.0,2011/12,12556.0,26275.0,,0.9467,,,,0.0536,,,,
42 Santa Barbara,CalWIN,January,2012.0,2012.0,2011/12,13668.0,31120.0,,0.6332,,,,0.0536,,,,
43 Santa Clara,CalWIN,January,2012.0,2012.0,2011/12,46452.0,100983.0,,0.7492,,,,0.0,,,,
44 Santa Cruz,CalWIN,January,2012.0,2012.0,2011/12,10100.0,20577.0,,0.6253,,,,0.0536,,,,
45 Shasta,C-IV,January,2012.0,2012.0,2011/12,11989.0,24418.0,,0.9875,,,,0.0536,,,,
46 Sierra,C-IV,January,2012.0,2012.0,2011/12,124.0,262.0,,1.0,,,,0.0536,,,,
47 Siskiyou,C-IV,January,2012.0,2012.0,2011/12,2617.0,5978.0,,1.0,,,,0.0536,,,,
48 Solano,CalWIN,January,2012.0,2012.0,2011/12,19138.0,39019.0,,0.9227,,,,0.0165,,,,
49 Sonoma,CalWIN,January,2012.0,2012.0,2011/12,16652.0,31838.0,,0.8625,,,,0.0536,,,,
50 Stanislaus,C-IV,January,2012.0,2012.0,2011/12,38000.0,85530.0,,1.0,,,,0.0386,,,,
51 Sutter,C-IV,January,2012.0,2012.0,2011/12,4773.0,11667.0,,0.9256,,,,0.0536,,,,
52 Tehama,C-IV,January,2012.0,2012.0,2011/12,3993.0,9410.0,,0.8938,,,,0.0536,,,,
53 Trinity,C-IV,January,2012.0,2012.0,2011/12,729.0,1531.0,,0.9643,,,,0.0536,,,,
54 Tulare,CalWIN,January,2012.0,2012.0,2011/12,42324.0,108269.0,,1.0,,,,0.0219,,,,
55 Tuolumne,C-IV,January,2012.0,2012.0,2011/12,2735.0,5211.0,,0.9898,,,,0.0536,,,,
56 Ventura,CalWIN,January,2012.0,2012.0,2011/12,30437.0,63349.0,,0.9797,,,,0.0123,,,,
57 Yolo,CalWIN,January,2012.0,2012.0,2011/12,7457.0,16466.0,,0.8884,,,,0.0536,,,,
58 Yuba,C-IV,January,2012.0,2012.0,2011/12,5649.0,12840.0,,0.9855,,,,0.0536,,,,
00 Statewide,n/a,February,2012.0,2012.0,2011/12,1765809.0,3964368.0,,0.9618,,,,0.0358,,,,
01 Alameda,CalWIN,February,2012.0,2012.0,2011/12,59760.0,121959.0,,0.9278,,,,0.0088,,,,
02 Alpine,C-IV,February,2012.0,2012.0,2011/12,83.0,153.0,,1.0,,,,0.0506,,,,
03 Amador,C-IV,February,2012.0,2012.0,2011/12,1588.0,3060.0,,0.8455,,,,0.0506,,,,
04 Butte,C-IV,February,2012.0,2012.0,2011/12,13492.0,28322.0,,0.8776,,,,0.0506,,,,
05 Calaveras,C-IV,February,2012.0,2012.0,2011/12,2448.0,4924.0,,0.9603,,,,0.0506,,,,
06 Colusa,C-IV,February,2012.0,2012.0,2011/12,697.0,1750.0,,1.0,,,,0.0506,,,,
07 Contra Costa,CalWIN,February,2012.0,2012.0,2011/12,31606.0,67051.0,,0.9634,,,,0.0324,,,,
08 Del Norte,C-IV,February,2012.0,2012.0,2011/12,2582.0,5391.0,,1.0,,,,0.0506,,,,
09 El Dorado,C-IV,February,2012.0,2012.0,2011/12,5914.0,11487.0,,1.0,,,,0.0506,,,,
10 Fresno,CalWIN,February,2012.0,2012.0,2011/12,87100.0,212782.0,,1.0,,,,0.0136,,,,
11 Glenn,C-IV,February,2012.0,2012.0,2011/12,1358.0,3443.0,,1.0,,,,0.0506,,,,
12 Humboldt,C-IV,February,2012.0,2012.0,2011/12,7866.0,15006.0,,0.9581,,,,0.0506,,,,
13 Imperial,C-IV,February,2012.0,2012.0,2011/12,13627.0,35101.0,,1.0,,,,0.0506,,,,
14 Inyo,C-IV,February,2012.0,2012.0,2011/12,963.0,1960.0,,1.0,,,,0.0506,,,,
15 Kern,C-IV,February,2012.0,2012.0,2011/12,55737.0,137242.0,,0.9875,,,,0.0461,,,,
16 Kings,C-IV,February,2012.0,2012.0,2011/12,9499.0,22908.0,,1.0,,,,0.0506,,,,
17 Lake,C-IV,February,2012.0,2012.0,2011/12,4940.0,10049.0,,0.9565,,,,0.0506,,,,
18 Lassen,C-IV,February,2012.0,2012.0,2011/12,1372.0,2916.0,,0.9781,,,,0.0506,,,,
19 Los Angeles,LRS,February,2012.0,2012.0,2011/12,491022.0,1053337.0,,0.9685,,,,0.0412,,,,
20 Madera,C-IV,February,2012.0,2012.0,2011/12,10389.0,26463.0,,0.9818,,,,0.0506,,,,
21 Marin,C-IV,February,2012.0,2012.0,2011/12,5364.0,9034.0,,0.0,,,,0.0506,,,,
22 Mariposa,C-IV,February,2012.0,2012.0,2011/12,834.0,1732.0,,0.9375,,,,0.0506,,,,
23 Mendocino,C-IV,February,2012.0,2012.0,2011/12,6910.0,13528.0,,0.9939,,,,0.0506,,,,
24 Merced,C-IV,February,2012.0,2012.0,2011/12,21364.0,53038.0,,0.986,,,,0.0275,,,,
25 Modoc,C-IV,February,2012.0,2012.0,2011/12,431.0,1029.0,,0.9583,,,,0.0506,,,,
26 Mono,C-IV,February,2012.0,2012.0,2011/12,462.0,734.0,,0.9368,,,,0.0506,,,,
27 Monterey,C-IV,February,2012.0,2012.0,2011/12,19883.0,46149.0,,1.0,,,,0.0117,,,,
28 Napa,C-IV,February,2012.0,2012.0,2011/12,3285.0,7053.0,,1.0,,,,0.0506,,,,
29 Nevada,C-IV,February,2012.0,2012.0,2011/12,3402.0,6655.0,,0.97,,,,0.0506,,,,
30 Orange,CalWIN,February,2012.0,2012.0,2011/12,92979.0,210701.0,,0.9977,,,,0.0189,,,,
31 Placer,CalWIN,February,2012.0,2012.0,2011/12,7999.0,17950.0,,0.9507,,,,0.0506,,,,
32 Plumas,C-IV,February,2012.0,2012.0,2011/12,721.0,1608.0,,0.8571,,,,0.0506,,,,
33 Riverside,C-IV,February,2012.0,2012.0,2011/12,104129.0,259228.0,,0.9998,,,,0.0356,,,,
34 Sacramento,CalWIN,February,2012.0,2012.0,2011/12,87664.0,200240.0,,0.9717,,,,0.046,,,,
35 San Benito,C-IV,February,2012.0,2012.0,2011/12,2661.0,6276.0,,0.9779,,,,0.0506,,,,
36 San Bernardino,C-IV,February,2012.0,2012.0,2011/12,143618.0,347748.0,,0.9992,,,,0.0081,,,,
37 San Diego,CalWIN,February,2012.0,2012.0,2011/12,107563.0,241222.0,,0.9877,,,,0.0732,,,,
38 San Francisco,CalWIN,February,2012.0,2012.0,2011/12,32686.0,50921.0,,0.9864,,,,0.0243,,,,
39 San Joaquin,C-IV,February,2012.0,2012.0,2011/12,42404.0,105710.0,,0.9832,,,,0.0307,,,,
40 San Luis Obispo,CalWIN,February,2012.0,2012.0,2011/12,8949.0,17625.0,,0.9696,,,,0.0506,,,,
41 San Mateo,CalWIN,February,2012.0,2012.0,2011/12,12560.0,26474.0,,0.9647,,,,0.0506,,,,
42 Santa Barbara,CalWIN,February,2012.0,2012.0,2011/12,14085.0,32078.0,,0.5172,,,,0.0506,,,,
43 Santa Clara,CalWIN,February,2012.0,2012.0,2011/12,47126.0,102207.0,,0.7614,,,,0.0,,,,
44 Santa Cruz,CalWIN,February,2012.0,2012.0,2011/12,10280.0,21611.0,,0.7981,,,,0.0506,,,,
45 Shasta,C-IV,February,2012.0,2012.0,2011/12,12079.0,24492.0,,0.9602,,,,0.0506,,,,
46 Sierra,C-IV,February,2012.0,2012.0,2011/12,126.0,260.0,,1.0,,,,0.0506,,,,
47 Siskiyou,C-IV,February,2012.0,2012.0,2011/12,2673.0,6071.0,,1.0,,,,0.0506,,,,
48 Solano,CalWIN,February,2012.0,2012.0,2011/12,19069.0,39037.0,,0.919,,,,0.0133,,,,
49 Sonoma,CalWIN,February,2012.0,2012.0,2011/12,16831.0,32050.0,,0.8537,,,,0.0506,,,,
50 Stanislaus,C-IV,February,2012.0,2012.0,2011/12,38124.0,85845.0,,1.0,,,,0.0335,,,,
51 Sutter,C-IV,February,2012.0,2012.0,2011/12,4879.0,11902.0,,0.9333,,,,0.0506,,,,
52 Tehama,C-IV,February,2012.0,2012.0,2011/12,3996.0,9448.0,,0.8992,,,,0.0506,,,,
53 Trinity,C-IV,February,2012.0,2012.0,2011/12,722.0,1501.0,,0.9767,,,,0.0506,,,,
54 Tulare,CalWIN,February,2012.0,2012.0,2011/12,41400.0,109305.0,,1.0,,,,0.0181,,,,
55 Tuolumne,C-IV,February,2012.0,2012.0,2011/12,2742.0,5186.0,,0.97,,,,0.0506,,,,
56 Ventura,CalWIN,February,2012.0,2012.0,2011/12,30641.0,64047.0,,0.987,,,,0.0173,,,,
57 Yolo,CalWIN,February,2012.0,2012.0,2011/12,7542.0,16695.0,,0.9173,,,,0.0506,,,,
58 Yuba,C-IV,February,2012.0,2012.0,2011/12,5583.0,12674.0,,0.9961,,,,0.0506,,,,
00 Statewide,n/a,March,2012.0,2012.0,2011/12,1790716.0,4001785.0,,0.9725,,,,0.034,,,,
01 Alameda,CalWIN,March,2012.0,2012.0,2011/12,60605.0,122941.0,,0.9137,,,,0.0123,,,,
02 Alpine,C-IV,March,2012.0,2012.0,2011/12,85.0,150.0,,1.0,,,,0.0448,,,,
03 Amador,C-IV,March,2012.0,2012.0,2011/12,1649.0,3174.0,,0.9388,,,,0.0448,,,,
04 Butte,C-IV,March,2012.0,2012.0,2011/12,13613.0,28488.0,,0.878,,,,0.0448,,,,
05 Calaveras,C-IV,March,2012.0,2012.0,2011/12,2492.0,4986.0,,0.9096,,,,0.0448,,,,
06 Colusa,C-IV,March,2012.0,2012.0,2011/12,713.0,1787.0,,1.0,,,,0.0448,,,,
07 Contra Costa,CalWIN,March,2012.0,2012.0,2011/12,32107.0,67610.0,,0.967,,,,0.0301,,,,
08 Del Norte,C-IV,March,2012.0,2012.0,2011/12,2625.0,5449.0,,1.0,,,,0.0448,,,,
09 El Dorado,C-IV,March,2012.0,2012.0,2011/12,6040.0,11635.0,,0.9979,,,,0.0448,,,,
10 Fresno,CalWIN,March,2012.0,2012.0,2011/12,87878.0,214096.0,,1.0,,,,0.0134,,,,
11 Glenn,C-IV,March,2012.0,2012.0,2011/12,1364.0,3418.0,,1.0,,,,0.0448,,,,
12 Humboldt,C-IV,March,2012.0,2012.0,2011/12,7945.0,15100.0,,0.9793,,,,0.0448,,,,
13 Imperial,C-IV,March,2012.0,2012.0,2011/12,13650.0,35051.0,,1.0,,,,0.0448,,,,
14 Inyo,C-IV,March,2012.0,2012.0,2011/12,958.0,1958.0,,0.974,,,,0.0448,,,,
15 Kern,C-IV,March,2012.0,2012.0,2011/12,56521.0,138620.0,,0.9876,,,,0.0536,,,,
16 Kings,C-IV,March,2012.0,2012.0,2011/12,9635.0,23115.0,,0.9981,,,,0.0448,,,,
17 Lake,C-IV,March,2012.0,2012.0,2011/12,5007.0,10131.0,,0.9543,,,,0.0448,,,,
18 Lassen,C-IV,March,2012.0,2012.0,2011/12,1412.0,2976.0,,0.9747,,,,0.0448,,,,
19 Los Angeles,LRS,March,2012.0,2012.0,2011/12,498399.0,1065164.0,,0.9736,,,,0.0414,,,,
20 Madera,C-IV,March,2012.0,2012.0,2011/12,10518.0,26745.0,,0.9819,,,,0.0448,,,,
21 Marin,C-IV,March,2012.0,2012.0,2011/12,5422.0,9179.0,,0.9858,,,,0.0448,,,,
22 Mariposa,C-IV,March,2012.0,2012.0,2011/12,856.0,1773.0,,0.9375,,,,0.0448,,,,
23 Mendocino,C-IV,March,2012.0,2012.0,2011/12,6961.0,13685.0,,0.991,,,,0.0448,,,,
24 Merced,C-IV,March,2012.0,2012.0,2011/12,21679.0,53615.0,,0.9952,,,,0.0233,,,,
25 Modoc,C-IV,March,2012.0,2012.0,2011/12,434.0,1029.0,,1.0,,,,0.0448,,,,
26 Mono,C-IV,March,2012.0,2012.0,2011/12,460.0,748.0,,0.9333,,,,0.0448,,,,
27 Monterey,C-IV,March,2012.0,2012.0,2011/12,20262.0,46918.0,,1.0,,,,0.0137,,,,
28 Napa,C-IV,March,2012.0,2012.0,2011/12,3345.0,7170.0,,0.9958,,,,0.0448,,,,
29 Nevada,C-IV,March,2012.0,2012.0,2011/12,3508.0,6805.0,,0.9928,,,,0.0448,,,,
30 Orange,CalWIN,March,2012.0,2012.0,2011/12,94481.0,212962.0,,0.9972,,,,0.0185,,,,
31 Placer,CalWIN,March,2012.0,2012.0,2011/12,8194.0,18169.0,,0.9586,,,,0.0448,,,,
32 Plumas,C-IV,March,2012.0,2012.0,2011/12,730.0,1630.0,,0.9545,,,,0.0448,,,,
33 Riverside,C-IV,March,2012.0,2012.0,2011/12,104818.0,259841.0,,1.0,,,,0.0339,,,,
34 Sacramento,CalWIN,March,2012.0,2012.0,2011/12,85663.0,201174.0,,0.9945,,,,0.0392,,,,
35 San Benito,C-IV,March,2012.0,2012.0,2011/12,2695.0,6278.0,,0.976,,,,0.0448,,,,
36 San Bernardino,C-IV,March,2012.0,2012.0,2011/12,145485.0,350676.0,,0.9998,,,,0.0141,,,,
37 San Diego,CalWIN,March,2012.0,2012.0,2011/12,109545.0,243548.0,,0.9881,,,,0.0772,,,,
38 San Francisco,CalWIN,March,2012.0,2012.0,2011/12,33028.0,51179.0,,0.9862,,,,0.0285,,,,
39 San Joaquin,C-IV,March,2012.0,2012.0,2011/12,42840.0,106305.0,,0.9833,,,,0.0267,,,,
40 San Luis Obispo,CalWIN,March,2012.0,2012.0,2011/12,9099.0,17814.0,,0.9827,,,,0.0448,,,,
41 San Mateo,CalWIN,March,2012.0,2012.0,2011/12,13060.0,27174.0,,0.9554,,,,0.0448,,,,
42 Santa Barbara,CalWIN,March,2012.0,2012.0,2011/12,14611.0,33064.0,,0.7405,,,,0.0448,,,,
43 Santa Clara,CalWIN,March,2012.0,2012.0,2011/12,47827.0,103592.0,,0.7899,,,,0.0033,,,,
44 Santa Cruz,CalWIN,March,2012.0,2012.0,2011/12,10611.0,21688.0,,0.9054,,,,0.0448,,,,
45 Shasta,C-IV,March,2012.0,2012.0,2011/12,12278.0,24810.0,,0.9689,,,,0.0448,,,,
46 Sierra,C-IV,March,2012.0,2012.0,2011/12,134.0,268.0,,1.0,,,,0.0448,,,,
47 Siskiyou,C-IV,March,2012.0,2012.0,2011/12,2679.0,6113.0,,1.0,,,,0.0448,,,,
48 Solano,CalWIN,March,2012.0,2012.0,2011/12,19346.0,39315.0,,0.9447,,,,0.0112,,,,
49 Sonoma,CalWIN,March,2012.0,2012.0,2011/12,17351.0,32706.0,,0.8673,,,,0.0448,,,,
50 Stanislaus,C-IV,March,2012.0,2012.0,2011/12,38739.0,87014.0,,1.0,,,,0.0358,,,,
51 Sutter,C-IV,March,2012.0,2012.0,2011/12,4947.0,12018.0,,0.911,,,,0.0448,,,,
52 Tehama,C-IV,March,2012.0,2012.0,2011/12,4055.0,9563.0,,0.8364,,,,0.0448,,,,
53 Trinity,C-IV,March,2012.0,2012.0,2011/12,737.0,1516.0,,1.0,,,,0.0448,,,,
54 Tulare,CalWIN,March,2012.0,2012.0,2011/12,44388.0,110084.0,,1.0,,,,0.0162,,,,
55 Tuolumne,C-IV,March,2012.0,2012.0,2011/12,2755.0,5205.0,,0.9749,,,,0.0448,,,,
56 Ventura,CalWIN,March,2012.0,2012.0,2011/12,31179.0,64972.0,,0.9947,,,,0.0158,,,,
57 Yolo,CalWIN,March,2012.0,2012.0,2011/12,7616.0,16787.0,,0.9368,,,,0.0448,,,,
58 Yuba,C-IV,March,2012.0,2012.0,2011/12,5682.0,12804.0,,1.0,,,,0.0448,,,,
00 Statewide,n/a,April,2012.0,2012.0,2011/12,1792764.0,3996483.0,,0.9755,,,,0.0416,,,,
01 Alameda,CalWIN,April,2012.0,2012.0,2011/12,60757.0,123210.0,,0.9154,,,,0.0107,,,,
02 Alpine,C-IV,April,2012.0,2012.0,2011/12,86.0,145.0,,1.0,,,,0.0461,,,,
03 Amador,C-IV,April,2012.0,2012.0,2011/12,1666.0,3214.0,,0.8963,,,,0.0461,,,,
04 Butte,C-IV,April,2012.0,2012.0,2011/12,13710.0,28623.0,,0.8696,,,,0.0461,,,,
05 Calaveras,C-IV,April,2012.0,2012.0,2011/12,2489.0,5000.0,,0.9648,,,,0.0461,,,,
06 Colusa,C-IV,April,2012.0,2012.0,2011/12,717.0,1810.0,,0.9811,,,,0.0461,,,,
07 Contra Costa,CalWIN,April,2012.0,2012.0,2011/12,32012.0,67462.0,,0.9602,,,,0.0358,,,,
08 Del Norte,C-IV,April,2012.0,2012.0,2011/12,2596.0,5423.0,,1.0,,,,0.0461,,,,
09 El Dorado,C-IV,April,2012.0,2012.0,2011/12,5990.0,11522.0,,1.0,,,,0.0461,,,,
10 Fresno,CalWIN,April,2012.0,2012.0,2011/12,87966.0,213832.0,,1.0,,,,0.0151,,,,
11 Glenn,C-IV,April,2012.0,2012.0,2011/12,1372.0,3422.0,,1.0,,,,0.0461,,,,
12 Humboldt,C-IV,April,2012.0,2012.0,2011/12,8046.0,15302.0,,0.9915,,,,0.0461,,,,
13 Imperial,C-IV,April,2012.0,2012.0,2011/12,13682.0,35099.0,,1.0,,,,0.0461,,,,
14 Inyo,C-IV,April,2012.0,2012.0,2011/12,957.0,1945.0,,0.9855,,,,0.0461,,,,
15 Kern,C-IV,April,2012.0,2012.0,2011/12,56571.0,138799.0,,0.9867,,,,0.0485,,,,
16 Kings,C-IV,April,2012.0,2012.0,2011/12,9591.0,23029.0,,1.0,,,,0.0461,,,,
17 Lake,C-IV,April,2012.0,2012.0,2011/12,5041.0,10174.0,,0.9793,,,,0.0461,,,,
18 Lassen,C-IV,April,2012.0,2012.0,2011/12,1394.0,2948.0,,0.992,,,,0.0461,,,,
19 Los Angeles,LRS,April,2012.0,2012.0,2011/12,495619.0,1059973.0,,0.9749,,,,0.0509,,,,
20 Madera,C-IV,April,2012.0,2012.0,2011/12,10542.0,26783.0,,0.9836,,,,0.0461,,,,
21 Marin,C-IV,April,2012.0,2012.0,2011/12,5464.0,9221.0,,0.968,,,,0.0461,,,,
22 Mariposa,C-IV,April,2012.0,2012.0,2011/12,875.0,1783.0,,0.9063,,,,0.0461,,,,
23 Mendocino,C-IV,April,2012.0,2012.0,2011/12,7013.0,13785.0,,0.9943,,,,0.0461,,,,
24 Merced,C-IV,April,2012.0,2012.0,2011/12,21670.0,53475.0,,0.9935,,,,0.027,,,,
25 Modoc,C-IV,April,2012.0,2012.0,2011/12,444.0,1046.0,,1.0,,,,0.0461,,,,
26 Mono,C-IV,April,2012.0,2012.0,2011/12,432.0,709.0,,0.9348,,,,0.0461,,,,
27 Monterey,C-IV,April,2012.0,2012.0,2011/12,20328.0,47110.0,,1.0,,,,0.0144,,,,
28 Napa,C-IV,April,2012.0,2012.0,2011/12,3380.0,7209.0,,0.991,,,,0.0461,,,,
29 Nevada,C-IV,April,2012.0,2012.0,2011/12,3572.0,6919.0,,0.9932,,,,0.0461,,,,
30 Orange,CalWIN,April,2012.0,2012.0,2011/12,94728.0,213200.0,,0.9987,,,,0.0174,,,,
31 Placer,CalWIN,April,2012.0,2012.0,2011/12,8182.0,18082.0,,0.9795,,,,0.0461,,,,
32 Plumas,C-IV,April,2012.0,2012.0,2011/12,737.0,1662.0,,0.9792,,,,0.0461,,,,
33 Riverside,C-IV,April,2012.0,2012.0,2011/12,105181.0,259750.0,,0.9998,,,,0.0361,,,,
34 Sacramento,CalWIN,April,2012.0,2012.0,2011/12,88694.0,200900.0,,0.9915,,,,0.0344,,,,
35 San Benito,C-IV,April,2012.0,2012.0,2011/12,2646.0,6186.0,,0.9781,,,,0.0461,,,,
36 San Bernardino,C-IV,April,2012.0,2012.0,2011/12,145844.0,350194.0,,0.9992,,,,0.0198,,,,
37 San Diego,CalWIN,April,2012.0,2012.0,2011/12,109637.0,243130.0,,0.9827,,,,0.0802,,,,
38 San Francisco,CalWIN,April,2012.0,2012.0,2011/12,32790.0,50876.0,,0.989,,,,0.0274,,,,
39 San Joaquin,C-IV,April,2012.0,2012.0,2011/12,43038.0,106481.0,,0.9805,,,,0.0277,,,,
40 San Luis Obispo,CalWIN,April,2012.0,2012.0,2011/12,8992.0,17630.0,,0.9702,,,,0.0461,,,,
41 San Mateo,CalWIN,April,2012.0,2012.0,2011/12,13057.0,27156.0,,0.9381,,,,0.0461,,,,
42 Santa Barbara,CalWIN,April,2012.0,2012.0,2011/12,14639.0,33118.0,,0.8819,,,,0.0461,,,,
43 Santa Clara,CalWIN,April,2012.0,2012.0,2011/12,47906.0,103487.0,,0.7936,,,,0.0029,,,,
44 Santa Cruz,CalWIN,April,2012.0,2012.0,2011/12,10843.0,22588.0,,0.9404,,,,0.0461,,,,
45 Shasta,C-IV,April,2012.0,2012.0,2011/12,12224.0,24673.0,,0.9714,,,,0.0461,,,,
46 Sierra,C-IV,April,2012.0,2012.0,2011/12,142.0,266.0,,1.0,,,,0.0461,,,,
47 Siskiyou,C-IV,April,2012.0,2012.0,2011/12,2695.0,6089.0,,1.0,,,,0.0461,,,,
48 Solano,CalWIN,April,2012.0,2012.0,2011/12,19375.0,39399.0,,0.9286,,,,0.0124,,,,
49 Sonoma,CalWIN,April,2012.0,2012.0,2011/12,17651.0,33291.0,,0.8773,,,,0.0461,,,,
50 Stanislaus,C-IV,April,2012.0,2012.0,2011/12,38687.0,86863.0,,1.0,,,,0.0314,,,,
51 Sutter,C-IV,April,2012.0,2012.0,2011/12,4927.0,11972.0,,0.9503,,,,0.0461,,,,
52 Tehama,C-IV,April,2012.0,2012.0,2011/12,4060.0,9592.0,,0.8972,,,,0.0461,,,,
53 Trinity,C-IV,April,2012.0,2012.0,2011/12,739.0,1513.0,,1.0,,,,0.0461,,,,
54 Tulare,CalWIN,April,2012.0,2012.0,2011/12,44257.0,109820.0,,1.0,,,,0.0139,,,,
55 Tuolumne,C-IV,April,2012.0,2012.0,2011/12,2740.0,5167.0,,0.9655,,,,0.0461,,,,
56 Ventura,CalWIN,April,2012.0,2012.0,2011/12,31039.0,64668.0,,0.9904,,,,0.0135,,,,
57 Yolo,CalWIN,April,2012.0,2012.0,2011/12,7631.0,16835.0,,0.9327,,,,0.0461,,,,
58 Yuba,C-IV,April,2012.0,2012.0,2011/12,5701.0,12923.0,,1.0,,,,0.0461,,,,
00 Statewide,n/a,May,2012.0,2012.0,2011/12,1807625.0,4020610.0,,0.9775,,,,0.0398,,,,
01 Alameda,CalWIN,May,2012.0,2012.0,2011/12,61092.0,123405.0,,0.9288,,,,0.0121,,,,
02 Alpine,C-IV,May,2012.0,2012.0,2011/12,90.0,150.0,,1.0,,,,0.0464,,,,
03 Amador,C-IV,May,2012.0,2012.0,2011/12,1705.0,3264.0,,0.9538,,,,0.0464,,,,
04 Butte,C-IV,May,2012.0,2012.0,2011/12,13829.0,28929.0,,0.8741,,,,0.0464,,,,
05 Calaveras,C-IV,May,2012.0,2012.0,2011/12,2527.0,5039.0,,0.9939,,,,0.0464,,,,
06 Colusa,C-IV,May,2012.0,2012.0,2011/12,725.0,1841.0,,1.0,,,,0.0464,,,,
07 Contra Costa,CalWIN,May,2012.0,2012.0,2011/12,32319.0,67808.0,,0.9684,,,,0.0433,,,,
08 Del Norte,C-IV,May,2012.0,2012.0,2011/12,2636.0,5496.0,,1.0,,,,0.0464,,,,
09 El Dorado,C-IV,May,2012.0,2012.0,2011/12,6107.0,11673.0,,0.9961,,,,0.0464,,,,
10 Fresno,CalWIN,May,2012.0,2012.0,2011/12,88250.0,214598.0,,1.0,,,,0.0168,,,,
11 Glenn,C-IV,May,2012.0,2012.0,2011/12,1384.0,3464.0,,1.0,,,,0.0464,,,,
12 Humboldt,C-IV,May,2012.0,2012.0,2011/12,7998.0,15256.0,,0.9695,,,,0.0464,,,,
13 Imperial,C-IV,May,2012.0,2012.0,2011/12,13835.0,35440.0,,1.0,,,,0.0464,,,,
14 Inyo,C-IV,May,2012.0,2012.0,2011/12,955.0,1962.0,,1.0,,,,0.0464,,,,
15 Kern,C-IV,May,2012.0,2012.0,2011/12,57396.0,140091.0,,0.9892,,,,0.0461,,,,
16 Kings,C-IV,May,2012.0,2012.0,2011/12,9659.0,23258.0,,0.9981,,,,0.0464,,,,
17 Lake,C-IV,May,2012.0,2012.0,2011/12,5027.0,10096.0,,0.9882,,,,0.0464,,,,
18 Lassen,C-IV,May,2012.0,2012.0,2011/12,1410.0,2971.0,,1.0,,,,0.0464,,,,
19 Los Angeles,LRS,May,2012.0,2012.0,2011/12,498379.0,1064706.0,,0.9773,,,,0.0466,,,,
20 Madera,C-IV,May,2012.0,2012.0,2011/12,10610.0,27007.0,,0.982,,,,0.0464,,,,
21 Marin,C-IV,May,2012.0,2012.0,2011/12,5480.0,9245.0,,0.9789,,,,0.0464,,,,
22 Mariposa,C-IV,May,2012.0,2012.0,2011/12,884.0,1815.0,,0.8772,,,,0.0464,,,,
23 Mendocino,C-IV,May,2012.0,2012.0,2011/12,7084.0,13412.0,,0.9944,,,,0.0464,,,,
24 Merced,C-IV,May,2012.0,2012.0,2011/12,21783.0,53737.0,,0.9938,,,,0.0268,,,,
25 Modoc,C-IV,May,2012.0,2012.0,2011/12,452.0,1059.0,,1.0,,,,0.0464,,,,
26 Mono,C-IV,May,2012.0,2012.0,2011/12,462.0,723.0,,0.9885,,,,0.0464,,,,
27 Monterey,C-IV,May,2012.0,2012.0,2011/12,20180.0,46749.0,,1.0,,,,0.0124,,,,
28 Napa,C-IV,May,2012.0,2012.0,2011/12,3445.0,7320.0,,0.9953,,,,0.0464,,,,
29 Nevada,C-IV,May,2012.0,2012.0,2011/12,3578.0,6955.0,,1.0,,,,0.0464,,,,
30 Orange,CalWIN,May,2012.0,2012.0,2011/12,95772.0,215080.0,,0.9991,,,,0.0157,,,,
31 Placer,CalWIN,May,2012.0,2012.0,2011/12,8165.0,18031.0,,0.9927,,,,0.0464,,,,
32 Plumas,C-IV,May,2012.0,2012.0,2011/12,745.0,1675.0,,0.8788,,,,0.0464,,,,
33 Riverside,C-IV,May,2012.0,2012.0,2011/12,106521.0,262634.0,,0.9999,,,,0.032,,,,
34 Sacramento,CalWIN,May,2012.0,2012.0,2011/12,89486.0,202173.0,,0.99,,,,0.0317,,,,
35 San Benito,C-IV,May,2012.0,2012.0,2011/12,2651.0,6186.0,,1.0,,,,0.0464,,,,
36 San Bernardino,C-IV,May,2012.0,2012.0,2011/12,147561.0,353538.0,,0.9993,,,,0.0212,,,,
37 San Diego,CalWIN,May,2012.0,2012.0,2011/12,110081.0,243693.0,,0.9843,,,,0.0776,,,,
38 San Francisco,CalWIN,May,2012.0,2012.0,2011/12,33109.0,51309.0,,0.9916,,,,0.0367,,,,
39 San Joaquin,C-IV,May,2012.0,2012.0,2011/12,43460.0,107138.0,,0.9769,,,,0.0337,,,,
40 San Luis Obispo,CalWIN,May,2012.0,2012.0,2011/12,8972.0,17564.0,,0.9784,,,,0.0464,,,,
41 San Mateo,CalWIN,May,2012.0,2012.0,2011/12,13356.0,27740.0,,0.9453,,,,0.0464,,,,
42 Santa Barbara,CalWIN,May,2012.0,2012.0,2011/12,14834.0,33549.0,,0.9632,,,,0.0464,,,,
43 Santa Clara,CalWIN,May,2012.0,2012.0,2011/12,48361.0,104260.0,,0.7723,,,,0.0055,,,,
44 Santa Cruz,CalWIN,May,2012.0,2012.0,2011/12,11338.0,22330.0,,0.9375,,,,0.0464,,,,
45 Shasta,C-IV,May,2012.0,2012.0,2011/12,12425.0,24940.0,,0.9725,,,,0.0464,,,,
46 Sierra,C-IV,May,2012.0,2012.0,2011/12,141.0,278.0,,1.0,,,,0.0464,,,,
47 Siskiyou,C-IV,May,2012.0,2012.0,2011/12,2701.0,6124.0,,0.9934,,,,0.0464,,,,
48 Solano,CalWIN,May,2012.0,2012.0,2011/12,19645.0,39814.0,,0.9444,,,,0.015,,,,
49 Sonoma,CalWIN,May,2012.0,2012.0,2011/12,18000.0,33816.0,,0.9148,,,,0.0464,,,,
50 Stanislaus,C-IV,May,2012.0,2012.0,2011/12,39268.0,87664.0,,1.0,,,,0.0294,,,,
51 Sutter,C-IV,May,2012.0,2012.0,2011/12,4953.0,12073.0,,0.9681,,,,0.0464,,,,
52 Tehama,C-IV,May,2012.0,2012.0,2011/12,4149.0,9775.0,,0.8793,,,,0.0464,,,,
53 Trinity,C-IV,May,2012.0,2012.0,2011/12,751.0,1526.0,,0.9818,,,,0.0464,,,,
54 Tulare,CalWIN,May,2012.0,2012.0,2011/12,44406.0,110227.0,,1.0,,,,0.0175,,,,
55 Tuolumne,C-IV,May,2012.0,2012.0,2011/12,2738.0,5124.0,,0.9892,,,,0.0464,,,,
56 Ventura,CalWIN,May,2012.0,2012.0,2011/12,31299.0,64965.0,,0.9873,,,,0.0194,,,,
57 Yolo,CalWIN,May,2012.0,2012.0,2011/12,7718.0,16948.0,,0.9299,,,,0.0464,,,,
58 Yuba,C-IV,May,2012.0,2012.0,2011/12,5738.0,12967.0,,1.0,,,,0.0464,,,,
00 Statewide,n/a,June,2012.0,2012.0,2011/12,1820349.0,4052056.0,,0.9782,,,,0.0403,,,,
01 Alameda,CalWIN,June,2012.0,2012.0,2011/12,61515.0,123937.0,,0.9279,,,,0.0134,,,,
02 Alpine,C-IV,June,2012.0,2012.0,2011/12,83.0,147.0,,1.0,,,,0.0482,,,,
03 Amador,C-IV,June,2012.0,2012.0,2011/12,1719.0,3282.0,,0.9444,,,,0.0482,,,,
04 Butte,C-IV,June,2012.0,2012.0,2011/12,13938.0,29104.0,,0.8734,,,,0.0482,,,,
05 Calaveras,C-IV,June,2012.0,2012.0,2011/12,2542.0,5021.0,,1.0,,,,0.0482,,,,
06 Colusa,C-IV,June,2012.0,2012.0,2011/12,712.0,1789.0,,0.9512,,,,0.0482,,,,
07 Contra Costa,CalWIN,June,2012.0,2012.0,2011/12,32791.0,68786.0,,0.979,,,,0.0376,,,,
08 Del Norte,C-IV,June,2012.0,2012.0,2011/12,2669.0,5533.0,,1.0,,,,0.0482,,,,
09 El Dorado,C-IV,June,2012.0,2012.0,2011/12,6188.0,11814.0,,1.0,,,,0.0482,,,,
10 Fresno,CalWIN,June,2012.0,2012.0,2011/12,88760.0,215640.0,,1.0,,,,0.0177,,,,
11 Glenn,C-IV,June,2012.0,2012.0,2011/12,1390.0,3448.0,,1.0,,,,0.0482,,,,
12 Humboldt,C-IV,June,2012.0,2012.0,2011/12,8057.0,15374.0,,0.9614,,,,0.0482,,,,
13 Imperial,C-IV,June,2012.0,2012.0,2011/12,13993.0,35889.0,,1.0,,,,0.0482,,,,
14 Inyo,C-IV,June,2012.0,2012.0,2011/12,953.0,1934.0,,1.0,,,,0.0482,,,,
15 Kern,C-IV,June,2012.0,2012.0,2011/12,57572.0,140424.0,,0.9891,,,,0.0384,,,,
16 Kings,C-IV,June,2012.0,2012.0,2011/12,9655.0,23179.0,,1.0,,,,0.0482,,,,
17 Lake,C-IV,June,2012.0,2012.0,2011/12,5081.0,10185.0,,0.937,,,,0.0482,,,,
18 Lassen,C-IV,June,2012.0,2012.0,2011/12,1403.0,2976.0,,1.0,,,,0.0482,,,,
19 Los Angeles,LRS,June,2012.0,2012.0,2011/12,505742.0,1076806.0,,0.9817,,,,0.0524,,,,
20 Madera,C-IV,June,2012.0,2012.0,2011/12,10586.0,26964.0,,0.9735,,,,0.0482,,,,
21 Marin,C-IV,June,2012.0,2012.0,2011/12,5546.0,9354.0,,0.9948,,,,0.0482,,,,
22 Mariposa,C-IV,June,2012.0,2012.0,2011/12,896.0,1832.0,,0.9375,,,,0.0482,,,,
23 Mendocino,C-IV,June,2012.0,2012.0,2011/12,7140.0,13501.0,,0.9957,,,,0.0482,,,,
24 Merced,C-IV,June,2012.0,2012.0,2011/12,22030.0,54108.0,,0.9897,,,,0.0231,,,,
25 Modoc,C-IV,June,2012.0,2012.0,2011/12,442.0,1030.0,,1.0,,,,0.0482,,,,
26 Mono,C-IV,June,2012.0,2012.0,2011/12,464.0,728.0,,0.9063,,,,0.0482,,,,
27 Monterey,C-IV,June,2012.0,2012.0,2011/12,19808.0,45809.0,,1.0,,,,0.0115,,,,
28 Napa,C-IV,June,2012.0,2012.0,2011/12,3470.0,7362.0,,0.9798,,,,0.0482,,,,
29 Nevada,C-IV,June,2012.0,2012.0,2011/12,3637.0,7046.0,,1.0,,,,0.0482,,,,
30 Orange,CalWIN,June,2012.0,2012.0,2011/12,96688.0,217206.0,,0.9983,,,,0.0147,,,,
31 Placer,CalWIN,June,2012.0,2012.0,2011/12,8193.0,17944.0,,0.9761,,,,0.0482,,,,
32 Plumas,C-IV,June,2012.0,2012.0,2011/12,753.0,1657.0,,0.9167,,,,0.0482,,,,
33 Riverside,C-IV,June,2012.0,2012.0,2011/12,107378.0,264035.0,,0.9992,,,,0.0298,,,,
34 Sacramento,CalWIN,June,2012.0,2012.0,2011/12,89961.0,203416.0,,0.9921,,,,0.0275,,,,
35 San Benito,C-IV,June,2012.0,2012.0,2011/12,2639.0,6202.0,,0.9928,,,,0.0482,,,,
36 San Bernardino,C-IV,June,2012.0,2012.0,2011/12,149831.0,358011.0,,0.9993,,,,0.0218,,,,
37 San Diego,CalWIN,June,2012.0,2012.0,2011/12,111241.0,246109.0,,0.9738,,,,0.0718,,,,
38 San Francisco,CalWIN,June,2012.0,2012.0,2011/12,33057.0,51216.0,,0.9936,,,,0.0379,,,,
39 San Joaquin,C-IV,June,2012.0,2012.0,2011/12,43705.0,107575.0,,0.9776,,,,0.0379,,,,
40 San Luis Obispo,CalWIN,June,2012.0,2012.0,2011/12,8976.0,17552.0,,0.9727,,,,0.0482,,,,
41 San Mateo,CalWIN,June,2012.0,2012.0,2011/12,13479.0,27963.0,,0.9344,,,,0.0482,,,,
42 Santa Barbara,CalWIN,June,2012.0,2012.0,2011/12,14519.0,32888.0,,0.965,,,,0.0482,,,,
43 Santa Clara,CalWIN,June,2012.0,2012.0,2011/12,49287.0,106083.0,,0.7793,,,,0.0068,,,,
44 Santa Cruz,CalWIN,June,2012.0,2012.0,2011/12,11311.0,22431.0,,0.9548,,,,0.0482,,,,
45 Shasta,C-IV,June,2012.0,2012.0,2011/12,12592.0,25228.0,,0.972,,,,0.0482,,,,
46 Sierra,C-IV,June,2012.0,2012.0,2011/12,154.0,293.0,,1.0,,,,0.0482,,,,
47 Siskiyou,C-IV,June,2012.0,2012.0,2011/12,2714.0,6116.0,,1.0,,,,0.0482,,,,
48 Solano,CalWIN,June,2012.0,2012.0,2011/12,19758.0,40092.0,,0.9451,,,,0.0148,,,,
49 Sonoma,CalWIN,June,2012.0,2012.0,2011/12,18192.0,34158.0,,0.9132,,,,0.0482,,,,
50 Stanislaus,C-IV,June,2012.0,2012.0,2011/12,39645.0,88475.0,,1.0,,,,0.0257,,,,
51 Sutter,C-IV,June,2012.0,2012.0,2011/12,4959.0,12043.0,,0.95,,,,0.0482,,,,
52 Tehama,C-IV,June,2012.0,2012.0,2011/12,4216.0,9912.0,,0.9014,,,,0.0482,,,,
53 Trinity,C-IV,June,2012.0,2012.0,2011/12,771.0,1558.0,,1.0,,,,0.0482,,,,
54 Tulare,CalWIN,June,2012.0,2012.0,2011/12,44609.0,110829.0,,1.0,,,,0.0162,,,,
55 Tuolumne,C-IV,June,2012.0,2012.0,2011/12,2767.0,5180.0,,0.9647,,,,0.0482,,,,
56 Ventura,CalWIN,June,2012.0,2012.0,2011/12,26641.0,64825.0,,0.9905,,,,0.0192,,,,
57 Yolo,CalWIN,June,2012.0,2012.0,2011/12,7752.0,16992.0,,0.8903,,,,0.0482,,,,
58 Yuba,C-IV,June,2012.0,2012.0,2011/12,5779.0,13065.0,,1.0,,,,0.0482,,,,
00 Statewide,n/a,July,2012.0,2012.0,2012/13,1843348.0,4074650.0,,0.9766,,,,0.0363,,,,
01 Alameda,CalWIN,July,2012.0,2012.0,2012/13,62045.0,124622.0,,0.9109,,,,0.0114,,,,
02 Alpine,C-IV,July,2012.0,2012.0,2012/13,84.0,147.0,,1.0,,,,0.0414,,,,
03 Amador,C-IV,July,2012.0,2012.0,2012/13,1717.0,3287.0,,0.9562,,,,0.0414,,,,
04 Butte,C-IV,July,2012.0,2012.0,2012/13,13988.0,29226.0,,0.8948,,,,0.0414,,,,
05 Calaveras,C-IV,July,2012.0,2012.0,2012/13,2522.0,4998.0,,1.0,,,,0.0414,,,,
06 Colusa,C-IV,July,2012.0,2012.0,2012/13,701.0,1728.0,,0.9375,,,,0.0414,,,,
07 Contra Costa,CalWIN,July,2012.0,2012.0,2012/13,32977.0,68789.0,,0.9652,,,,0.0323,,,,
08 Del Norte,C-IV,July,2012.0,2012.0,2012/13,2629.0,5445.0,,1.0,,,,0.0414,,,,
09 El Dorado,C-IV,July,2012.0,2012.0,2012/13,6081.0,11620.0,,1.0,,,,0.0414,,,,
10 Fresno,CalWIN,July,2012.0,2012.0,2012/13,88850.0,215016.0,,0.9677,,,,0.0162,,,,
11 Glenn,C-IV,July,2012.0,2012.0,2012/13,1389.0,3419.0,,1.0,,,,0.0414,,,,
12 Humboldt,C-IV,July,2012.0,2012.0,2012/13,8114.0,15495.0,,0.9788,,,,0.0414,,,,
13 Imperial,C-IV,July,2012.0,2012.0,2012/13,14037.0,36091.0,,1.0,,,,0.0414,,,,
14 Inyo,C-IV,July,2012.0,2012.0,2012/13,957.0,1951.0,,1.0,,,,0.0414,,,,
15 Kern,C-IV,July,2012.0,2012.0,2012/13,57915.0,140798.0,,0.9895,,,,0.0351,,,,
16 Kings,C-IV,July,2012.0,2012.0,2012/13,9624.0,22949.0,,0.9962,,,,0.0414,,,,
17 Lake,C-IV,July,2012.0,2012.0,2012/13,5041.0,10039.0,,0.9554,,,,0.0414,,,,
18 Lassen,C-IV,July,2012.0,2012.0,2012/13,1386.0,2933.0,,0.9573,,,,0.0414,,,,
19 Los Angeles,LRS,July,2012.0,2012.0,2012/13,516984.0,1093422.0,,0.9774,,,,0.0462,,,,
20 Madera,C-IV,July,2012.0,2012.0,2012/13,10437.0,26670.0,,0.9914,,,,0.0414,,,,
21 Marin,C-IV,July,2012.0,2012.0,2012/13,5541.0,9408.0,,0.9942,,,,0.0414,,,,
22 Mariposa,C-IV,July,2012.0,2012.0,2012/13,875.0,1804.0,,1.0,,,,0.0414,,,,
23 Mendocino,C-IV,July,2012.0,2012.0,2012/13,7242.0,13660.0,,0.9912,,,,0.0414,,,,
24 Merced,C-IV,July,2012.0,2012.0,2012/13,22003.0,53940.0,,0.9974,,,,0.0207,,,,
25 Modoc,C-IV,July,2012.0,2012.0,2012/13,438.0,997.0,,0.9545,,,,0.0414,,,,
26 Mono,C-IV,July,2012.0,2012.0,2012/13,447.0,709.0,,0.9091,,,,0.0414,,,,
27 Monterey,C-IV,July,2012.0,2012.0,2012/13,19325.0,44518.0,,1.0,,,,0.0129,,,,
28 Napa,C-IV,July,2012.0,2012.0,2012/13,3452.0,7287.0,,0.9952,,,,0.0414,,,,
29 Nevada,C-IV,July,2012.0,2012.0,2012/13,3667.0,7105.0,,1.0,,,,0.0414,,,,
30 Orange,CalWIN,July,2012.0,2012.0,2012/13,97956.0,218827.0,,0.9985,,,,0.0167,,,,
31 Placer,CalWIN,July,2012.0,2012.0,2012/13,8227.0,17815.0,,0.9664,,,,0.0414,,,,
32 Plumas,C-IV,July,2012.0,2012.0,2012/13,756.0,1654.0,,0.9474,,,,0.0414,,,,
33 Riverside,C-IV,July,2012.0,2012.0,2012/13,109234.0,267997.0,,0.9996,,,,0.03,,,,
34 Sacramento,CalWIN,July,2012.0,2012.0,2012/13,90856.0,204104.0,,0.9698,,,,0.0284,,,,
35 San Benito,C-IV,July,2012.0,2012.0,2012/13,2609.0,6114.0,,0.9873,,,,0.0414,,,,
36 San Bernardino,C-IV,July,2012.0,2012.0,2012/13,151637.0,361404.0,,0.9994,,,,0.0201,,,,
37 San Diego,CalWIN,July,2012.0,2012.0,2012/13,112361.0,246971.0,,0.9718,,,,0.0723,,,,
38 San Francisco,CalWIN,July,2012.0,2012.0,2012/13,32910.0,50894.0,,0.9763,,,,0.0341,,,,
39 San Joaquin,C-IV,July,2012.0,2012.0,2012/13,43790.0,107532.0,,0.9815,,,,0.0347,,,,
40 San Luis Obispo,CalWIN,July,2012.0,2012.0,2012/13,8899.0,17269.0,,0.9745,,,,0.0414,,,,
41 San Mateo,CalWIN,July,2012.0,2012.0,2012/13,13612.0,28106.0,,0.9523,,,,0.0414,,,,
42 Santa Barbara,CalWIN,July,2012.0,2012.0,2012/13,14197.0,32030.0,,0.9601,,,,0.0414,,,,
43 Santa Clara,CalWIN,July,2012.0,2012.0,2012/13,49038.0,105676.0,,0.8087,,,,0.0086,,,,
44 Santa Cruz,CalWIN,July,2012.0,2012.0,2012/13,10984.0,22390.0,,0.9625,,,,0.0414,,,,
45 Shasta,C-IV,July,2012.0,2012.0,2012/13,12445.0,25025.0,,0.9788,,,,0.0414,,,,
46 Sierra,C-IV,July,2012.0,2012.0,2012/13,156.0,302.0,,1.0,,,,0.0414,,,,
47 Siskiyou,C-IV,July,2012.0,2012.0,2012/13,2719.0,6100.0,,1.0,,,,0.0414,,,,
48 Solano,CalWIN,July,2012.0,2012.0,2012/13,19954.0,40161.0,,0.9349,,,,0.0144,,,,
49 Sonoma,CalWIN,July,2012.0,2012.0,2012/13,18390.0,34447.0,,0.8992,,,,0.0414,,,,
50 Stanislaus,C-IV,July,2012.0,2012.0,2012/13,40036.0,88848.0,,0.9996,,,,0.0273,,,,
51 Sutter,C-IV,July,2012.0,2012.0,2012/13,4961.0,11946.0,,0.9511,,,,0.0414,,,,
52 Tehama,C-IV,July,2012.0,2012.0,2012/13,4219.0,9899.0,,0.9129,,,,0.0414,,,,
53 Trinity,C-IV,July,2012.0,2012.0,2012/13,776.0,1557.0,,0.9792,,,,0.0414,,,,
54 Tulare,CalWIN,July,2012.0,2012.0,2012/13,44577.0,110086.0,,1.0,,,,0.0212,,,,
55 Tuolumne,C-IV,July,2012.0,2012.0,2012/13,2755.0,5103.0,,0.9784,,,,0.0414,,,,
56 Ventura,CalWIN,July,2012.0,2012.0,2012/13,31284.0,64382.0,,0.987,,,,0.0183,,,,
57 Yolo,CalWIN,July,2012.0,2012.0,2012/13,7766.0,16880.0,,0.8733,,,,0.0414,,,,
58 Yuba,C-IV,July,2012.0,2012.0,2012/13,5776.0,13058.0,,1.0,,,,0.0414,,,,
00 Statewide,n/a,August,2012.0,2012.0,2012/13,1860414.0,4102934.0,,0.9762,,,,0.036,,,,
01 Alameda,CalWIN,August,2012.0,2012.0,2012/13,62555.0,125468.0,,0.9066,,,,0.0137,,,,
02 Alpine,C-IV,August,2012.0,2012.0,2012/13,80.0,142.0,,1.0,,,,0.0527,,,,
03 Amador,C-IV,August,2012.0,2012.0,2012/13,1717.0,3287.0,,0.9701,,,,0.0527,,,,
04 Butte,C-IV,August,2012.0,2012.0,2012/13,14138.0,29551.0,,0.9046,,,,0.0527,,,,
05 Calaveras,C-IV,August,2012.0,2012.0,2012/13,2518.0,5007.0,,0.9809,,,,0.0527,,,,
06 Colusa,C-IV,August,2012.0,2012.0,2012/13,669.0,1661.0,,1.0,,,,0.0527,,,,
07 Contra Costa,CalWIN,August,2012.0,2012.0,2012/13,33263.0,69279.0,,0.9637,,,,0.0312,,,,
08 Del Norte,C-IV,August,2012.0,2012.0,2012/13,2612.0,5394.0,,1.0,,,,0.0527,,,,
09 El Dorado,C-IV,August,2012.0,2012.0,2012/13,6124.0,11702.0,,1.0,,,,0.0527,,,,
10 Fresno,CalWIN,August,2012.0,2012.0,2012/13,89116.0,215482.0,,0.9757,,,,0.0149,,,,
11 Glenn,C-IV,August,2012.0,2012.0,2012/13,1406.0,3464.0,,1.0,,,,0.0527,,,,
12 Humboldt,C-IV,August,2012.0,2012.0,2012/13,8139.0,15566.0,,0.9809,,,,0.0527,,,,
13 Imperial,C-IV,August,2012.0,2012.0,2012/13,14277.0,36706.0,,1.0,,,,0.0527,,,,
14 Inyo,C-IV,August,2012.0,2012.0,2012/13,973.0,1947.0,,1.0,,,,0.0527,,,,
15 Kern,C-IV,August,2012.0,2012.0,2012/13,58169.0,140863.0,,0.9911,,,,0.0335,,,,
16 Kings,C-IV,August,2012.0,2012.0,2012/13,9603.0,22770.0,,0.9984,,,,0.0527,,,,
17 Lake,C-IV,August,2012.0,2012.0,2012/13,5105.0,10163.0,,0.9443,,,,0.0527,,,,
18 Lassen,C-IV,August,2012.0,2012.0,2012/13,1418.0,2965.0,,0.9613,,,,0.0527,,,,
19 Los Angeles,LRS,August,2012.0,2012.0,2012/13,524410.0,1104054.0,,0.9772,,,,0.0404,,,,
20 Madera,C-IV,August,2012.0,2012.0,2012/13,10373.0,26485.0,,0.9934,,,,0.0527,,,,
21 Marin,C-IV,August,2012.0,2012.0,2012/13,5627.0,9516.0,,0.9952,,,,0.0527,,,,
22 Mariposa,C-IV,August,2012.0,2012.0,2012/13,866.0,1776.0,,0.9091,,,,0.0527,,,,
23 Mendocino,C-IV,August,2012.0,2012.0,2012/13,7152.0,13585.0,,0.9978,,,,0.0527,,,,
24 Merced,C-IV,August,2012.0,2012.0,2012/13,21946.0,53768.0,,0.9977,,,,0.0183,,,,
25 Modoc,C-IV,August,2012.0,2012.0,2012/13,426.0,977.0,,1.0,,,,0.0527,,,,
26 Mono,C-IV,August,2012.0,2012.0,2012/13,398.0,649.0,,0.9565,,,,0.0527,,,,
27 Monterey,C-IV,August,2012.0,2012.0,2012/13,18884.0,43212.0,,1.0,,,,0.0177,,,,
28 Napa,C-IV,August,2012.0,2012.0,2012/13,3451.0,7306.0,,1.0,,,,0.0527,,,,
29 Nevada,C-IV,August,2012.0,2012.0,2012/13,3740.0,7207.0,,1.0,,,,0.0527,,,,
30 Orange,CalWIN,August,2012.0,2012.0,2012/13,98746.0,220769.0,,0.9982,,,,0.0154,,,,
31 Placer,CalWIN,August,2012.0,2012.0,2012/13,8204.0,17909.0,,0.9928,,,,0.0527,,,,
32 Plumas,C-IV,August,2012.0,2012.0,2012/13,741.0,1607.0,,0.8,,,,0.0527,,,,
33 Riverside,C-IV,August,2012.0,2012.0,2012/13,111099.0,272134.0,,0.9995,,,,0.0323,,,,
34 Sacramento,CalWIN,August,2012.0,2012.0,2012/13,91580.0,205500.0,,0.9838,,,,0.0258,,,,
35 San Benito,C-IV,August,2012.0,2012.0,2012/13,2595.0,6117.0,,0.994,,,,0.0527,,,,
36 San Bernardino,C-IV,August,2012.0,2012.0,2012/13,153893.0,365866.0,,0.9989,,,,0.0181,,,,
37 San Diego,CalWIN,August,2012.0,2012.0,2012/13,113489.0,249684.0,,0.9755,,,,0.0702,,,,
38 San Francisco,CalWIN,August,2012.0,2012.0,2012/13,32841.0,50933.0,,0.9868,,,,0.0332,,,,
39 San Joaquin,C-IV,August,2012.0,2012.0,2012/13,44107.0,108183.0,,0.9782,,,,0.0324,,,,
40 San Luis Obispo,CalWIN,August,2012.0,2012.0,2012/13,8927.0,17347.0,,0.95,,,,0.0527,,,,
41 San Mateo,CalWIN,August,2012.0,2012.0,2012/13,13763.0,28401.0,,0.9652,,,,0.0527,,,,
42 Santa Barbara,CalWIN,August,2012.0,2012.0,2012/13,13975.0,31461.0,,0.9398,,,,0.0527,,,,
43 Santa Clara,CalWIN,August,2012.0,2012.0,2012/13,49436.0,106330.0,,0.7423,,,,0.0079,,,,
44 Santa Cruz,CalWIN,August,2012.0,2012.0,2012/13,11085.0,21747.0,,0.9538,,,,0.0527,,,,
45 Shasta,C-IV,August,2012.0,2012.0,2012/13,12488.0,25041.0,,0.981,,,,0.0527,,,,
46 Sierra,C-IV,August,2012.0,2012.0,2012/13,161.0,320.0,,1.0,,,,0.0527,,,,
47 Siskiyou,C-IV,August,2012.0,2012.0,2012/13,2760.0,6152.0,,1.0,,,,0.0527,,,,
48 Solano,CalWIN,August,2012.0,2012.0,2012/13,20234.0,40547.0,,0.946,,,,0.0138,,,,
49 Sonoma,CalWIN,August,2012.0,2012.0,2012/13,18538.0,34559.0,,0.9397,,,,0.0527,,,,
50 Stanislaus,C-IV,August,2012.0,2012.0,2012/13,40192.0,89039.0,,0.9996,,,,0.0245,,,,
51 Sutter,C-IV,August,2012.0,2012.0,2012/13,4944.0,11872.0,,0.9685,,,,0.0527,,,,
52 Tehama,C-IV,August,2012.0,2012.0,2012/13,4232.0,9952.0,,0.9182,,,,0.0527,,,,
53 Trinity,C-IV,August,2012.0,2012.0,2012/13,794.0,1577.0,,1.0,,,,0.0527,,,,
54 Tulare,CalWIN,August,2012.0,2012.0,2012/13,44742.0,110073.0,,1.0,,,,0.0189,,,,
55 Tuolumne,C-IV,August,2012.0,2012.0,2012/13,2740.0,5091.0,,0.9677,,,,0.0527,,,,
56 Ventura,CalWIN,August,2012.0,2012.0,2012/13,31392.0,64911.0,,0.9828,,,,0.0165,,,,
57 Yolo,CalWIN,August,2012.0,2012.0,2012/13,7799.0,16828.0,,0.9069,,,,0.0527,,,,
58 Yuba,C-IV,August,2012.0,2012.0,2012/13,5762.0,13032.0,,0.9944,,,,0.0527,,,,
00 Statewide,n/a,September,2012.0,2012.0,2012/13,1865844.0,4114954.0,,0.9777,,,,0.0364,,,,
01 Alameda,CalWIN,September,2012.0,2012.0,2012/13,62419.0,125584.0,,0.9097,,,,0.0158,,,,
02 Alpine,C-IV,September,2012.0,2012.0,2012/13,77.0,142.0,,1.0,,,,0.0545,,,,
03 Amador,C-IV,September,2012.0,2012.0,2012/13,1722.0,3329.0,,0.9402,,,,0.0545,,,,
04 Butte,C-IV,September,2012.0,2012.0,2012/13,14141.0,29643.0,,0.9154,,,,0.0545,,,,
05 Calaveras,C-IV,September,2012.0,2012.0,2012/13,2506.0,4989.0,,0.9779,,,,0.0545,,,,
06 Colusa,C-IV,September,2012.0,2012.0,2012/13,654.0,1627.0,,1.0,,,,0.0545,,,,
07 Contra Costa,CalWIN,September,2012.0,2012.0,2012/13,33342.0,69471.0,,0.9382,,,,0.0356,,,,
08 Del Norte,C-IV,September,2012.0,2012.0,2012/13,2582.0,5320.0,,1.0,,,,0.0545,,,,
09 El Dorado,C-IV,September,2012.0,2012.0,2012/13,6115.0,11631.0,,1.0,,,,0.0545,,,,
10 Fresno,CalWIN,September,2012.0,2012.0,2012/13,88912.0,215194.0,,0.981,,,,0.0145,,,,
11 Glenn,C-IV,September,2012.0,2012.0,2012/13,1385.0,3438.0,,1.0,,,,0.0545,,,,
12 Humboldt,C-IV,September,2012.0,2012.0,2012/13,8190.0,15554.0,,0.9738,,,,0.0545,,,,
13 Imperial,C-IV,September,2012.0,2012.0,2012/13,14334.0,36946.0,,0.9971,,,,0.0545,,,,
14 Inyo,C-IV,September,2012.0,2012.0,2012/13,983.0,1985.0,,0.973,,,,0.0545,,,,
15 Kern,C-IV,September,2012.0,2012.0,2012/13,58019.0,141067.0,,0.9857,,,,0.0317,,,,
16 Kings,C-IV,September,2012.0,2012.0,2012/13,9504.0,22575.0,,0.9977,,,,0.0545,,,,
17 Lake,C-IV,September,2012.0,2012.0,2012/13,5086.0,10125.0,,0.9528,,,,0.0545,,,,
18 Lassen,C-IV,September,2012.0,2012.0,2012/13,1402.0,2943.0,,0.973,,,,0.0545,,,,
19 Los Angeles,LRS,September,2012.0,2012.0,2012/13,529333.0,1110832.0,,0.9751,,,,0.0369,,,,
20 Madera,C-IV,September,2012.0,2012.0,2012/13,10178.0,25929.0,,0.9847,,,,0.0545,,,,
21 Marin,C-IV,September,2012.0,2012.0,2012/13,5582.0,9472.0,,0.9743,,,,0.0545,,,,
22 Mariposa,C-IV,September,2012.0,2012.0,2012/13,849.0,1735.0,,0.9111,,,,0.0545,,,,
23 Mendocino,C-IV,September,2012.0,2012.0,2012/13,7173.0,13532.0,,0.9882,,,,0.0545,,,,
24 Merced,C-IV,September,2012.0,2012.0,2012/13,21889.0,53436.0,,0.9965,,,,0.0195,,,,
25 Modoc,C-IV,September,2012.0,2012.0,2012/13,427.0,977.0,,1.0,,,,0.0545,,,,
26 Mono,C-IV,September,2012.0,2012.0,2012/13,379.0,624.0,,0.9722,,,,0.0545,,,,
27 Monterey,C-IV,September,2012.0,2012.0,2012/13,18446.0,42071.0,,1.0,,,,0.0193,,,,
28 Napa,C-IV,September,2012.0,2012.0,2012/13,3371.0,7161.0,,0.9888,,,,0.0545,,,,
29 Nevada,C-IV,September,2012.0,2012.0,2012/13,3704.0,7139.0,,0.9958,,,,0.0545,,,,
30 Orange,CalWIN,September,2012.0,2012.0,2012/13,99471.0,222579.0,,0.998,,,,0.0185,,,,
31 Placer,CalWIN,September,2012.0,2012.0,2012/13,8131.0,17793.0,,0.9881,,,,0.0545,,,,
32 Plumas,C-IV,September,2012.0,2012.0,2012/13,731.0,1592.0,,1.0,,,,0.0545,,,,
33 Riverside,C-IV,September,2012.0,2012.0,2012/13,111790.0,273290.0,,0.9999,,,,0.0366,,,,
34 Sacramento,CalWIN,September,2012.0,2012.0,2012/13,92050.0,207217.0,,0.9871,,,,0.0249,,,,
35 San Benito,C-IV,September,2012.0,2012.0,2012/13,2604.0,6120.0,,0.9882,,,,0.0545,,,,
36 San Bernardino,C-IV,September,2012.0,2012.0,2012/13,154161.0,366371.0,,0.9992,,,,0.0173,,,,
37 San Diego,CalWIN,September,2012.0,2012.0,2012/13,113514.0,251038.0,,0.9788,,,,0.0728,,,,
38 San Francisco,CalWIN,September,2012.0,2012.0,2012/13,32640.0,50991.0,,0.9839,,,,0.0343,,,,
39 San Joaquin,C-IV,September,2012.0,2012.0,2012/13,44289.0,108441.0,,0.9852,,,,0.0287,,,,
40 San Luis Obispo,CalWIN,September,2012.0,2012.0,2012/13,8822.0,17266.0,,0.9471,,,,0.0545,,,,
41 San Mateo,CalWIN,September,2012.0,2012.0,2012/13,13760.0,28677.0,,0.9436,,,,0.0545,,,,
42 Santa Barbara,CalWIN,September,2012.0,2012.0,2012/13,13910.0,31429.0,,0.9427,,,,0.0545,,,,
43 Santa Clara,CalWIN,September,2012.0,2012.0,2012/13,49712.0,106913.0,,0.8868,,,,0.0081,,,,
44 Santa Cruz,CalWIN,September,2012.0,2012.0,2012/13,10919.0,21311.0,,0.9513,,,,0.0545,,,,
45 Shasta,C-IV,September,2012.0,2012.0,2012/13,12394.0,24885.0,,0.9741,,,,0.0545,,,,
46 Sierra,C-IV,September,2012.0,2012.0,2012/13,153.0,280.0,,1.0,,,,0.0545,,,,
47 Siskiyou,C-IV,September,2012.0,2012.0,2012/13,2725.0,6094.0,,1.0,,,,0.0545,,,,
48 Solano,CalWIN,September,2012.0,2012.0,2012/13,20106.0,40560.0,,0.9403,,,,0.0133,,,,
49 Sonoma,CalWIN,September,2012.0,2012.0,2012/13,18393.0,34383.0,,0.9472,,,,0.0545,,,,
50 Stanislaus,C-IV,September,2012.0,2012.0,2012/13,40425.0,89189.0,,1.0,,,,0.0228,,,,
51 Sutter,C-IV,September,2012.0,2012.0,2012/13,4896.0,11771.0,,0.9492,,,,0.0545,,,,
52 Tehama,C-IV,September,2012.0,2012.0,2012/13,4207.0,9846.0,,0.9091,,,,0.0545,,,,
53 Trinity,C-IV,September,2012.0,2012.0,2012/13,818.0,1641.0,,1.0,,,,0.0545,,,,
54 Tulare,CalWIN,September,2012.0,2012.0,2012/13,44792.0,110476.0,,1.0,,,,0.0181,,,,
55 Tuolumne,C-IV,September,2012.0,2012.0,2012/13,2751.0,5122.0,,0.9779,,,,0.0545,,,,
56 Ventura,CalWIN,September,2012.0,2012.0,2012/13,31490.0,65458.0,,0.9858,,,,0.0157,,,,
57 Yolo,CalWIN,September,2012.0,2012.0,2012/13,7792.0,16907.0,,0.875,,,,0.0545,,,,
58 Yuba,C-IV,September,2012.0,2012.0,2012/13,5694.0,12843.0,,1.0,,,,0.0545,,,,
00 Statewide,n/a,October,2012.0,2013.0,2012/13,1887860.0,4147355.0,7645254.0,0.9772,,,,0.0316,,,,
01 Alameda,CalWIN,October,2012.0,2013.0,2012/13,63121.0,126571.0,254233.0,0.9265,,,,0.0483,,,,
02 Alpine,C-IV,October,2012.0,2013.0,2012/13,80.0,137.0,194.0,1.0,,,,0.0673,,,,
03 Amador,C-IV,October,2012.0,2013.0,2012/13,1733.0,3340.0,4488.0,0.973,,,,0.0673,,,,
04 Butte,C-IV,October,2012.0,2013.0,2012/13,14325.0,29899.0,51428.0,0.9155,,,,0.0673,,,,
05 Calaveras,C-IV,October,2012.0,2013.0,2012/13,2491.0,4951.0,6728.0,0.9872,,,,0.0673,,,,
06 Colusa,C-IV,October,2012.0,2013.0,2012/13,648.0,1600.0,4648.0,1.0,,,,0.0673,,,,
07 Contra Costa,CalWIN,October,2012.0,2013.0,2012/13,33886.0,70227.0,145033.0,0.9413,,,,0.0,,,,
08 Del Norte,C-IV,October,2012.0,2013.0,2012/13,2566.0,5247.0,7975.0,1.0,,,,0.0673,,,,
09 El Dorado,C-IV,October,2012.0,2013.0,2012/13,6224.0,11772.0,19065.0,1.0,,,,0.0673,,,,
10 Fresno,CalWIN,October,2012.0,2013.0,2012/13,89468.0,215286.0,318070.0,0.9843,,,,0.0,,,,
11 Glenn,C-IV,October,2012.0,2013.0,2012/13,1392.0,3436.0,7204.0,1.0,,,,0.0673,,,,
12 Humboldt,C-IV,October,2012.0,2013.0,2012/13,8197.0,15547.0,27223.0,0.988,,,,0.0673,,,,
13 Imperial,C-IV,October,2012.0,2013.0,2012/13,14563.0,37524.0,59303.0,0.9976,,,,0.0673,,,,
14 Inyo,C-IV,October,2012.0,2013.0,2012/13,974.0,1967.0,3527.0,0.9828,,,,0.0673,,,,
15 Kern,C-IV,October,2012.0,2013.0,2012/13,58235.0,140403.0,240923.0,0.9857,,,,0.0,,,,
16 Kings,C-IV,October,2012.0,2013.0,2012/13,9527.0,22594.0,36106.0,0.9935,,,,0.0673,,,,
17 Lake,C-IV,October,2012.0,2013.0,2012/13,5076.0,10118.0,17864.0,0.9826,,,,0.0673,,,,
18 Lassen,C-IV,October,2012.0,2013.0,2012/13,1408.0,2956.0,4847.0,0.9779,,,,0.0673,,,,
19 Los Angeles,LRS,October,2012.0,2013.0,2012/13,538221.0,1124832.0,2407450.0,0.9717,,,,0.0,,,,
20 Madera,C-IV,October,2012.0,2013.0,2012/13,10184.0,25845.0,45470.0,0.9845,,,,0.0673,,,,
21 Marin,C-IV,October,2012.0,2013.0,2012/13,5639.0,9538.0,22643.0,0.9707,,,,0.0673,,,,
22 Mariposa,C-IV,October,2012.0,2013.0,2012/13,851.0,1746.0,2835.0,0.8727,,,,0.0673,,,,
23 Mendocino,C-IV,October,2012.0,2013.0,2012/13,7216.0,13612.0,23247.0,0.9944,,,,0.0673,,,,
24 Merced,C-IV,October,2012.0,2013.0,2012/13,21978.0,53540.0,85164.0,0.996,,,,0.0156,,,,
25 Modoc,C-IV,October,2012.0,2013.0,2012/13,425.0,959.0,2045.0,1.0,,,,0.0673,,,,
26 Mono,C-IV,October,2012.0,2013.0,2012/13,379.0,619.0,1410.0,0.9672,,,,0.0673,,,,
27 Monterey,C-IV,October,2012.0,2013.0,2012/13,18468.0,41994.0,95874.0,1.0,,,,0.0,,,,
28 Napa,C-IV,October,2012.0,2013.0,2012/13,3387.0,7181.0,16917.0,0.9298,,,,0.0673,,,,
29 Nevada,C-IV,October,2012.0,2013.0,2012/13,3830.0,7339.0,11625.0,1.0,,,,0.0673,,,,
30 Orange,CalWIN,October,2012.0,2013.0,2012/13,101210.0,225212.0,463424.0,0.9965,,,,0.0,,,,
31 Placer,CalWIN,October,2012.0,2013.0,2012/13,8252.0,17834.0,31370.0,0.9814,,,,0.0673,,,,
32 Plumas,C-IV,October,2012.0,2013.0,2012/13,772.0,1612.0,3256.0,0.859,,,,0.0673,,,,
33 Riverside,C-IV,October,2012.0,2013.0,2012/13,113640.0,276481.0,411248.0,0.9992,,,,0.0158,,,,
34 Sacramento,CalWIN,October,2012.0,2013.0,2012/13,93411.0,208709.0,327831.0,0.9874,,,,0.0,,,,
35 San Benito,C-IV,October,2012.0,2013.0,2012/13,2580.0,6053.0,10239.0,1.0,,,,0.0673,,,,
36 San Bernardino,C-IV,October,2012.0,2013.0,2012/13,155859.0,368935.0,489934.0,0.9989,,,,0.0243,,,,
37 San Diego,CalWIN,October,2012.0,2013.0,2012/13,115372.0,253631.0,445965.0,0.9786,,,,0.0588,,,,
38 San Francisco,CalWIN,October,2012.0,2013.0,2012/13,32845.0,50994.0,135294.0,0.9825,,,,0.0423,,,,
39 San Joaquin,C-IV,October,2012.0,2013.0,2012/13,44548.0,108719.0,181644.0,0.9862,,,,0.0141,,,,
40 San Luis Obispo,CalWIN,October,2012.0,2013.0,2012/13,8995.0,17603.0,33483.0,0.9463,,,,0.0673,,,,
41 San Mateo,CalWIN,October,2012.0,2013.0,2012/13,13945.0,28900.0,79228.0,0.9415,,,,0.0673,,,,
42 Santa Barbara,CalWIN,October,2012.0,2013.0,2012/13,14027.0,31696.0,81233.0,0.9508,,,,0.0673,,,,
43 Santa Clara,CalWIN,October,2012.0,2013.0,2012/13,50330.0,108071.0,264004.0,0.8748,,,,0.0,,,,
44 Santa Cruz,CalWIN,October,2012.0,2013.0,2012/13,10856.0,21161.0,42479.0,0.9544,,,,0.0673,,,,
45 Shasta,C-IV,October,2012.0,2013.0,2012/13,12319.0,24689.0,40807.0,0.9758,,,,0.0673,,,,
46 Sierra,C-IV,October,2012.0,2013.0,2012/13,155.0,292.0,507.0,1.0,,,,0.0673,,,,
47 Siskiyou,C-IV,October,2012.0,2013.0,2012/13,2747.0,6114.0,10740.0,1.0,,,,0.0673,,,,
48 Solano,CalWIN,October,2012.0,2013.0,2012/13,20526.0,41119.0,69053.0,0.9495,,,,0.1035,,,,
49 Sonoma,CalWIN,October,2012.0,2013.0,2012/13,18467.0,34288.0,64678.0,0.9499,,,,0.0673,,,,
50 Stanislaus,C-IV,October,2012.0,2013.0,2012/13,40651.0,89458.0,138043.0,1.0,,,,0.0084,,,,
51 Sutter,C-IV,October,2012.0,2013.0,2012/13,4941.0,11901.0,23564.0,0.9517,,,,0.0673,,,,
52 Tehama,C-IV,October,2012.0,2013.0,2012/13,4168.0,9693.0,17288.0,0.9344,,,,0.0673,,,,
53 Trinity,C-IV,October,2012.0,2013.0,2012/13,825.0,1638.0,2821.0,0.9153,,,,0.0673,,,,
54 Tulare,CalWIN,October,2012.0,2013.0,2012/13,43609.0,110559.0,170246.0,1.0,,,,0.0085,,,,
55 Tuolumne,C-IV,October,2012.0,2013.0,2012/13,2785.0,5153.0,8222.0,0.9703,,,,0.0673,,,,
56 Ventura,CalWIN,October,2012.0,2013.0,2012/13,31902.0,66179.0,123794.0,0.9867,,,,0.0129,,,,
57 Yolo,CalWIN,October,2012.0,2013.0,2012/13,7861.0,16929.0,31160.0,0.9064,,,,0.0673,,,,
58 Yuba,C-IV,October,2012.0,2013.0,2012/13,5770.0,12952.0,20160.0,1.0,,,,0.0673,,,,
00 Statewide,n/a,November,2012.0,2013.0,2012/13,1886752.0,4148516.0,7632676.0,0.975,,,,0.0333,,,,
01 Alameda,CalWIN,November,2012.0,2013.0,2012/13,63073.0,126787.0,254072.0,0.9171,,,,0.0392,,,,
02 Alpine,C-IV,November,2012.0,2013.0,2012/13,79.0,143.0,210.0,1.0,,,,0.0632,,,,
03 Amador,C-IV,November,2012.0,2013.0,2012/13,1732.0,3342.0,4481.0,0.9298,,,,0.0632,,,,
04 Butte,C-IV,November,2012.0,2013.0,2012/13,14243.0,29834.0,51075.0,0.9111,,,,0.0632,,,,
05 Calaveras,C-IV,November,2012.0,2013.0,2012/13,2518.0,4971.0,6731.0,0.9724,,,,0.0632,,,,
06 Colusa,C-IV,November,2012.0,2013.0,2012/13,669.0,1679.0,4593.0,1.0,,,,0.0632,,,,
07 Contra Costa,CalWIN,November,2012.0,2013.0,2012/13,33534.0,69766.0,144780.0,0.9487,,,,0.0,,,,
08 Del Norte,C-IV,November,2012.0,2013.0,2012/13,2569.0,5245.0,7891.0,1.0,,,,0.0632,,,,
09 El Dorado,C-IV,November,2012.0,2013.0,2012/13,6272.0,11775.0,19096.0,0.9946,,,,0.0632,,,,
10 Fresno,CalWIN,November,2012.0,2013.0,2012/13,89439.0,216548.0,318268.0,0.9717,,,,0.0,,,,
11 Glenn,C-IV,November,2012.0,2013.0,2012/13,1398.0,3451.0,7195.0,1.0,,,,0.0632,,,,
12 Humboldt,C-IV,November,2012.0,2013.0,2012/13,8064.0,15354.0,27156.0,0.9767,,,,0.0632,,,,
13 Imperial,C-IV,November,2012.0,2013.0,2012/13,14584.0,37431.0,59096.0,0.9985,,,,0.0632,,,,
14 Inyo,C-IV,November,2012.0,2013.0,2012/13,954.0,1927.0,3505.0,1.0,,,,0.0632,,,,
15 Kern,C-IV,November,2012.0,2013.0,2012/13,58319.0,141068.0,240932.0,0.9843,,,,0.0068,,,,
16 Kings,C-IV,November,2012.0,2013.0,2012/13,9603.0,22819.0,36049.0,0.9937,,,,0.0632,,,,
17 Lake,C-IV,November,2012.0,2013.0,2012/13,5108.0,10220.0,17923.0,0.9686,,,,0.0632,,,,
18 Lassen,C-IV,November,2012.0,2013.0,2012/13,1408.0,2936.0,4817.0,0.9744,,,,0.0632,,,,
19 Los Angeles,LRS,November,2012.0,2013.0,2012/13,538717.0,1124010.0,2399276.0,0.9692,,,,0.0,,,,
20 Madera,C-IV,November,2012.0,2013.0,2012/13,10166.0,25747.0,45526.0,0.9876,,,,0.0632,,,,
21 Marin,C-IV,November,2012.0,2013.0,2012/13,5587.0,9463.0,22691.0,0.9652,,,,0.0632,,,,
22 Mariposa,C-IV,November,2012.0,2013.0,2012/13,861.0,1770.0,2850.0,0.9403,,,,0.0632,,,,
23 Mendocino,C-IV,November,2012.0,2013.0,2012/13,7186.0,13527.0,23237.0,0.9912,,,,0.0632,,,,
24 Merced,C-IV,November,2012.0,2013.0,2012/13,22076.0,53886.0,85067.0,1.0,,,,0.0065,,,,
25 Modoc,C-IV,November,2012.0,2013.0,2012/13,425.0,973.0,2049.0,1.0,,,,0.0632,,,,
26 Mono,C-IV,November,2012.0,2013.0,2012/13,409.0,673.0,1422.0,1.0,,,,0.0632,,,,
27 Monterey,C-IV,November,2012.0,2013.0,2012/13,18349.0,42061.0,95707.0,1.0,,,,0.0,,,,
28 Napa,C-IV,November,2012.0,2013.0,2012/13,3352.0,7101.0,16930.0,0.7547,,,,0.0632,,,,
29 Nevada,C-IV,November,2012.0,2013.0,2012/13,3810.0,7313.0,11572.0,0.9922,,,,0.0632,,,,
30 Orange,CalWIN,November,2012.0,2013.0,2012/13,101438.0,226729.0,462783.0,0.9979,,,,0.0162,,,,
31 Placer,CalWIN,November,2012.0,2013.0,2012/13,8217.0,17796.0,31232.0,0.9903,,,,0.0632,,,,
32 Plumas,C-IV,November,2012.0,2013.0,2012/13,785.0,1689.0,3263.0,0.8873,,,,0.0632,,,,
33 Riverside,C-IV,November,2012.0,2013.0,2012/13,113352.0,275801.0,411351.0,0.9964,,,,0.0395,,,,
34 Sacramento,CalWIN,November,2012.0,2013.0,2012/13,92966.0,208927.0,327994.0,0.9925,,,,0.0053,,,,
35 San Benito,C-IV,November,2012.0,2013.0,2012/13,2573.0,6051.0,10343.0,0.9943,,,,0.0632,,,,
36 San Bernardino,C-IV,November,2012.0,2013.0,2012/13,155820.0,368399.0,490020.0,0.9992,,,,0.0108,,,,
37 San Diego,CalWIN,November,2012.0,2013.0,2012/13,114145.0,252958.0,446458.0,0.9757,,,,0.064,,,,
38 San Francisco,CalWIN,November,2012.0,2013.0,2012/13,32395.0,50657.0,134837.0,0.978,,,,0.0385,,,,
39 San Joaquin,C-IV,November,2012.0,2013.0,2012/13,44836.0,109159.0,181603.0,0.9882,,,,0.0198,,,,
40 San Luis Obispo,CalWIN,November,2012.0,2013.0,2012/13,8925.0,17454.0,33444.0,0.9591,,,,0.0632,,,,
41 San Mateo,CalWIN,November,2012.0,2013.0,2012/13,13865.0,28849.0,79153.0,0.9308,,,,0.0632,,,,
42 Santa Barbara,CalWIN,November,2012.0,2013.0,2012/13,13803.0,31308.0,80937.0,0.9309,,,,0.0632,,,,
43 Santa Clara,CalWIN,November,2012.0,2013.0,2012/13,50515.0,108486.0,263465.0,0.9062,,,,0.0,,,,
44 Santa Cruz,CalWIN,November,2012.0,2013.0,2012/13,11023.0,21579.0,42308.0,0.9416,,,,0.0632,,,,
45 Shasta,C-IV,November,2012.0,2013.0,2012/13,12092.0,24172.0,40461.0,0.9453,,,,0.0632,,,,
46 Sierra,C-IV,November,2012.0,2013.0,2012/13,154.0,288.0,510.0,1.0,,,,0.0632,,,,
47 Siskiyou,C-IV,November,2012.0,2013.0,2012/13,2787.0,6196.0,10699.0,1.0,,,,0.0632,,,,
48 Solano,CalWIN,November,2012.0,2013.0,2012/13,20474.0,41166.0,68997.0,0.9522,,,,0.0464,,,,
49 Sonoma,CalWIN,November,2012.0,2013.0,2012/13,18501.0,34432.0,64623.0,0.9452,,,,0.0632,,,,
50 Stanislaus,C-IV,November,2012.0,2013.0,2012/13,40638.0,89590.0,137915.0,0.9905,,,,0.0091,,,,
51 Sutter,C-IV,November,2012.0,2013.0,2012/13,4926.0,11832.0,23377.0,0.9385,,,,0.0632,,,,
52 Tehama,C-IV,November,2012.0,2013.0,2012/13,4098.0,9605.0,17316.0,0.8977,,,,0.0632,,,,
53 Trinity,C-IV,November,2012.0,2013.0,2012/13,819.0,1608.0,2793.0,0.9846,,,,0.0632,,,,
54 Tulare,CalWIN,November,2012.0,2013.0,2012/13,45007.0,110740.0,169920.0,1.0,,,,0.0612,,,,
55 Tuolumne,C-IV,November,2012.0,2013.0,2012/13,2780.0,5142.0,8196.0,0.9892,,,,0.0632,,,,
56 Ventura,CalWIN,November,2012.0,2013.0,2012/13,31873.0,66495.0,123452.0,0.9738,,,,0.0106,,,,
57 Yolo,CalWIN,November,2012.0,2013.0,2012/13,7791.0,16887.0,31064.0,0.8904,,,,0.0632,,,,
58 Yuba,C-IV,November,2012.0,2013.0,2012/13,5650.0,12701.0,19965.0,0.9967,,,,0.0632,,,,
00 Statewide,n/a,December,2012.0,2013.0,2012/13,1892630.0,4167237.0,7609892.0,0.9685,,,,0.0315,,,,
01 Alameda,CalWIN,December,2012.0,2013.0,2012/13,62866.0,126792.0,254121.0,0.9007,,,,0.0459,,,,
02 Alpine,C-IV,December,2012.0,2013.0,2012/13,78.0,143.0,210.0,1.0,,,,0.0472,,,,
03 Amador,C-IV,December,2012.0,2013.0,2012/13,1722.0,3321.0,4461.0,0.9184,,,,0.0472,,,,
04 Butte,C-IV,December,2012.0,2013.0,2012/13,14236.0,29742.0,50862.0,0.9504,,,,0.0472,,,,
05 Calaveras,C-IV,December,2012.0,2013.0,2012/13,2520.0,4950.0,6727.0,0.9924,,,,0.0472,,,,
06 Colusa,C-IV,December,2012.0,2013.0,2012/13,676.0,1728.0,4556.0,0.9811,,,,0.0472,,,,
07 Contra Costa,CalWIN,December,2012.0,2013.0,2012/13,33278.0,69271.0,144511.0,0.9585,,,,0.0057,,,,
08 Del Norte,C-IV,December,2012.0,2013.0,2012/13,2577.0,5245.0,7834.0,1.0,,,,0.0472,,,,
09 El Dorado,C-IV,December,2012.0,2013.0,2012/13,6291.0,11891.0,19084.0,0.9903,,,,0.0472,,,,
10 Fresno,CalWIN,December,2012.0,2013.0,2012/13,90391.0,218724.0,318099.0,0.9741,,,,0.0,,,,
11 Glenn,C-IV,December,2012.0,2013.0,2012/13,1403.0,3501.0,7167.0,1.0,,,,0.0472,,,,
12 Humboldt,C-IV,December,2012.0,2013.0,2012/13,8161.0,15568.0,27020.0,0.9404,,,,0.0472,,,,
13 Imperial,C-IV,December,2012.0,2013.0,2012/13,14511.0,37267.0,58745.0,1.0,,,,0.0472,,,,
14 Inyo,C-IV,December,2012.0,2013.0,2012/13,964.0,1952.0,3464.0,1.0,,,,0.0472,,,,
15 Kern,C-IV,December,2012.0,2013.0,2012/13,58724.0,141440.0,239533.0,0.9869,,,,0.0042,,,,
16 Kings,C-IV,December,2012.0,2013.0,2012/13,9675.0,23056.0,35732.0,0.9957,,,,0.0472,,,,
17 Lake,C-IV,December,2012.0,2013.0,2012/13,5128.0,10280.0,17836.0,0.9823,,,,0.0472,,,,
18 Lassen,C-IV,December,2012.0,2013.0,2012/13,1383.0,2876.0,4784.0,0.9878,,,,0.0472,,,,
19 Los Angeles,LRS,December,2012.0,2013.0,2012/13,541893.0,1128353.0,2390357.0,0.9575,,,,0.0243,,,,
20 Madera,C-IV,December,2012.0,2013.0,2012/13,10319.0,26174.0,45581.0,0.9677,,,,0.0472,,,,
21 Marin,C-IV,December,2012.0,2013.0,2012/13,5545.0,9399.0,22659.0,0.9144,,,,0.0472,,,,
22 Mariposa,C-IV,December,2012.0,2013.0,2012/13,872.0,1799.0,2841.0,0.9149,,,,0.0472,,,,
23 Mendocino,C-IV,December,2012.0,2013.0,2012/13,7070.0,13352.0,23236.0,0.9844,,,,0.0472,,,,
24 Merced,C-IV,December,2012.0,2013.0,2012/13,22234.0,54407.0,84816.0,0.9905,,,,0.0072,,,,
25 Modoc,C-IV,December,2012.0,2013.0,2012/13,425.0,975.0,2030.0,1.0,,,,0.0472,,,,
26 Mono,C-IV,December,2012.0,2013.0,2012/13,437.0,732.0,1419.0,1.0,,,,0.0472,,,,
27 Monterey,C-IV,December,2012.0,2013.0,2012/13,19548.0,45106.0,96452.0,1.0,,,,0.0,,,,
28 Napa,C-IV,December,2012.0,2013.0,2012/13,3369.0,7187.0,16869.0,0.6919,,,,0.0472,,,,
29 Nevada,C-IV,December,2012.0,2013.0,2012/13,3842.0,7311.0,11496.0,0.9951,,,,0.0472,,,,
30 Orange,CalWIN,December,2012.0,2013.0,2012/13,102053.0,228098.0,462161.0,0.9982,,,,0.015,,,,
31 Placer,CalWIN,December,2012.0,2013.0,2012/13,8205.0,17730.0,31125.0,0.9891,,,,0.0472,,,,
32 Plumas,C-IV,December,2012.0,2013.0,2012/13,795.0,1694.0,3268.0,0.918,,,,0.0472,,,,
33 Riverside,C-IV,December,2012.0,2013.0,2012/13,113358.0,275332.0,408779.0,0.9961,,,,0.027,,,,
34 Sacramento,CalWIN,December,2012.0,2013.0,2012/13,93533.0,210234.0,327095.0,0.9856,,,,0.0036,,,,
35 San Benito,C-IV,December,2012.0,2013.0,2012/13,2635.0,6215.0,10310.0,0.9826,,,,0.0472,,,,
36 San Bernardino,C-IV,December,2012.0,2013.0,2012/13,156026.0,368372.0,488294.0,0.9989,,,,0.0071,,,,
37 San Diego,CalWIN,December,2012.0,2013.0,2012/13,114689.0,253974.0,444246.0,0.9754,,,,0.048,,,,
38 San Francisco,CalWIN,December,2012.0,2013.0,2012/13,32505.0,50896.0,134466.0,0.9765,,,,0.0266,,,,
39 San Joaquin,C-IV,December,2012.0,2013.0,2012/13,42131.0,110113.0,181680.0,0.98,,,,0.0308,,,,
40 San Luis Obispo,CalWIN,December,2012.0,2013.0,2012/13,8958.0,17638.0,33329.0,0.9521,,,,0.0472,,,,
41 San Mateo,CalWIN,December,2012.0,2013.0,2012/13,13779.0,28815.0,79186.0,0.838,,,,0.0472,,,,
42 Santa Barbara,CalWIN,December,2012.0,2013.0,2012/13,14021.0,31890.0,80706.0,0.9244,,,,0.0472,,,,
43 Santa Clara,CalWIN,December,2012.0,2013.0,2012/13,50507.0,108365.0,262556.0,0.8894,,,,0.0117,,,,
44 Santa Cruz,CalWIN,December,2012.0,2013.0,2012/13,11222.0,22121.0,42292.0,0.9183,,,,0.0472,,,,
45 Shasta,C-IV,December,2012.0,2013.0,2012/13,12045.0,24050.0,40340.0,0.9271,,,,0.0472,,,,
46 Sierra,C-IV,December,2012.0,2013.0,2012/13,157.0,296.0,517.0,1.0,,,,0.0472,,,,
47 Siskiyou,C-IV,December,2012.0,2013.0,2012/13,2823.0,6342.0,10748.0,1.0,,,,0.0472,,,,
48 Solano,CalWIN,December,2012.0,2013.0,2012/13,20439.0,41156.0,68904.0,0.9301,,,,0.0345,,,,
49 Sonoma,CalWIN,December,2012.0,2013.0,2012/13,18497.0,34427.0,64633.0,0.9434,,,,0.0472,,,,
50 Stanislaus,C-IV,December,2012.0,2013.0,2012/13,40515.0,89452.0,137183.0,0.9873,,,,0.0098,,,,
51 Sutter,C-IV,December,2012.0,2013.0,2012/13,5028.0,12120.0,23378.0,0.9632,,,,0.0472,,,,
52 Tehama,C-IV,December,2012.0,2013.0,2012/13,4120.0,9628.0,17224.0,0.9147,,,,0.0472,,,,
53 Trinity,C-IV,December,2012.0,2013.0,2012/13,809.0,1594.0,2786.0,0.9677,,,,0.0472,,,,
54 Tulare,CalWIN,December,2012.0,2013.0,2012/13,45494.0,112496.0,169802.0,1.0,,,,0.0912,,,,
55 Tuolumne,C-IV,December,2012.0,2013.0,2012/13,2792.0,5189.0,8197.0,0.981,,,,0.0472,,,,
56 Ventura,CalWIN,December,2012.0,2013.0,2012/13,31939.0,66839.0,123176.0,0.9761,,,,0.0073,,,,
57 Yolo,CalWIN,December,2012.0,2013.0,2012/13,7774.0,16894.0,31054.0,0.8529,,,,0.0472,,,,
58 Yuba,C-IV,December,2012.0,2013.0,2012/13,5643.0,12725.0,19955.0,1.0,,,,0.0472,,,,
00 Statewide,n/a,January,2013.0,2013.0,2012/13,1919085.0,4194682.0,7864965.0,0.9661,,,,0.0263,,,,
01 Alameda,CalWIN,January,2013.0,2013.0,2012/13,63168.0,126482.0,264350.0,0.9001,,,,0.0422,,,,
02 Alpine,C-IV,January,2013.0,2013.0,2012/13,83.0,151.0,208.0,1.0,,,,0.0366,,,,
03 Amador,C-IV,January,2013.0,2013.0,2012/13,1717.0,3319.0,4474.0,0.9143,,,,0.0366,,,,
04 Butte,C-IV,January,2013.0,2013.0,2012/13,14278.0,29807.0,51425.0,0.9391,,,,0.0366,,,,
05 Calaveras,C-IV,January,2013.0,2013.0,2012/13,2570.0,5004.0,6818.0,0.9699,,,,0.0366,,,,
06 Colusa,C-IV,January,2013.0,2013.0,2012/13,716.0,1820.0,4704.0,0.9342,,,,0.0366,,,,
07 Contra Costa,CalWIN,January,2013.0,2013.0,2012/13,33220.0,68857.0,146861.0,0.9465,,,,0.0041,,,,
08 Del Norte,C-IV,January,2013.0,2013.0,2012/13,2581.0,5251.0,7881.0,1.0,,,,0.0366,,,,
09 El Dorado,C-IV,January,2013.0,2013.0,2012/13,6386.0,11975.0,19303.0,0.9795,,,,0.0366,,,,
10 Fresno,CalWIN,January,2013.0,2013.0,2012/13,91393.0,219915.0,319858.0,0.9694,,,,0.0095,,,,
11 Glenn,C-IV,January,2013.0,2013.0,2012/13,1410.0,3555.0,7394.0,1.0,,,,0.0366,,,,
12 Humboldt,C-IV,January,2013.0,2013.0,2012/13,8301.0,15689.0,27364.0,0.9651,,,,0.0366,,,,
13 Imperial,C-IV,January,2013.0,2013.0,2012/13,14424.0,36983.0,59249.0,1.0,,,,0.0366,,,,
14 Inyo,C-IV,January,2013.0,2013.0,2012/13,994.0,1992.0,3496.0,0.9878,,,,0.0366,,,,
15 Kern,C-IV,January,2013.0,2013.0,2012/13,59233.0,144045.0,242368.0,0.9747,,,,0.0232,,,,
16 Kings,C-IV,January,2013.0,2013.0,2012/13,9824.0,23337.0,36323.0,0.9883,,,,0.0366,,,,
17 Lake,C-IV,January,2013.0,2013.0,2012/13,5134.0,10232.0,17917.0,0.9414,,,,0.0366,,,,
18 Lassen,C-IV,January,2013.0,2013.0,2012/13,1410.0,2939.0,4864.0,0.9706,,,,0.0366,,,,
19 Los Angeles,LRS,January,2013.0,2013.0,2012/13,546975.0,1133944.0,2417379.0,0.9573,,,,0.0167,,,,
20 Madera,C-IV,January,2013.0,2013.0,2012/13,10502.0,26692.0,46329.0,0.9614,,,,0.0366,,,,
21 Marin,C-IV,January,2013.0,2013.0,2012/13,5562.0,9420.0,22845.0,0.9446,,,,0.0366,,,,
22 Mariposa,C-IV,January,2013.0,2013.0,2012/13,893.0,1837.0,2902.0,0.8966,,,,0.0366,,,,
23 Mendocino,C-IV,January,2013.0,2013.0,2012/13,7117.0,13483.0,23445.0,0.994,,,,0.0366,,,,
24 Merced,C-IV,January,2013.0,2013.0,2012/13,22570.0,55147.0,86135.0,0.9864,,,,0.0053,,,,
25 Modoc,C-IV,January,2013.0,2013.0,2012/13,425.0,965.0,2037.0,1.0,,,,0.0366,,,,
26 Mono,C-IV,January,2013.0,2013.0,2012/13,414.0,703.0,1469.0,0.9118,,,,0.0366,,,,
27 Monterey,C-IV,January,2013.0,2013.0,2012/13,20885.0,48096.0,98375.0,0.9985,,,,0.0,,,,
28 Napa,C-IV,January,2013.0,2013.0,2012/13,3344.0,7165.0,17034.0,0.7327,,,,0.0366,,,,
29 Nevada,C-IV,January,2013.0,2013.0,2012/13,3872.0,7389.0,11695.0,0.9926,,,,0.0366,,,,
30 Orange,CalWIN,January,2013.0,2013.0,2012/13,102785.0,227792.0,499517.0,0.9978,,,,0.0119,,,,
31 Placer,CalWIN,January,2013.0,2013.0,2012/13,8299.0,17706.0,31548.0,0.989,,,,0.0366,,,,
32 Plumas,C-IV,January,2013.0,2013.0,2012/13,815.0,1759.0,3314.0,0.9189,,,,0.0366,,,,
33 Riverside,C-IV,January,2013.0,2013.0,2012/13,114341.0,276891.0,445664.0,0.9969,,,,0.0214,,,,
34 Sacramento,CalWIN,January,2013.0,2013.0,2012/13,93843.0,210145.0,329691.0,0.99,,,,0.0082,,,,
35 San Benito,C-IV,January,2013.0,2013.0,2012/13,2710.0,6390.0,10502.0,0.9842,,,,0.0366,,,,
36 San Bernardino,C-IV,January,2013.0,2013.0,2012/13,156747.0,368618.0,518014.0,0.9994,,,,0.008,,,,
37 San Diego,CalWIN,January,2013.0,2013.0,2012/13,116389.0,253991.0,490268.0,0.9688,,,,0.0379,,,,
38 San Francisco,CalWIN,January,2013.0,2013.0,2012/13,32190.0,50440.0,142119.0,0.976,,,,0.0258,,,,
39 San Joaquin,C-IV,January,2013.0,2013.0,2012/13,45591.0,110995.0,183568.0,0.9873,,,,0.023,,,,
40 San Luis Obispo,CalWIN,January,2013.0,2013.0,2012/13,9090.0,17743.0,33922.0,0.9835,,,,0.0366,,,,
41 San Mateo,CalWIN,January,2013.0,2013.0,2012/13,13784.0,28487.0,85513.0,0.6218,,,,0.0366,,,,
42 Santa Barbara,CalWIN,January,2013.0,2013.0,2012/13,14689.0,33164.0,82298.0,0.9538,,,,0.0366,,,,
43 Santa Clara,CalWIN,January,2013.0,2013.0,2012/13,50852.0,108748.0,283546.0,0.8783,,,,0.0168,,,,
44 Santa Cruz,CalWIN,January,2013.0,2013.0,2012/13,11632.0,23021.0,43171.0,0.8153,,,,0.0366,,,,
45 Shasta,C-IV,January,2013.0,2013.0,2012/13,11900.0,23749.0,40776.0,0.9336,,,,0.0366,,,,
46 Sierra,C-IV,January,2013.0,2013.0,2012/13,165.0,314.0,521.0,0.9167,,,,0.0366,,,,
47 Siskiyou,C-IV,January,2013.0,2013.0,2012/13,2862.0,6426.0,10970.0,1.0,,,,0.0366,,,,
48 Solano,CalWIN,January,2013.0,2013.0,2012/13,20595.0,41335.0,70101.0,0.9261,,,,0.0362,,,,
49 Sonoma,CalWIN,January,2013.0,2013.0,2012/13,24176.0,40348.0,65769.0,0.9405,,,,0.0366,,,,
50 Stanislaus,C-IV,January,2013.0,2013.0,2012/13,41147.0,90507.0,138552.0,0.986,,,,0.0072,,,,
51 Sutter,C-IV,January,2013.0,2013.0,2012/13,5125.0,12365.0,23778.0,0.9639,,,,0.0366,,,,
52 Tehama,C-IV,January,2013.0,2013.0,2012/13,4205.0,9737.0,17463.0,0.9611,,,,0.0366,,,,
53 Trinity,C-IV,January,2013.0,2013.0,2012/13,803.0,1613.0,2836.0,0.9423,,,,0.0366,,,,
54 Tulare,CalWIN,January,2013.0,2013.0,2012/13,46318.0,114115.0,171681.0,1.0,,,,0.0842,,,,
55 Tuolumne,C-IV,January,2013.0,2013.0,2012/13,2836.0,5253.0,8302.0,0.9543,,,,0.0366,,,,
56 Ventura,CalWIN,January,2013.0,2013.0,2012/13,32230.0,66999.0,125396.0,0.9808,,,,0.0074,,,,
57 Yolo,CalWIN,January,2013.0,2013.0,2012/13,7886.0,16966.0,31349.0,0.7671,,,,0.0366,,,,
58 Yuba,C-IV,January,2013.0,2013.0,2012/13,5679.0,12871.0,20314.0,0.9701,,,,0.0366,,,,
00 Statewide,n/a,February,2013.0,2013.0,2012/13,1906946.0,4187279.0,7917844.0,0.9626,,,,0.0293,,,,
01 Alameda,CalWIN,February,2013.0,2013.0,2012/13,62700.0,126147.0,264827.0,0.8959,,,,0.0388,,,,
02 Alpine,C-IV,February,2013.0,2013.0,2012/13,81.0,145.0,200.0,1.0,,,,0.0473,,,,
03 Amador,C-IV,February,2013.0,2013.0,2012/13,1711.0,3284.0,4510.0,0.9674,,,,0.0473,,,,
04 Butte,C-IV,February,2013.0,2013.0,2012/13,14285.0,29751.0,51438.0,0.9334,,,,0.0473,,,,
05 Calaveras,C-IV,February,2013.0,2013.0,2012/13,2596.0,5065.0,6847.0,0.9792,,,,0.0473,,,,
06 Colusa,C-IV,February,2013.0,2013.0,2012/13,722.0,1828.0,4764.0,1.0,,,,0.0473,,,,
07 Contra Costa,CalWIN,February,2013.0,2013.0,2012/13,32905.0,68497.0,147471.0,0.9495,,,,0.0136,,,,
08 Del Norte,C-IV,February,2013.0,2013.0,2012/13,2562.0,5196.0,7880.0,1.0,,,,0.0473,,,,
09 El Dorado,C-IV,February,2013.0,2013.0,2012/13,6353.0,11985.0,19393.0,0.9932,,,,0.0473,,,,
10 Fresno,CalWIN,February,2013.0,2013.0,2012/13,91277.0,220920.0,320533.0,0.9647,,,,0.0077,,,,
11 Glenn,C-IV,February,2013.0,2013.0,2012/13,1418.0,3541.0,7476.0,1.0,,,,0.0473,,,,
12 Humboldt,C-IV,February,2013.0,2013.0,2012/13,8236.0,15586.0,27341.0,0.9767,,,,0.0473,,,,
13 Imperial,C-IV,February,2013.0,2013.0,2012/13,14201.0,36510.0,59252.0,1.0,,,,0.0473,,,,
14 Inyo,C-IV,February,2013.0,2013.0,2012/13,987.0,1998.0,3513.0,0.9792,,,,0.0473,,,,
15 Kern,C-IV,February,2013.0,2013.0,2012/13,59181.0,143973.0,243998.0,0.9821,,,,0.0187,,,,
16 Kings,C-IV,February,2013.0,2013.0,2012/13,9895.0,23569.0,36607.0,0.9881,,,,0.0473,,,,
17 Lake,C-IV,February,2013.0,2013.0,2012/13,5135.0,10261.0,18017.0,0.9306,,,,0.0473,,,,
18 Lassen,C-IV,February,2013.0,2013.0,2012/13,1407.0,2952.0,4843.0,0.988,,,,0.0473,,,,
19 Los Angeles,LRS,February,2013.0,2013.0,2012/13,541728.0,1125938.0,2440292.0,0.9597,,,,0.022,,,,
20 Madera,C-IV,February,2013.0,2013.0,2012/13,10572.0,26846.0,46577.0,0.9615,,,,0.0473,,,,
21 Marin,C-IV,February,2013.0,2013.0,2012/13,5538.0,9391.0,22999.0,0.9479,,,,0.0473,,,,
22 Mariposa,C-IV,February,2013.0,2013.0,2012/13,902.0,1838.0,2874.0,0.8718,,,,0.0473,,,,
23 Mendocino,C-IV,February,2013.0,2013.0,2012/13,7005.0,13283.0,23597.0,0.9873,,,,0.0473,,,,
24 Merced,C-IV,February,2013.0,2013.0,2012/13,22710.0,55670.0,87003.0,0.9916,,,,0.0039,,,,
25 Modoc,C-IV,February,2013.0,2013.0,2012/13,439.0,985.0,1994.0,1.0,,,,0.0473,,,,
26 Mono,C-IV,February,2013.0,2013.0,2012/13,359.0,625.0,1450.0,1.0,,,,0.0473,,,,
27 Monterey,C-IV,February,2013.0,2013.0,2012/13,21515.0,49670.0,99635.0,0.9992,,,,0.0043,,,,
28 Napa,C-IV,February,2013.0,2013.0,2012/13,3367.0,7194.0,17164.0,0.6201,,,,0.0473,,,,
29 Nevada,C-IV,February,2013.0,2013.0,2012/13,3829.0,7303.0,11748.0,1.0,,,,0.0473,,,,
30 Orange,CalWIN,February,2013.0,2013.0,2012/13,102604.0,228800.0,501628.0,0.997,,,,0.0136,,,,
31 Placer,CalWIN,February,2013.0,2013.0,2012/13,8216.0,17727.0,31721.0,0.9947,,,,0.0473,,,,
32 Plumas,C-IV,February,2013.0,2013.0,2012/13,806.0,1722.0,3274.0,0.9804,,,,0.0473,,,,
33 Riverside,C-IV,February,2013.0,2013.0,2012/13,113551.0,275073.0,449607.0,0.9979,,,,0.0247,,,,
34 Sacramento,CalWIN,February,2013.0,2013.0,2012/13,93100.0,209570.0,331052.0,0.979,,,,0.0066,,,,
35 San Benito,C-IV,February,2013.0,2013.0,2012/13,2721.0,6384.0,10665.0,0.9286,,,,0.0473,,,,
36 San Bernardino,C-IV,February,2013.0,2013.0,2012/13,156822.0,369096.0,522251.0,0.999,,,,0.0095,,,,
37 San Diego,CalWIN,February,2013.0,2013.0,2012/13,116731.0,255302.0,493102.0,0.9691,,,,0.0345,,,,
38 San Francisco,CalWIN,February,2013.0,2013.0,2012/13,32279.0,50454.0,142189.0,0.9808,,,,0.0421,,,,
39 San Joaquin,C-IV,February,2013.0,2013.0,2012/13,45921.0,111710.0,184599.0,0.9823,,,,0.0387,,,,
40 San Luis Obispo,CalWIN,February,2013.0,2013.0,2012/13,9097.0,17920.0,34213.0,0.9604,,,,0.0473,,,,
41 San Mateo,CalWIN,February,2013.0,2013.0,2012/13,13556.0,28220.0,85955.0,0.6492,,,,0.0473,,,,
42 Santa Barbara,CalWIN,February,2013.0,2013.0,2012/13,15000.0,33942.0,83190.0,0.6987,,,,0.0473,,,,
43 Santa Clara,CalWIN,February,2013.0,2013.0,2012/13,51270.0,109478.0,284953.0,0.9543,,,,0.0189,,,,
44 Santa Cruz,CalWIN,February,2013.0,2013.0,2012/13,11904.0,23504.0,43493.0,0.9024,,,,0.0473,,,,
45 Shasta,C-IV,February,2013.0,2013.0,2012/13,11765.0,23479.0,40714.0,0.9218,,,,0.0473,,,,
46 Sierra,C-IV,February,2013.0,2013.0,2012/13,163.0,319.0,534.0,1.0,,,,0.0473,,,,
47 Siskiyou,C-IV,February,2013.0,2013.0,2012/13,2899.0,6489.0,11018.0,1.0,,,,0.0473,,,,
48 Solano,CalWIN,February,2013.0,2013.0,2012/13,20419.0,41296.0,70198.0,0.9502,,,,0.0365,,,,
49 Sonoma,CalWIN,February,2013.0,2013.0,2012/13,18667.0,34862.0,66309.0,0.9457,,,,0.0473,,,,
50 Stanislaus,C-IV,February,2013.0,2013.0,2012/13,41018.0,90501.0,139295.0,0.9796,,,,0.0059,,,,
51 Sutter,C-IV,February,2013.0,2013.0,2012/13,5194.0,12520.0,23878.0,0.9786,,,,0.0473,,,,
52 Tehama,C-IV,February,2013.0,2013.0,2012/13,4173.0,9641.0,17541.0,0.9305,,,,0.0473,,,,
53 Trinity,C-IV,February,2013.0,2013.0,2012/13,776.0,1560.0,2786.0,1.0,,,,0.0473,,,,
54 Tulare,CalWIN,February,2013.0,2013.0,2012/13,46126.0,115113.0,172601.0,1.0,,,,0.0697,,,,
55 Tuolumne,C-IV,February,2013.0,2013.0,2012/13,2868.0,5296.0,8343.0,0.9602,,,,0.0473,,,,
56 Ventura,CalWIN,February,2013.0,2013.0,2012/13,32229.0,67619.0,126665.0,0.9738,,,,0.0088,,,,
57 Yolo,CalWIN,February,2013.0,2013.0,2012/13,7780.0,16873.0,31533.0,0.2625,,,,0.0473,,,,
58 Yuba,C-IV,February,2013.0,2013.0,2012/13,5675.0,12858.0,20294.0,1.0,,,,0.0473,,,,
00 Statewide,n/a,March,2013.0,2013.0,2012/13,1930552.0,4219861.0,8064682.0,0.964,,,,0.0311,,,,
01 Alameda,CalWIN,March,2013.0,2013.0,2012/13,63220.0,126807.0,266597.0,0.8988,,,,0.036,,,,
02 Alpine,C-IV,March,2013.0,2013.0,2012/13,82.0,138.0,192.0,1.0,,,,0.0593,,,,
03 Amador,C-IV,March,2013.0,2013.0,2012/13,1723.0,3280.0,4553.0,0.9691,,,,0.0593,,,,
04 Butte,C-IV,March,2013.0,2013.0,2012/13,14374.0,29829.0,51614.0,0.9517,,,,0.0593,,,,
05 Calaveras,C-IV,March,2013.0,2013.0,2012/13,2593.0,5054.0,6870.0,0.9804,,,,0.0593,,,,
06 Colusa,C-IV,March,2013.0,2013.0,2012/13,736.0,1869.0,4846.0,0.9792,,,,0.0593,,,,
07 Contra Costa,CalWIN,March,2013.0,2013.0,2012/13,33308.0,69070.0,152392.0,0.9557,,,,0.0228,,,,
08 Del Norte,C-IV,March,2013.0,2013.0,2012/13,2562.0,5182.0,7943.0,1.0,,,,0.0593,,,,
09 El Dorado,C-IV,March,2013.0,2013.0,2012/13,6462.0,12043.0,19513.0,0.995,,,,0.0593,,,,
10 Fresno,CalWIN,March,2013.0,2013.0,2012/13,92109.0,221930.0,323456.0,0.9675,,,,0.0063,,,,
11 Glenn,C-IV,March,2013.0,2013.0,2012/13,1431.0,3605.0,7568.0,1.0,,,,0.0593,,,,
12 Humboldt,C-IV,March,2013.0,2013.0,2012/13,8425.0,15773.0,27597.0,0.98,,,,0.0593,,,,
13 Imperial,C-IV,March,2013.0,2013.0,2012/13,14190.0,36351.0,59138.0,1.0,,,,0.0593,,,,
14 Inyo,C-IV,March,2013.0,2013.0,2012/13,1010.0,2033.0,3501.0,0.9868,,,,0.0593,,,,
15 Kern,C-IV,March,2013.0,2013.0,2012/13,59553.0,144903.0,252920.0,0.9876,,,,0.0275,,,,
16 Kings,C-IV,March,2013.0,2013.0,2012/13,10050.0,23748.0,39065.0,0.9942,,,,0.0593,,,,
17 Lake,C-IV,March,2013.0,2013.0,2012/13,5137.0,10267.0,18181.0,0.9591,,,,0.0593,,,,
18 Lassen,C-IV,March,2013.0,2013.0,2012/13,1422.0,2987.0,4857.0,0.9462,,,,0.0593,,,,
19 Los Angeles,LRS,March,2013.0,2013.0,2012/13,549911.0,1138034.0,2473933.0,0.9623,,,,0.0248,,,,
20 Madera,C-IV,March,2013.0,2013.0,2012/13,10709.0,27158.0,49140.0,0.9756,,,,0.0593,,,,
21 Marin,C-IV,March,2013.0,2013.0,2012/13,5625.0,9507.0,23277.0,0.9695,,,,0.0593,,,,
22 Mariposa,C-IV,March,2013.0,2013.0,2012/13,919.0,1857.0,2906.0,0.8776,,,,0.0593,,,,
23 Mendocino,C-IV,March,2013.0,2013.0,2012/13,7039.0,13340.0,23670.0,0.9883,,,,0.0593,,,,
24 Merced,C-IV,March,2013.0,2013.0,2012/13,22874.0,55866.0,87452.0,0.9899,,,,0.0032,,,,
25 Modoc,C-IV,March,2013.0,2013.0,2012/13,442.0,983.0,2012.0,1.0,,,,0.0593,,,,
26 Mono,C-IV,March,2013.0,2013.0,2012/13,355.0,650.0,1480.0,0.9688,,,,0.0593,,,,
27 Monterey,C-IV,March,2013.0,2013.0,2012/13,21851.0,50341.0,115673.0,1.0,,,,0.0097,,,,
28 Napa,C-IV,March,2013.0,2013.0,2012/13,3386.0,7150.0,17488.0,0.6792,,,,0.0593,,,,
29 Nevada,C-IV,March,2013.0,2013.0,2012/13,3853.0,7303.0,11823.0,1.0,,,,0.0593,,,,
30 Orange,CalWIN,March,2013.0,2013.0,2012/13,103927.0,230763.0,508535.0,0.9955,,,,0.0155,,,,
31 Placer,CalWIN,March,2013.0,2013.0,2012/13,8349.0,17781.0,32124.0,0.9945,,,,0.0593,,,,
32 Plumas,C-IV,March,2013.0,2013.0,2012/13,805.0,1723.0,3290.0,0.9216,,,,0.0593,,,,
33 Riverside,C-IV,March,2013.0,2013.0,2012/13,114384.0,275970.0,455439.0,0.9972,,,,0.031,,,,
34 Sacramento,CalWIN,March,2013.0,2013.0,2012/13,94052.0,210459.0,345300.0,0.9737,,,,0.0054,,,,
35 San Benito,C-IV,March,2013.0,2013.0,2012/13,2771.0,6514.0,10615.0,0.8992,,,,0.0593,,,,
36 San Bernardino,C-IV,March,2013.0,2013.0,2012/13,157800.0,370457.0,527018.0,0.9998,,,,0.0115,,,,
37 San Diego,CalWIN,March,2013.0,2013.0,2012/13,119515.0,258393.0,497839.0,0.9691,,,,0.0301,,,,
38 San Francisco,CalWIN,March,2013.0,2013.0,2012/13,32363.0,50640.0,142920.0,0.9805,,,,0.035,,,,
39 San Joaquin,C-IV,March,2013.0,2013.0,2012/13,46244.0,112092.0,185676.0,0.9746,,,,0.0395,,,,
40 San Luis Obispo,CalWIN,March,2013.0,2013.0,2012/13,9206.0,17974.0,35606.0,0.9856,,,,0.0593,,,,
41 San Mateo,CalWIN,March,2013.0,2013.0,2012/13,14109.0,28928.0,87137.0,0.5455,,,,0.0593,,,,
42 Santa Barbara,CalWIN,March,2013.0,2013.0,2012/13,15221.0,34346.0,92934.0,0.9289,,,,0.0593,,,,
43 Santa Clara,CalWIN,March,2013.0,2013.0,2012/13,51850.0,110468.0,286918.0,0.9452,,,,0.0154,,,,
44 Santa Cruz,CalWIN,March,2013.0,2013.0,2012/13,12043.0,23785.0,47733.0,0.9337,,,,0.0593,,,,
45 Shasta,C-IV,March,2013.0,2013.0,2012/13,12031.0,23786.0,41020.0,0.9134,,,,0.0593,,,,
46 Sierra,C-IV,March,2013.0,2013.0,2012/13,162.0,315.0,525.0,1.0,,,,0.0593,,,,
47 Siskiyou,C-IV,March,2013.0,2013.0,2012/13,2935.0,6569.0,11045.0,1.0,,,,0.0593,,,,
48 Solano,CalWIN,March,2013.0,2013.0,2012/13,20701.0,41502.0,71412.0,0.9532,,,,0.0318,,,,
49 Sonoma,CalWIN,March,2013.0,2013.0,2012/13,18898.0,35234.0,67455.0,0.9214,,,,0.0593,,,,
50 Stanislaus,C-IV,March,2013.0,2013.0,2012/13,41491.0,91308.0,139925.0,0.9938,,,,0.0081,,,,
51 Sutter,C-IV,March,2013.0,2013.0,2012/13,5201.0,12477.0,24112.0,0.9438,,,,0.0593,,,,
52 Tehama,C-IV,March,2013.0,2013.0,2012/13,4171.0,9632.0,17549.0,0.9385,,,,0.0593,,,,
53 Trinity,C-IV,March,2013.0,2013.0,2012/13,786.0,1587.0,2780.0,0.973,,,,0.0593,,,,
54 Tulare,CalWIN,March,2013.0,2013.0,2012/13,46787.0,116280.0,180558.0,1.0,,,,0.0593,,,,
55 Tuolumne,C-IV,March,2013.0,2013.0,2012/13,2880.0,5271.0,8437.0,0.9295,,,,0.0593,,,,
56 Ventura,CalWIN,March,2013.0,2013.0,2012/13,32846.0,68510.0,128121.0,0.9903,,,,0.0116,,,,
57 Yolo,CalWIN,March,2013.0,2013.0,2012/13,7919.0,17054.0,32614.0,0.2005,,,,0.0593,,,,
58 Yuba,C-IV,March,2013.0,2013.0,2012/13,5754.0,12985.0,20388.0,1.0,,,,0.0593,,,,
00 Statewide,n/a,April,2013.0,2013.0,2012/13,1926913.0,4202850.0,8381949.0,0.9708,,,,0.0299,,,,
01 Alameda,CalWIN,April,2013.0,2013.0,2012/13,62980.0,126214.0,276668.0,0.9141,,,,0.041,,,,
02 Alpine,C-IV,April,2013.0,2013.0,2012/13,85.0,153.0,195.0,1.0,,,,0.0613,,,,
03 Amador,C-IV,April,2013.0,2013.0,2012/13,1717.0,3262.0,4602.0,0.9732,,,,0.0613,,,,
04 Butte,C-IV,April,2013.0,2013.0,2012/13,14409.0,29770.0,52492.0,0.9415,,,,0.0613,,,,
05 Calaveras,C-IV,April,2013.0,2013.0,2012/13,2571.0,5023.0,6967.0,0.9817,,,,0.0613,,,,
06 Colusa,C-IV,April,2013.0,2013.0,2012/13,733.0,1840.0,4948.0,0.9804,,,,0.0613,,,,
07 Contra Costa,CalWIN,April,2013.0,2013.0,2012/13,33077.0,68625.0,159938.0,0.9496,,,,0.0224,,,,
08 Del Norte,C-IV,April,2013.0,2013.0,2012/13,2542.0,5149.0,8002.0,1.0,,,,0.0613,,,,
09 El Dorado,C-IV,April,2013.0,2013.0,2012/13,6409.0,11947.0,19911.0,0.9924,,,,0.0613,,,,
10 Fresno,CalWIN,April,2013.0,2013.0,2012/13,91601.0,220493.0,336953.0,0.9598,,,,0.0055,,,,
11 Glenn,C-IV,April,2013.0,2013.0,2012/13,1451.0,3606.0,7722.0,1.0,,,,0.0613,,,,
12 Humboldt,C-IV,April,2013.0,2013.0,2012/13,8426.0,15819.0,28165.0,0.9892,,,,0.0613,,,,
13 Imperial,C-IV,April,2013.0,2013.0,2012/13,14164.0,36277.0,59955.0,1.0,,,,0.0613,,,,
14 Inyo,C-IV,April,2013.0,2013.0,2012/13,1038.0,2058.0,3664.0,1.0,,,,0.0613,,,,
15 Kern,C-IV,April,2013.0,2013.0,2012/13,59622.0,144678.0,262147.0,0.9914,,,,0.0266,,,,
16 Kings,C-IV,April,2013.0,2013.0,2012/13,10012.0,23729.0,40269.0,0.9836,,,,0.0613,,,,
17 Lake,C-IV,April,2013.0,2013.0,2012/13,5165.0,10263.0,18382.0,0.9609,,,,0.0613,,,,
18 Lassen,C-IV,April,2013.0,2013.0,2012/13,1419.0,2954.0,4973.0,0.9892,,,,0.0613,,,,
19 Los Angeles,LRS,April,2013.0,2013.0,2012/13,549697.0,1134472.0,2577194.0,0.9671,,,,0.0211,,,,
20 Madera,C-IV,April,2013.0,2013.0,2012/13,10722.0,27189.0,50257.0,0.9782,,,,0.0613,,,,
21 Marin,C-IV,April,2013.0,2013.0,2012/13,5648.0,9542.0,24775.0,0.9506,,,,0.0613,,,,
22 Mariposa,C-IV,April,2013.0,2013.0,2012/13,913.0,1828.0,2942.0,0.9111,,,,0.0613,,,,
23 Mendocino,C-IV,April,2013.0,2013.0,2012/13,6971.0,13205.0,24475.0,1.0,,,,0.0613,,,,
24 Merced,C-IV,April,2013.0,2013.0,2012/13,22906.0,55780.0,89158.0,0.9978,,,,0.0038,,,,
25 Modoc,C-IV,April,2013.0,2013.0,2012/13,433.0,955.0,2065.0,1.0,,,,0.0613,,,,
26 Mono,C-IV,April,2013.0,2013.0,2012/13,335.0,606.0,1568.0,1.0,,,,0.0613,,,,
27 Monterey,C-IV,April,2013.0,2013.0,2012/13,21740.0,50064.0,117627.0,1.0,,,,0.0157,,,,
28 Napa,C-IV,April,2013.0,2013.0,2012/13,3358.0,7097.0,18979.0,0.6341,,,,0.0613,,,,
29 Nevada,C-IV,April,2013.0,2013.0,2012/13,3840.0,7327.0,12104.0,1.0,,,,0.0613,,,,
30 Orange,CalWIN,April,2013.0,2013.0,2012/13,104202.0,230478.0,537815.0,0.9975,,,,0.0131,,,,
31 Placer,CalWIN,April,2013.0,2013.0,2012/13,8372.0,17632.0,32662.0,0.9945,,,,0.0613,,,,
32 Plumas,C-IV,April,2013.0,2013.0,2012/13,802.0,1729.0,3330.0,1.0,,,,0.0613,,,,
33 Riverside,C-IV,April,2013.0,2013.0,2012/13,114243.0,274951.0,483475.0,0.9986,,,,0.0302,,,,
34 Sacramento,CalWIN,April,2013.0,2013.0,2012/13,93514.0,209287.0,357297.0,0.9886,,,,0.0046,,,,
35 San Benito,C-IV,April,2013.0,2013.0,2012/13,2715.0,6339.0,10925.0,0.944,,,,0.0613,,,,
36 San Bernardino,C-IV,April,2013.0,2013.0,2012/13,157421.0,369163.0,551212.0,0.9999,,,,0.0118,,,,
37 San Diego,CalWIN,April,2013.0,2013.0,2012/13,119545.0,256921.0,504230.0,0.9651,,,,0.0275,,,,
38 San Francisco,CalWIN,April,2013.0,2013.0,2012/13,32318.0,50482.0,144892.0,0.9771,,,,0.0396,,,,
39 San Joaquin,C-IV,April,2013.0,2013.0,2012/13,46390.0,112172.0,197037.0,0.983,,,,0.0346,,,,
40 San Luis Obispo,CalWIN,April,2013.0,2013.0,2012/13,9174.0,17852.0,36245.0,0.9635,,,,0.0613,,,,
41 San Mateo,CalWIN,April,2013.0,2013.0,2012/13,14127.0,28842.0,88705.0,0.7766,,,,0.0613,,,,
42 Santa Barbara,CalWIN,April,2013.0,2013.0,2012/13,15227.0,34310.0,94152.0,0.9302,,,,0.0613,,,,
43 Santa Clara,CalWIN,April,2013.0,2013.0,2012/13,51694.0,110071.0,296818.0,0.9767,,,,0.0133,,,,
44 Santa Cruz,CalWIN,April,2013.0,2013.0,2012/13,12061.0,24017.0,48398.0,0.9559,,,,0.0613,,,,
45 Shasta,C-IV,April,2013.0,2013.0,2012/13,11948.0,23665.0,41728.0,0.9519,,,,0.0613,,,,
46 Sierra,C-IV,April,2013.0,2013.0,2012/13,158.0,306.0,534.0,1.0,,,,0.0613,,,,
47 Siskiyou,C-IV,April,2013.0,2013.0,2012/13,2921.0,6527.0,11270.0,0.992,,,,0.0613,,,,
48 Solano,CalWIN,April,2013.0,2013.0,2012/13,20598.0,41065.0,75404.0,0.9357,,,,0.0247,,,,
49 Sonoma,CalWIN,April,2013.0,2013.0,2012/13,18765.0,34800.0,73175.0,0.9226,,,,0.0613,,,,
50 Stanislaus,C-IV,April,2013.0,2013.0,2012/13,41150.0,90467.0,150599.0,0.9936,,,,0.94,,,,
51 Sutter,C-IV,April,2013.0,2013.0,2012/13,5195.0,12460.0,24843.0,0.9574,,,,0.0613,,,,
52 Tehama,C-IV,April,2013.0,2013.0,2012/13,4211.0,9682.0,17872.0,0.9531,,,,0.0613,,,,
53 Trinity,C-IV,April,2013.0,2013.0,2012/13,767.0,1548.0,2817.0,0.9762,,,,0.0613,,,,
54 Tulare,CalWIN,April,2013.0,2013.0,2012/13,46458.0,115236.0,185212.0,1.0,,,,0.0489,,,,
55 Tuolumne,C-IV,April,2013.0,2013.0,2012/13,2878.0,5227.0,8593.0,0.951,,,,0.0613,,,,
56 Ventura,CalWIN,April,2013.0,2013.0,2012/13,32459.0,67793.0,131828.0,0.993,,,,0.0169,,,,
57 Yolo,CalWIN,April,2013.0,2013.0,2012/13,7901.0,16990.0,33056.0,0.1733,,,,0.0613,,,,
58 Yuba,C-IV,April,2013.0,2013.0,2012/13,5715.0,12913.0,20728.0,1.0,,,,0.0613,,,,
00 Statewide,n/a,May,2013.0,2013.0,2012/13,1931074.0,4209125.0,8447392.0,0.9717,,,,0.0298,,,,
01 Alameda,CalWIN,May,2013.0,2013.0,2012/13,63117.0,126403.0,276458.0,0.9059,,,,0.046,,,,
02 Alpine,C-IV,May,2013.0,2013.0,2012/13,84.0,153.0,197.0,1.0,,,,0.0619,,,,
03 Amador,C-IV,May,2013.0,2013.0,2012/13,1711.0,3287.0,4572.0,0.949,,,,0.0619,,,,
04 Butte,C-IV,May,2013.0,2013.0,2012/13,14586.0,30003.0,52414.0,0.9563,,,,0.0619,,,,
05 Calaveras,C-IV,May,2013.0,2013.0,2012/13,2564.0,4978.0,6946.0,1.0,,,,0.0619,,,,
06 Colusa,C-IV,May,2013.0,2013.0,2012/13,729.0,1815.0,4979.0,1.0,,,,0.0619,,,,
07 Contra Costa,CalWIN,May,2013.0,2013.0,2012/13,33165.0,68770.0,160442.0,0.9558,,,,0.0283,,,,
08 Del Norte,C-IV,May,2013.0,2013.0,2012/13,2557.0,5154.0,7924.0,1.0,,,,0.0619,,,,
09 El Dorado,C-IV,May,2013.0,2013.0,2012/13,6479.0,11953.0,19856.0,0.9905,,,,0.0619,,,,
10 Fresno,CalWIN,May,2013.0,2013.0,2012/13,91734.0,220464.0,336558.0,0.9407,,,,0.0047,,,,
11 Glenn,C-IV,May,2013.0,2013.0,2012/13,1438.0,3579.0,7699.0,1.0,,,,0.0619,,,,
12 Humboldt,C-IV,May,2013.0,2013.0,2012/13,8541.0,16034.0,28270.0,0.9895,,,,0.0619,,,,
13 Imperial,C-IV,May,2013.0,2013.0,2012/13,14303.0,36625.0,59949.0,1.0,,,,0.0619,,,,
14 Inyo,C-IV,May,2013.0,2013.0,2012/13,1047.0,2084.0,3677.0,1.0,,,,0.0619,,,,
15 Kern,C-IV,May,2013.0,2013.0,2012/13,59621.0,145008.0,261885.0,0.9945,,,,0.0282,,,,
16 Kings,C-IV,May,2013.0,2013.0,2012/13,10035.0,23811.0,40245.0,0.9978,,,,0.0619,,,,
17 Lake,C-IV,May,2013.0,2013.0,2012/13,5173.0,10307.0,18464.0,0.9398,,,,0.0619,,,,
18 Lassen,C-IV,May,2013.0,2013.0,2012/13,1432.0,3010.0,4937.0,0.9362,,,,0.0619,,,,
19 Los Angeles,LRS,May,2013.0,2013.0,2012/13,549131.0,1133461.0,2629897.0,0.9724,,,,0.0244,,,,
20 Madera,C-IV,May,2013.0,2013.0,2012/13,10718.0,27214.0,50142.0,0.9929,,,,0.0619,,,,
21 Marin,C-IV,May,2013.0,2013.0,2012/13,5693.0,9653.0,24907.0,0.9564,,,,0.0619,,,,
22 Mariposa,C-IV,May,2013.0,2013.0,2012/13,920.0,1843.0,2941.0,0.9778,,,,0.0619,,,,
23 Mendocino,C-IV,May,2013.0,2013.0,2012/13,6915.0,13197.0,24515.0,0.9976,,,,0.0619,,,,
24 Merced,C-IV,May,2013.0,2013.0,2012/13,22962.0,55858.0,89339.0,0.9946,,,,0.0066,,,,
25 Modoc,C-IV,May,2013.0,2013.0,2012/13,423.0,938.0,2071.0,1.0,,,,0.0619,,,,
26 Mono,C-IV,May,2013.0,2013.0,2012/13,387.0,644.0,1593.0,0.967,,,,0.0619,,,,
27 Monterey,C-IV,May,2013.0,2013.0,2012/13,21596.0,49701.0,117748.0,0.9988,,,,0.0153,,,,
28 Napa,C-IV,May,2013.0,2013.0,2012/13,3315.0,7022.0,18902.0,0.7451,,,,0.0619,,,,
29 Nevada,C-IV,May,2013.0,2013.0,2012/13,3868.0,7410.0,12173.0,1.0,,,,0.0619,,,,
30 Orange,CalWIN,May,2013.0,2013.0,2012/13,104608.0,230952.0,538096.0,0.9982,,,,0.0157,,,,
31 Placer,CalWIN,May,2013.0,2013.0,2012/13,8407.0,17698.0,32778.0,0.9907,,,,0.0619,,,,
32 Plumas,C-IV,May,2013.0,2013.0,2012/13,798.0,1693.0,3295.0,0.9778,,,,0.0619,,,,
33 Riverside,C-IV,May,2013.0,2013.0,2012/13,114805.0,276078.0,484012.0,0.998,,,,0.0318,,,,
34 Sacramento,CalWIN,May,2013.0,2013.0,2012/13,93788.0,209334.0,358410.0,0.9835,,,,0.004,,,,
35 San Benito,C-IV,May,2013.0,2013.0,2012/13,2748.0,6429.0,10950.0,0.9864,,,,0.0619,,,,
36 San Bernardino,C-IV,May,2013.0,2013.0,2012/13,158116.0,370393.0,551068.0,0.9993,,,,0.014,,,,
37 San Diego,CalWIN,May,2013.0,2013.0,2012/13,120501.0,258362.0,513397.0,0.9677,,,,0.0274,,,,
38 San Francisco,CalWIN,May,2013.0,2013.0,2012/13,32143.0,50424.0,144811.0,0.9784,,,,0.0344,,,,
39 San Joaquin,C-IV,May,2013.0,2013.0,2012/13,46672.0,112690.0,197201.0,0.985,,,,0.0317,,,,
40 San Luis Obispo,CalWIN,May,2013.0,2013.0,2012/13,9075.0,17655.0,36175.0,0.9917,,,,0.0619,,,,
41 San Mateo,CalWIN,May,2013.0,2013.0,2012/13,14130.0,28918.0,89260.0,0.6908,,,,0.0619,,,,
42 Santa Barbara,CalWIN,May,2013.0,2013.0,2012/13,15117.0,34001.0,94071.0,0.9431,,,,0.0619,,,,
43 Santa Clara,CalWIN,May,2013.0,2013.0,2012/13,52138.0,110778.0,296801.0,0.9716,,,,0.0141,,,,
44 Santa Cruz,CalWIN,May,2013.0,2013.0,2012/13,12243.0,23970.0,48514.0,0.9586,,,,0.0619,,,,
45 Shasta,C-IV,May,2013.0,2013.0,2012/13,12040.0,23856.0,41707.0,0.9573,,,,0.0619,,,,
46 Sierra,C-IV,May,2013.0,2013.0,2012/13,157.0,303.0,516.0,1.0,,,,0.0619,,,,
47 Siskiyou,C-IV,May,2013.0,2013.0,2012/13,2919.0,6523.0,11194.0,1.0,,,,0.0619,,,,
48 Solano,CalWIN,May,2013.0,2013.0,2012/13,20704.0,41295.0,75391.0,0.9427,,,,0.0211,,,,
49 Sonoma,CalWIN,May,2013.0,2013.0,2012/13,18791.0,34749.0,73344.0,0.8861,,,,0.0619,,,,
50 Stanislaus,C-IV,May,2013.0,2013.0,2012/13,41228.0,90539.0,150559.0,0.9889,,,,0.01,,,,
51 Sutter,C-IV,May,2013.0,2013.0,2012/13,5204.0,12425.0,24962.0,0.9302,,,,0.0619,,,,
52 Tehama,C-IV,May,2013.0,2013.0,2012/13,4268.0,9752.0,17868.0,0.974,,,,0.0619,,,,
53 Trinity,C-IV,May,2013.0,2013.0,2012/13,743.0,1499.0,2795.0,0.9722,,,,0.0619,,,,
54 Tulare,CalWIN,May,2013.0,2013.0,2012/13,46504.0,115579.0,185785.0,1.0,,,,0.0435,,,,
55 Tuolumne,C-IV,May,2013.0,2013.0,2012/13,2894.0,5295.0,8580.0,0.931,,,,0.0619,,,,
56 Ventura,CalWIN,May,2013.0,2013.0,2012/13,32384.0,67593.0,132327.0,0.9908,,,,0.0292,,,,
57 Yolo,CalWIN,May,2013.0,2013.0,2012/13,7932.0,16987.0,33105.0,0.1818,,,,0.0619,,,,
58 Yuba,C-IV,May,2013.0,2013.0,2012/13,5773.0,12976.0,20720.0,1.0,,,,0.0619,,,,
00 Statewide,n/a,June,2013.0,2013.0,2012/13,1930773.0,4206669.0,8440833.0,0.9746,,,,0.0319,,,,
01 Alameda,CalWIN,June,2013.0,2013.0,2012/13,62908.0,126072.0,276577.0,0.9046,,,,0.04,,,,
02 Alpine,C-IV,June,2013.0,2013.0,2012/13,92.0,170.0,205.0,1.0,,,,0.059,,,,
03 Amador,C-IV,June,2013.0,2013.0,2012/13,1720.0,3314.0,4586.0,0.9588,,,,0.059,,,,
04 Butte,C-IV,June,2013.0,2013.0,2012/13,14563.0,29934.0,52507.0,0.9531,,,,0.059,,,,
05 Calaveras,C-IV,June,2013.0,2013.0,2012/13,2549.0,4948.0,6934.0,0.9916,,,,0.059,,,,
06 Colusa,C-IV,June,2013.0,2013.0,2012/13,715.0,1754.0,4949.0,1.0,,,,0.059,,,,
07 Contra Costa,CalWIN,June,2013.0,2013.0,2012/13,32835.0,68246.0,160285.0,0.9645,,,,0.0306,,,,
08 Del Norte,C-IV,June,2013.0,2013.0,2012/13,2515.0,5112.0,7879.0,1.0,,,,0.059,,,,
09 El Dorado,C-IV,June,2013.0,2013.0,2012/13,6401.0,11777.0,19878.0,0.9898,,,,0.059,,,,
10 Fresno,CalWIN,June,2013.0,2013.0,2012/13,91073.0,218877.0,335953.0,0.9462,,,,0.0041,,,,
11 Glenn,C-IV,June,2013.0,2013.0,2012/13,1458.0,3594.0,7709.0,1.0,,,,0.059,,,,
12 Humboldt,C-IV,June,2013.0,2013.0,2012/13,8610.0,16152.0,28384.0,0.9606,,,,0.059,,,,
13 Imperial,C-IV,June,2013.0,2013.0,2012/13,14336.0,36718.0,60051.0,0.9544,,,,0.059,,,,
14 Inyo,C-IV,June,2013.0,2013.0,2012/13,1054.0,2114.0,3679.0,0.9878,,,,0.059,,,,
15 Kern,C-IV,June,2013.0,2013.0,2012/13,59483.0,144700.0,261427.0,0.9937,,,,0.0248,,,,
16 Kings,C-IV,June,2013.0,2013.0,2012/13,10002.0,23727.0,39979.0,1.0,,,,0.059,,,,
17 Lake,C-IV,June,2013.0,2013.0,2012/13,5222.0,10428.0,18596.0,0.9614,,,,0.059,,,,
18 Lassen,C-IV,June,2013.0,2013.0,2012/13,1433.0,2976.0,4916.0,0.9863,,,,0.059,,,,
19 Los Angeles,LRS,June,2013.0,2013.0,2012/13,550120.0,1135684.0,2628821.0,0.9718,,,,0.0313,,,,
20 Madera,C-IV,June,2013.0,2013.0,2012/13,10630.0,26984.0,50156.0,0.987,,,,0.059,,,,
21 Marin,C-IV,June,2013.0,2013.0,2012/13,5699.0,9674.0,24942.0,0.9541,,,,0.059,,,,
22 Mariposa,C-IV,June,2013.0,2013.0,2012/13,911.0,1829.0,2950.0,0.9362,,,,0.059,,,,
23 Mendocino,C-IV,June,2013.0,2013.0,2012/13,6920.0,13198.0,24631.0,0.988,,,,0.059,,,,
24 Merced,C-IV,June,2013.0,2013.0,2012/13,22948.0,55753.0,89424.0,0.9976,,,,0.0057,,,,
25 Modoc,C-IV,June,2013.0,2013.0,2012/13,411.0,923.0,2078.0,1.0,,,,0.059,,,,
26 Mono,C-IV,June,2013.0,2013.0,2012/13,404.0,660.0,1588.0,0.8727,,,,0.059,,,,
27 Monterey,C-IV,June,2013.0,2013.0,2012/13,20952.0,48187.0,116991.0,1.0,,,,0.0178,,,,
28 Napa,C-IV,June,2013.0,2013.0,2012/13,3256.0,6860.0,18948.0,0.8069,,,,0.059,,,,
29 Nevada,C-IV,June,2013.0,2013.0,2012/13,3847.0,7362.0,12225.0,1.0,,,,0.059,,,,
30 Orange,CalWIN,June,2013.0,2013.0,2012/13,105031.0,231766.0,538576.0,0.9966,,,,0.0245,,,,
31 Placer,CalWIN,June,2013.0,2013.0,2012/13,8439.0,17684.0,32921.0,0.9946,,,,0.059,,,,
32 Plumas,C-IV,June,2013.0,2013.0,2012/13,795.0,1683.0,3277.0,0.9737,,,,0.059,,,,
33 Riverside,C-IV,June,2013.0,2013.0,2012/13,115068.0,276633.0,484028.0,0.9952,,,,0.0327,,,,
34 Sacramento,CalWIN,June,2013.0,2013.0,2012/13,93953.0,209344.0,357905.0,0.9875,,,,0.0049,,,,
35 San Benito,C-IV,June,2013.0,2013.0,2012/13,2702.0,6300.0,10955.0,0.9905,,,,0.059,,,,
36 San Bernardino,C-IV,June,2013.0,2013.0,2012/13,158275.0,370855.0,550314.0,0.9984,,,,0.0135,,,,
37 San Diego,CalWIN,June,2013.0,2013.0,2012/13,121398.0,259725.0,511398.0,0.9667,,,,0.0256,,,,
38 San Francisco,CalWIN,June,2013.0,2013.0,2012/13,31988.0,50267.0,144543.0,0.9794,,,,0.0373,,,,
39 San Joaquin,C-IV,June,2013.0,2013.0,2012/13,46877.0,113183.0,197190.0,0.9854,,,,0.0297,,,,
40 San Luis Obispo,CalWIN,June,2013.0,2013.0,2012/13,8959.0,17428.0,36192.0,0.9704,,,,0.059,,,,
41 San Mateo,CalWIN,June,2013.0,2013.0,2012/13,14291.0,29162.0,89478.0,0.7808,,,,0.059,,,,
42 Santa Barbara,CalWIN,June,2013.0,2013.0,2012/13,14648.0,32957.0,94091.0,0.95,,,,0.059,,,,
43 Santa Clara,CalWIN,June,2013.0,2013.0,2012/13,52066.0,110402.0,295442.0,0.9736,,,,0.0165,,,,
44 Santa Cruz,CalWIN,June,2013.0,2013.0,2012/13,11883.0,23227.0,48422.0,0.9719,,,,0.059,,,,
45 Shasta,C-IV,June,2013.0,2013.0,2012/13,11982.0,23786.0,41681.0,0.9501,,,,0.059,,,,
46 Sierra,C-IV,June,2013.0,2013.0,2012/13,153.0,291.0,510.0,1.0,,,,0.059,,,,
47 Siskiyou,C-IV,June,2013.0,2013.0,2012/13,2913.0,6532.0,11138.0,1.0,,,,0.059,,,,
48 Solano,CalWIN,June,2013.0,2013.0,2012/13,20693.0,41204.0,75438.0,0.9566,,,,0.0173,,,,
49 Sonoma,CalWIN,June,2013.0,2013.0,2012/13,18688.0,34517.0,73277.0,0.92,,,,0.059,,,,
50 Stanislaus,C-IV,June,2013.0,2013.0,2012/13,41421.0,90886.0,150456.0,0.9808,,,,0.0106,,,,
51 Sutter,C-IV,June,2013.0,2013.0,2012/13,5232.0,12499.0,24943.0,0.9701,,,,0.059,,,,
52 Tehama,C-IV,June,2013.0,2013.0,2012/13,4264.0,9785.0,17889.0,0.9694,,,,0.059,,,,
53 Trinity,C-IV,June,2013.0,2013.0,2012/13,762.0,1512.0,2799.0,0.8431,,,,0.059,,,,
54 Tulare,CalWIN,June,2013.0,2013.0,2012/13,46650.0,115399.0,185545.0,1.0,,,,0.0371,,,,
55 Tuolumne,C-IV,June,2013.0,2013.0,2012/13,2877.0,5250.0,8583.0,0.9624,,,,0.059,,,,
56 Ventura,CalWIN,June,2013.0,2013.0,2012/13,32111.0,66985.0,132647.0,0.9873,,,,0.0302,,,,
57 Yolo,CalWIN,June,2013.0,2013.0,2012/13,7872.0,16772.0,33262.0,0.8376,,,,0.059,,,,
58 Yuba,C-IV,June,2013.0,2013.0,2012/13,5715.0,12908.0,20685.0,0.9926,,,,0.059,,,,
00 Statewide,n/a,July,2013.0,2013.0,2013/14,1942841.0,4221057.0,8468988.0,0.9728,,,,0.0294,,,,
01 Alameda,CalWIN,July,2013.0,2013.0,2013/14,62875.0,125835.0,276464.0,0.887,,,,0.0398,,,,
02 Alpine,C-IV,July,2013.0,2013.0,2013/14,91.0,171.0,212.0,1.0,,,,0.0548,,,,
03 Amador,C-IV,July,2013.0,2013.0,2013/14,1685.0,3280.0,4640.0,0.9725,,,,0.0548,,,,
04 Butte,C-IV,July,2013.0,2013.0,2013/14,14733.0,30211.0,52921.0,0.9602,,,,0.0548,,,,
05 Calaveras,C-IV,July,2013.0,2013.0,2013/14,2576.0,4969.0,6936.0,0.98,,,,0.0548,,,,
06 Colusa,C-IV,July,2013.0,2013.0,2013/14,713.0,1710.0,4995.0,1.0,,,,0.0548,,,,
07 Contra Costa,CalWIN,July,2013.0,2013.0,2013/14,32730.0,67763.0,161166.0,0.9499,,,,0.0301,,,,
08 Del Norte,C-IV,July,2013.0,2013.0,2013/14,2525.0,5132.0,7935.0,1.0,,,,0.0548,,,,
09 El Dorado,C-IV,July,2013.0,2013.0,2013/14,6397.0,11765.0,19999.0,0.9954,,,,0.0548,,,,
10 Fresno,CalWIN,July,2013.0,2013.0,2013/14,90783.0,217757.0,335474.0,0.9186,,,,0.0036,,,,
11 Glenn,C-IV,July,2013.0,2013.0,2013/14,1431.0,3549.0,7779.0,1.0,,,,0.0548,,,,
12 Humboldt,C-IV,July,2013.0,2013.0,2013/14,8812.0,16507.0,28484.0,0.9507,,,,0.0548,,,,
13 Imperial,C-IV,July,2013.0,2013.0,2013/14,14518.0,37083.0,60446.0,0.9307,,,,0.0548,,,,
14 Inyo,C-IV,July,2013.0,2013.0,2013/14,1058.0,2132.0,3661.0,1.0,,,,0.0548,,,,
15 Kern,C-IV,July,2013.0,2013.0,2013/14,59623.0,144653.0,262423.0,0.9922,,,,0.0246,,,,
16 Kings,C-IV,July,2013.0,2013.0,2013/14,9956.0,23543.0,40128.0,0.9959,,,,0.0548,,,,
17 Lake,C-IV,July,2013.0,2013.0,2013/14,5227.0,10453.0,18763.0,0.9474,,,,0.0548,,,,
18 Lassen,C-IV,July,2013.0,2013.0,2013/14,1426.0,2971.0,4891.0,0.9789,,,,0.0548,,,,
19 Los Angeles,LRS,July,2013.0,2013.0,2013/14,557570.0,1148512.0,2635560.0,0.9752,,,,0.0288,,,,
20 Madera,C-IV,July,2013.0,2013.0,2013/14,10608.0,26856.0,50174.0,0.9752,,,,0.0548,,,,
21 Marin,C-IV,July,2013.0,2013.0,2013/14,5762.0,9774.0,25098.0,0.9755,,,,0.0548,,,,
22 Mariposa,C-IV,July,2013.0,2013.0,2013/14,920.0,1855.0,2953.0,0.9362,,,,0.0548,,,,
23 Mendocino,C-IV,July,2013.0,2013.0,2013/14,6923.0,13202.0,24722.0,0.9956,,,,0.0548,,,,
24 Merced,C-IV,July,2013.0,2013.0,2013/14,22956.0,55568.0,89811.0,0.9968,,,,0.006,,,,
25 Modoc,C-IV,July,2013.0,2013.0,2013/14,415.0,935.0,2075.0,1.0,,,,0.0548,,,,
26 Mono,C-IV,July,2013.0,2013.0,2013/14,400.0,656.0,1597.0,0.9714,,,,0.0548,,,,
27 Monterey,C-IV,July,2013.0,2013.0,2013/14,20213.0,46145.0,117075.0,1.0,,,,0.0193,,,,
28 Napa,C-IV,July,2013.0,2013.0,2013/14,3193.0,6710.0,19022.0,0.75,,,,0.0548,,,,
29 Nevada,C-IV,July,2013.0,2013.0,2013/14,3898.0,7452.0,12408.0,0.9961,,,,0.0548,,,,
30 Orange,CalWIN,July,2013.0,2013.0,2013/14,105823.0,232862.0,540438.0,0.9976,,,,0.0212,,,,
31 Placer,CalWIN,July,2013.0,2013.0,2013/14,8480.0,17673.0,33299.0,0.9972,,,,0.0548,,,,
32 Plumas,C-IV,July,2013.0,2013.0,2013/14,773.0,1604.0,3264.0,1.0,,,,0.0548,,,,
33 Riverside,C-IV,July,2013.0,2013.0,2013/14,115800.0,278117.0,487497.0,0.9956,,,,0.0335,,,,
34 Sacramento,CalWIN,July,2013.0,2013.0,2013/14,94824.0,210033.0,359197.0,0.9885,,,,0.0054,,,,
35 San Benito,C-IV,July,2013.0,2013.0,2013/14,2684.0,6232.0,10987.0,1.0,,,,0.0548,,,,
36 San Bernardino,C-IV,July,2013.0,2013.0,2013/14,159737.0,373620.0,553381.0,0.9975,,,,0.0162,,,,
37 San Diego,CalWIN,July,2013.0,2013.0,2013/14,122561.0,260576.0,513718.0,0.9634,,,,0.0238,,,,
38 San Francisco,CalWIN,July,2013.0,2013.0,2013/14,32096.0,50124.0,144859.0,0.9746,,,,0.0373,,,,
39 San Joaquin,C-IV,July,2013.0,2013.0,2013/14,46964.0,113230.0,198048.0,0.978,,,,0.0291,,,,
40 San Luis Obispo,CalWIN,July,2013.0,2013.0,2013/14,8907.0,17319.0,36364.0,0.9619,,,,0.0548,,,,
41 San Mateo,CalWIN,July,2013.0,2013.0,2013/14,14493.0,29339.0,90578.0,0.8314,,,,0.0548,,,,
42 Santa Barbara,CalWIN,July,2013.0,2013.0,2013/14,14344.0,32221.0,94356.0,0.9444,,,,0.0548,,,,
43 Santa Clara,CalWIN,July,2013.0,2013.0,2013/14,52296.0,110622.0,295273.0,0.9604,,,,0.015,,,,
44 Santa Cruz,CalWIN,July,2013.0,2013.0,2013/14,11641.0,22732.0,48474.0,0.933,,,,0.0548,,,,
45 Shasta,C-IV,July,2013.0,2013.0,2013/14,11911.0,23709.0,41841.0,0.9397,,,,0.0548,,,,
46 Sierra,C-IV,July,2013.0,2013.0,2013/14,156.0,305.0,539.0,1.0,,,,0.0548,,,,
47 Siskiyou,C-IV,July,2013.0,2013.0,2013/14,2900.0,6486.0,11229.0,1.0,,,,0.0548,,,,
48 Solano,CalWIN,July,2013.0,2013.0,2013/14,20782.0,41287.0,75637.0,0.9417,,,,0.0139,,,,
49 Sonoma,CalWIN,July,2013.0,2013.0,2013/14,18686.0,34451.0,73691.0,0.8674,,,,0.0548,,,,
50 Stanislaus,C-IV,July,2013.0,2013.0,2013/14,41539.0,91048.0,150590.0,0.9842,,,,0.0094,,,,
51 Sutter,C-IV,July,2013.0,2013.0,2013/14,5215.0,12440.0,25091.0,0.981,,,,0.0548,,,,
52 Tehama,C-IV,July,2013.0,2013.0,2013/14,4320.0,9916.0,18086.0,0.9429,,,,0.0548,,,,
53 Trinity,C-IV,July,2013.0,2013.0,2013/14,762.0,1516.0,2821.0,1.0,,,,0.0548,,,,
54 Tulare,CalWIN,July,2013.0,2013.0,2013/14,46471.0,114774.0,186439.0,1.0,,,,0.0379,,,,
55 Tuolumne,C-IV,July,2013.0,2013.0,2013/14,2828.0,5153.0,8574.0,0.9231,,,,0.0548,,,,
56 Ventura,CalWIN,July,2013.0,2013.0,2013/14,32232.0,66971.0,132631.0,0.9843,,,,0.032,,,,
57 Yolo,CalWIN,July,2013.0,2013.0,2013/14,7850.0,16629.0,33491.0,0.8429,,,,0.0548,,,,
58 Yuba,C-IV,July,2013.0,2013.0,2013/14,5749.0,12919.0,20783.0,0.9864,,,,0.0548,,,,
00 Statewide,n/a,August,2013.0,2013.0,2013/14,1950032.0,4238143.0,8602241.0,0.9734,,,,0.0291,,,,
01 Alameda,CalWIN,August,2013.0,2013.0,2013/14,63351.0,126909.0,277162.0,0.8983,,,,0.0346,,,,
02 Alpin