July 2016 (Accessible sheet). Data table begins in Cell A5. Item descriptions are contained within input messages in Row 5.,,,,,,,,,,,,,,,,,,,,,,,,,,,,,,,,,,,,,,,,,,,,,,,,,,,,,,,,,,,,,,,,,,,,,,,,,,,,,,,,,,,,,,,,,,,,,,,,,,,,,,,,,,,,,,,,,,,,,,,,,,,,,
,PART A.  ,PART A.  ,PART A.  ,PART A.  ,PART A.  ,PART A.  ,PART A.  ,PART A.  ,PART A.  ,PART A.  ,PART A.  ,PART A.  ,PART A.  ,PART A.  ,PART A.  ,PART A.  ,PART A.  ,PART A.  ,PART A.  ,PART A.  ,PART A.  ,PART A.  ,Part B,Part B,Part B,Part B,Part B,Part B,Part B,Part B,Part B,Part B,Part B,Part B,Part B,Part B,Part B,Part B,Part B,Part B,PART C,PART C,PART C,PART C,PART C,PART C,PART C,PART C,PART C,PART C,PART C,PART C,PART C,PART C,PART C,PART C,PART C,PART C,PART C,PART C,PART C,PART C,PART C,PART C,PART C,PART C,PART C,PART C,PART C,PART C,PART C,PART C,PART C,PART C,PART C,PART C,PART C,PART C,PART C,PART C,PART C,PART C,PART C,PART C,PART C,PART C,PART C,PART C,PART C,PART C,PART C,PART C,PART C,PART C,PART C,PART C,PART C,PART C,PART C,PART D,PART D,PART D,PART D,PART D,PART D,PART D,PART D,PART D,PART D,PART D,PART D,PART D,PART D,PART D,PART D,PART D,PART D,PART D,PART D,PART D,PART D,PART D,PART D,,
,,,,,PACF (A),NACF (B),Total (C) ,PACF (A),NACF (B),Total (C) ,PACF (A),NACF (B),Total (C) ,PACF (A),NACF (B),Total (C) ,PACF (A),NACF (B),Total (C) ,PACF (A),NACF (B),Total (C) ,PACF (A),NACF (B),Total (C) ,PACF (A),NACF (B),Total (C) ,PACF (A),NACF (B),Total (C) ,PACF (A),NACF (B),Total (C) ,PACF (A),NACF (B),Total (C) ,PACF (A),NACF (B),Total (C) ,PACF (A),NACF (B),Total (C) ,PACF (A),NACF (B),Total (C) ,PACF (A),NACF (B),Total (C) ,PACF (A),NACF (B),Total (C) ,PACF (Federal),PACF (Fed/State),PACF (State),NACF (Federal),NACF (Fed/State),NACF (State),PACF (A),NACF (B),Total (C) ,PACF (A),NACF (B),Total (C) ,PACF (A),NACF (B),Total (C) ,PACF (A),NACF (B),Total (C) ,PACF (A),NACF (B),Total (C) ,PACF (A),NACF (B),Total (C) ,PACF (A),NACF (B),Total (C) ,Federal Persons,State Persons: Single,State Persons: Families,PACF (A),NACF (B),Total (C) ,State Persons: Single,State Persons: Families,PACF (A),NACF (B),Total (C) ,PACF (A),NACF (B),Total (C) ,PACF (A),NACF (B),Total (C) ,PACF (A),NACF (B),Total (C) ,PACF (A),NACF (B),Total (C) ,PACF: Federal,PACF: Fed/State,PACF: State,NACF: Federal,NACF: Fed/State,NACF: State,PACF (A),NACF (B),Total (C) ,PACF: Federal,PACF: Fed/State,PACF: State,NACF: Federal,NACF: Fed/State,NACF: State,PACF (A),NACF (B),Total (C) ,PACF (A),NACF (B),Total (C) ,,
July 2016,1. Applications received during the month,1A. Online applications received during the month,2. Applications disposed of during the month (sum of Items 2a through 2c),2A. Applications approved (Same as Item 5A/Cell 61),2A.1) Applications approved in over 30 days (CWD caused),2A.1) Applications approved in over 30 days (CWD caused),2A.1) Applications approved in over 30 days (CWD caused),2B. Applications denied (Item 2B1 plus Item 2B2),2B. Applications denied (Item 2B1 plus Item 2B2),2B. Applications denied (Item 2B1 plus Item 2B2),2B.1) Applications denied because determined ineligible,2B.1) Applications denied because determined ineligible,2B.1) Applications denied because determined ineligible,2B.2) Applications denied for procedural reasons,2B.2) Applications denied for procedural reasons,2B.2) Applications denied for procedural reasons,2B.C) Applications denied in over 30 days (CWD caused),2B.C) Applications denied in over 30 days (CWD caused),2B.C) Applications denied in over 30 days (CWD caused),2C. Applications withdrawn,2C. Applications withdrawn,2C. Applications withdrawn,"3. Of the applications disposed of during the month in Item 2, applications processed under ES (Item 3A plus Item 3B)","3. Of the applications disposed of during the month in Item 2, applications processed under ES (Item 3A plus Item 3B)","3. Of the applications disposed of during the month in Item 2, applications processed under ES (Item 3A plus Item 3B)",3A. Found entitled to ES (Sum of Items 3A1 through 3A3),3A. Found entitled to ES (Sum of Items 3A1 through 3A3),3A. Found entitled to ES (Sum of Items 3A1 through 3A3),3A.1) Benefits issued in 1-3 days,3A.1) Benefits issued in 1-3 days,3A.1) Benefits issued in 1-3 days,3A.2) Benefits issued in 4-7 days,3A.2) Benefits issued in 4-7 days,3A.2) Benefits issued in 4-7 days,3A.3) Benefits issued in over 7 days,3A.3) Benefits issued in over 7 days,3A.3) Benefits issued in over 7 days,3B. Found not entitled to ES,3B. Found not entitled to ES,3B. Found not entitled to ES,4. Cases brought forward at the beginning of the month,4. Cases brought forward at the beginning of the month,4. Cases brought forward at the beginning of the month,"4A. Item 8 from last month's report, as reported to CDSS","4A. Item 8 from last month's report, as reported to CDSS","4A. Item 8 from last month's report, as reported to CDSS","4B. Adjustment (Item 4 minus Item 4A, positive or negative number, explain in the Item 4B Adjustment Explanation)","4B. Adjustment (Item 4 minus Item 4A, positive or negative number, explain in the Item 4B Adjustment Explanation)","4B. Adjustment (Item 4 minus Item 4A, positive or negative number, explain in the Item 4B Adjustment Explanation)","5. Cases added during the month (Sum of Items 5A through 5E, positive or negative number)","5. Cases added during the month (Sum of Items 5A through 5E, positive or negative number)","5. Cases added during the month (Sum of Items 5A through 5E, positive or negative number)",5A. Applications Approved,5A. Applications Approved,5A. Applications Approved,5A. Applications Approved,5A. Applications Approved,5A. Applications Approved,5A. Applications Approved,5A. Applications Approved,5A. Applications Approved,5B. Change in assistance status from PACF or NACF,5B. Change in assistance status from PACF or NACF,5B. Change in assistance status from PACF or NACF,5C. Inter-County Transfers,5C. Inter-County Transfers,5C. Inter-County Transfers,5D. Cases with eligibility reinstated and benefits pro-rated during the month,5D. Cases with eligibility reinstated and benefits pro-rated during the month,5D. Cases with eligibility reinstated and benefits pro-rated during the month,5E. Other Approvals,5E. Other Approvals,5E. Other Approvals,6. Total cases open during the month (Certified eligible to participate during the month) (Item 4 plus Item 5; also sum of Items 6A through 6C),6. Total cases open during the month (Certified eligible to participate during the month) (Item 4 plus Item 5; also sum of Items 6A through 6C),6. Total cases open during the month (Certified eligible to participate during the month) (Item 4 plus Item 5; also sum of Items 6A through 6C),6A. Pure federal cases,6A. Pure federal cases,6A. Pure federal cases,6A.1) Federal persons in Item 6A cases plus federal persons in Item 6B cases,6B. Federal/State combined cases,6B. Federal/State combined cases,6B. Federal/State combined cases,6B. Federal/State combined cases,6B. Federal/State combined cases,6C. Pure state cases,6C. Pure state cases,6C. Pure state cases,6C. Pure state cases,6C. Pure state cases,7. Cases discontinued during the month,7. Cases discontinued during the month,7. Cases discontinued during the month,7A. Households discontinued due to recipient failure to complete application process for ongoing benefits (ES only),7A. Households discontinued due to recipient failure to complete application process for ongoing benefits (ES only),7A. Households discontinued due to recipient failure to complete application process for ongoing benefits (ES only),8. Cases brought forward at the end of the month (Item 6 minus Item 7),8. Cases brought forward at the end of the month (Item 6 minus Item 7),8. Cases brought forward at the end of the month (Item 6 minus Item 7),9. Recertifications disposed of during the month (Item 9A plus Item 9B),9. Recertifications disposed of during the month (Item 9A plus Item 9B),9. Recertifications disposed of during the month (Item 9A plus Item 9B),9A. Determined continuing eligible,9A. Determined continuing eligible,9A. Determined continuing eligible,9A. Determined continuing eligible,9A. Determined continuing eligible,9A. Determined continuing eligible,9A. Determined continuing eligible,9A. Determined continuing eligible,9A. Determined continuing eligible,9B. Determined ineligible,9B. Determined ineligible,9B. Determined ineligible,9B. Determined ineligible,9B. Determined ineligible,9B. Determined ineligible,9B. Determined ineligible,9B. Determined ineligible,9B. Determined ineligible,10. Overdue recertifications (CWD caused) during the month,10. Overdue recertifications (CWD caused) during the month,10. Overdue recertifications (CWD caused) during the month,,
County,Cell 1,Cell 2,Cell 3,Cell 4,Cell 5,Cell 6,Cell 7,Cell 8,Cell 9,Cell 10,Cell 11,Cell 12,Cell 13,Cell 14,Cell 15,Cell 16,Cell 17,Cell 18,Cell 19,Cell 20,Cell 21,Cell 22,Cell 23,Cell 24,Cell 25,Cell 26,Cell 27,Cell 28,Cell 29,Cell 30,Cell 31,Cell 32,Cell 33,Cell 34,Cell 35,Cell 36,Cell 37,Cell 38,Cell 39,Cell 40,Cell 41,Cell 42,Cell 43,Cell 44,Cell 45,Cell 46,Cell 47,Cell 48,Cell 49,Cell 50,Cell 51,Cell 52,Cell 53,Cell 54,Cell 55,Cell 56,Cell 57,Cell 58,Cell 59,Cell 60,Cell 61,Cell 62,Cell 63,Cell 64,Cell 65,Cell 66,Cell 67,Cell 68,Cell 69,Cell 70,Cell 71,Cell 72,Cell 73,Cell 74,Cell 75,Cell 76,Cell 77,Cell 78,Cell 79,Cell 80,Cell 81,Cell 82,Cell 83,Cell 84,Cell 85,Cell 86,Cell 87,Cell 88,Cell 89,Cell 90,Cell 91,Cell 92,Cell 93,Cell 94,Cell 95,Cell 96,Cell 97,Cell 98,Cell 99,Cell 100,Cell 101,Cell 102,Cell 103,Cell 104,Cell 105,Cell 106,Cell 107,Cell 108,Cell 109,Cell 110,Cell 111,Cell 112,Cell 113,Cell 114,Cell 115,Cell 116,Cell 117,Cell 118,Cell 119,Cell 120,Cell 121,Cell 122,Cell 123,,
Alameda  a/,,,,,,,,,,,,,,,,,,,,,,,,,,,,,,,,,,,,,,,,,,,,,,,,,,,,,,,,,,,,,,,,,,,,,,,,,,,,,,,,,,,,,,,,,,,,,,,,,,,,,,,,,,,,,,,,,,,,,,,,,,,,,
Alpine,5.0,0.0,5.0,5.0,0.0,0.0,0.0,0.0,0.0,0.0,0.0,0.0,0.0,0.0,0.0,0.0,0.0,0.0,0.0,0.0,0.0,0.0,0.0,5.0,5.0,0.0,4.0,4.0,0.0,4.0,4.0,0.0,0.0,0.0,0.0,0.0,0.0,0.0,1.0,1.0,1.0,88.0,89.0,1.0,88.0,89.0,0.0,0.0,0.0,-1.0,6.0,5.0,0.0,0.0,0.0,5.0,0.0,0.0,0.0,5.0,5.0,-1.0,1.0,0.0,0.0,0.0,0.0,0.0,0.0,0.0,0.0,0.0,0.0,0.0,94.0,94.0,0.0,94.0,94.0,155.0,0.0,0.0,0.0,0.0,0.0,0.0,0.0,0.0,0.0,0.0,0.0,3.0,3.0,0.0,0.0,0.0,0.0,91.0,91.0,0.0,0.0,0.0,0.0,0.0,0.0,0.0,0.0,0.0,0.0,0.0,0.0,0.0,0.0,0.0,0.0,0.0,0.0,0.0,0.0,0.0,0.0,0.0,0.0,,
Amador,38.0,38.0,112.0,71.0,0.0,0.0,0.0,0.0,32.0,32.0,0.0,32.0,32.0,0.0,0.0,0.0,0.0,2.0,2.0,0.0,9.0,9.0,0.0,0.0,0.0,0.0,0.0,0.0,0.0,0.0,0.0,0.0,0.0,0.0,0.0,0.0,0.0,0.0,0.0,0.0,139.0,1520.0,1659.0,139.0,1520.0,1659.0,0.0,0.0,0.0,9.0,128.0,137.0,1.0,0.0,0.0,70.0,0.0,0.0,1.0,70.0,71.0,1.0,-1.0,0.0,3.0,7.0,10.0,3.0,15.0,18.0,1.0,37.0,38.0,148.0,1648.0,1796.0,148.0,1646.0,1794.0,3366.0,0.0,2.0,0.0,2.0,2.0,0.0,0.0,0.0,0.0,0.0,16.0,133.0,149.0,0.0,0.0,0.0,132.0,1515.0,1647.0,10.0,128.0,138.0,9.0,0.0,0.0,125.0,1.0,0.0,9.0,126.0,135.0,1.0,0.0,0.0,2.0,0.0,0.0,1.0,2.0,3.0,0.0,0.0,0.0,,
Butte,1245.0,312.0,1238.0,701.0,3.0,43.0,46.0,0.0,476.0,476.0,0.0,195.0,195.0,0.0,281.0,281.0,0.0,49.0,49.0,0.0,61.0,61.0,27.0,1210.0,1237.0,16.0,476.0,492.0,14.0,448.0,462.0,0.0,19.0,19.0,2.0,9.0,11.0,11.0,734.0,745.0,1696.0,14283.0,15979.0,1696.0,14283.0,15979.0,0.0,0.0,0.0,55.0,1198.0,1253.0,33.0,0.0,0.0,665.0,0.0,3.0,33.0,668.0,701.0,-44.0,44.0,0.0,8.0,32.0,40.0,5.0,115.0,120.0,53.0,339.0,392.0,1751.0,15481.0,17232.0,1740.0,15408.0,17148.0,32455.0,3.0,50.0,10.0,41.0,51.0,33.0,5.0,1.0,32.0,33.0,109.0,1466.0,1575.0,0.0,0.0,0.0,1642.0,14015.0,15657.0,117.0,628.0,745.0,116.0,0.0,0.0,623.0,1.0,1.0,116.0,625.0,741.0,1.0,0.0,0.0,3.0,0.0,0.0,1.0,3.0,4.0,0.0,0.0,0.0,,
Calaveras,195.0,23.0,179.0,140.0,0.0,2.0,2.0,0.0,32.0,32.0,0.0,13.0,13.0,0.0,19.0,19.0,0.0,2.0,2.0,0.0,7.0,7.0,5.0,174.0,179.0,4.0,93.0,97.0,3.0,83.0,86.0,0.0,4.0,4.0,1.0,6.0,7.0,1.0,81.0,82.0,200.0,2379.0,2579.0,200.0,2379.0,2579.0,0.0,0.0,0.0,11.0,245.0,256.0,4.0,0.0,0.0,134.0,1.0,1.0,4.0,136.0,140.0,-3.0,3.0,0.0,3.0,4.0,7.0,3.0,34.0,37.0,4.0,68.0,72.0,211.0,2624.0,2835.0,211.0,2614.0,2825.0,5210.0,0.0,8.0,0.0,6.0,6.0,6.0,0.0,0.0,4.0,4.0,16.0,209.0,225.0,0.0,0.0,0.0,195.0,2415.0,2610.0,24.0,205.0,229.0,24.0,0.0,0.0,205.0,0.0,0.0,24.0,205.0,229.0,0.0,0.0,0.0,0.0,0.0,0.0,0.0,0.0,0.0,0.0,0.0,0.0,,
Colusa,61.0,10.0,51.0,26.0,0.0,3.0,3.0,0.0,22.0,22.0,0.0,7.0,7.0,0.0,15.0,15.0,0.0,0.0,0.0,0.0,3.0,3.0,4.0,47.0,51.0,2.0,17.0,19.0,2.0,15.0,17.0,0.0,1.0,1.0,0.0,1.0,1.0,2.0,30.0,32.0,79.0,509.0,588.0,79.0,509.0,588.0,0.0,0.0,0.0,0.0,58.0,58.0,3.0,0.0,0.0,23.0,0.0,0.0,3.0,23.0,26.0,-5.0,5.0,0.0,0.0,2.0,2.0,0.0,6.0,6.0,2.0,22.0,24.0,79.0,567.0,646.0,78.0,565.0,643.0,1439.0,0.0,4.0,1.0,2.0,3.0,0.0,0.0,0.0,0.0,0.0,9.0,51.0,60.0,0.0,0.0,0.0,70.0,516.0,586.0,1.0,16.0,17.0,1.0,0.0,0.0,16.0,0.0,0.0,1.0,16.0,17.0,0.0,0.0,0.0,0.0,0.0,0.0,0.0,0.0,0.0,0.0,0.0,0.0,,
Contra Costa,2162.0,599.0,1884.0,991.0,7.0,33.0,40.0,1.0,776.0,777.0,1.0,768.0,769.0,0.0,8.0,8.0,0.0,55.0,55.0,0.0,116.0,116.0,29.0,1102.0,1131.0,21.0,433.0,454.0,20.0,421.0,441.0,1.0,10.0,11.0,0.0,2.0,2.0,8.0,669.0,677.0,4004.0,27601.0,31605.0,3978.0,27422.0,31400.0,26.0,179.0,205.0,112.0,2499.0,2611.0,83.0,1.0,0.0,895.0,5.0,7.0,84.0,907.0,991.0,-119.0,119.0,0.0,11.0,71.0,82.0,12.0,45.0,57.0,124.0,1357.0,1481.0,4116.0,30100.0,34216.0,4005.0,29588.0,33593.0,68259.0,36.0,624.0,108.0,356.0,464.0,205.0,9.0,3.0,156.0,159.0,238.0,3420.0,3658.0,0.0,0.0,0.0,3878.0,26680.0,30558.0,298.0,1430.0,1728.0,292.0,4.0,0.0,1369.0,21.0,1.0,296.0,1391.0,1687.0,2.0,0.0,0.0,38.0,1.0,0.0,2.0,39.0,41.0,0.0,6.0,6.0,,
Del Norte,167.0,9.0,172.0,90.0,0.0,0.0,0.0,0.0,79.0,79.0,0.0,36.0,36.0,0.0,43.0,43.0,0.0,1.0,1.0,0.0,3.0,3.0,8.0,164.0,172.0,4.0,61.0,65.0,4.0,54.0,58.0,0.0,5.0,5.0,0.0,2.0,2.0,4.0,103.0,107.0,400.0,2050.0,2450.0,400.0,2050.0,2450.0,0.0,0.0,0.0,-5.0,188.0,183.0,7.0,0.0,0.0,83.0,0.0,0.0,7.0,83.0,90.0,-23.0,23.0,0.0,0.0,4.0,4.0,2.0,14.0,16.0,9.0,64.0,73.0,395.0,2238.0,2633.0,395.0,2237.0,2632.0,5344.0,0.0,1.0,0.0,1.0,1.0,0.0,0.0,0.0,0.0,0.0,24.0,204.0,228.0,0.0,0.0,0.0,371.0,2034.0,2405.0,29.0,103.0,132.0,29.0,0.0,0.0,102.0,0.0,0.0,29.0,102.0,131.0,0.0,0.0,0.0,1.0,0.0,0.0,0.0,1.0,1.0,0.0,0.0,0.0,,
El Dorado,531.0,79.0,556.0,345.0,1.0,9.0,10.0,0.0,200.0,200.0,0.0,66.0,66.0,0.0,134.0,134.0,0.0,4.0,4.0,0.0,11.0,11.0,12.0,544.0,556.0,6.0,249.0,255.0,6.0,246.0,252.0,0.0,0.0,0.0,0.0,3.0,3.0,6.0,295.0,301.0,539.0,6277.0,6816.0,539.0,6278.0,6817.0,0.0,-1.0,-1.0,31.0,550.0,581.0,13.0,0.0,0.0,331.0,0.0,1.0,13.0,332.0,345.0,1.0,-1.0,0.0,2.0,19.0,21.0,2.0,44.0,46.0,13.0,156.0,169.0,570.0,6827.0,7397.0,569.0,6787.0,7356.0,13053.0,3.0,35.0,1.0,31.0,32.0,11.0,0.0,0.0,9.0,9.0,43.0,636.0,679.0,0.0,0.0,0.0,527.0,6191.0,6718.0,32.0,260.0,292.0,32.0,0.0,0.0,258.0,1.0,0.0,32.0,259.0,291.0,0.0,0.0,0.0,1.0,0.0,0.0,0.0,1.0,1.0,0.0,0.0,0.0,,
Fresno,4250.0,1691.0,3966.0,2796.0,17.0,110.0,127.0,6.0,1081.0,1087.0,6.0,1077.0,1083.0,0.0,4.0,4.0,2.0,219.0,221.0,0.0,83.0,83.0,65.0,3218.0,3283.0,28.0,1344.0,1372.0,24.0,1290.0,1314.0,3.0,43.0,46.0,1.0,11.0,12.0,37.0,1874.0,1911.0,12395.0,79228.0,91623.0,12039.0,76455.0,88494.0,356.0,2773.0,3129.0,-22.0,2899.0,2877.0,192.0,3.0,0.0,2551.0,20.0,30.0,195.0,2601.0,2796.0,-234.0,234.0,0.0,9.0,18.0,27.0,4.0,13.0,17.0,4.0,33.0,37.0,12373.0,82127.0,94500.0,12176.0,81241.0,93417.0,217394.0,62.0,932.0,184.0,673.0,857.0,254.0,29.0,13.0,213.0,226.0,697.0,6902.0,7599.0,0.0,30.0,30.0,11676.0,75225.0,86901.0,1031.0,5348.0,6379.0,911.0,26.0,0.0,4381.0,39.0,15.0,937.0,4435.0,5372.0,92.0,2.0,0.0,893.0,18.0,2.0,94.0,913.0,1007.0,4.0,31.0,35.0,,
Glenn,97.0,6.0,95.0,72.0,0.0,0.0,0.0,0.0,21.0,21.0,0.0,7.0,7.0,0.0,14.0,14.0,0.0,1.0,1.0,0.0,2.0,2.0,7.0,88.0,95.0,3.0,42.0,45.0,3.0,42.0,45.0,0.0,0.0,0.0,0.0,0.0,0.0,4.0,46.0,50.0,220.0,1304.0,1524.0,220.0,1304.0,1524.0,0.0,0.0,0.0,8.0,96.0,104.0,8.0,0.0,0.0,62.0,2.0,0.0,8.0,64.0,72.0,-4.0,4.0,0.0,1.0,3.0,4.0,2.0,4.0,6.0,1.0,21.0,22.0,228.0,1400.0,1628.0,226.0,1388.0,1614.0,3805.0,0.0,14.0,2.0,12.0,14.0,0.0,0.0,0.0,0.0,0.0,6.0,125.0,131.0,0.0,0.0,0.0,222.0,1275.0,1497.0,9.0,63.0,72.0,9.0,0.0,0.0,61.0,0.0,0.0,9.0,61.0,70.0,0.0,0.0,0.0,2.0,0.0,0.0,0.0,2.0,2.0,0.0,0.0,0.0,,
Humboldt,1001.0,155.0,963.0,511.0,0.0,2.0,2.0,0.0,415.0,415.0,0.0,153.0,153.0,0.0,262.0,262.0,0.0,3.0,3.0,0.0,37.0,37.0,13.0,776.0,789.0,10.0,335.0,345.0,10.0,322.0,332.0,0.0,9.0,9.0,0.0,4.0,4.0,3.0,441.0,444.0,909.0,10795.0,11704.0,909.0,10795.0,11704.0,0.0,0.0,0.0,7.0,980.0,987.0,13.0,0.0,0.0,497.0,1.0,0.0,13.0,498.0,511.0,-38.0,38.0,0.0,7.0,32.0,39.0,1.0,95.0,96.0,24.0,317.0,341.0,916.0,11775.0,12691.0,916.0,11741.0,12657.0,21453.0,8.0,24.0,0.0,27.0,27.0,7.0,2.0,0.0,7.0,7.0,37.0,1093.0,1130.0,0.0,0.0,0.0,879.0,10682.0,11561.0,62.0,401.0,463.0,62.0,0.0,0.0,398.0,0.0,0.0,62.0,398.0,460.0,0.0,0.0,0.0,3.0,0.0,0.0,0.0,3.0,3.0,0.0,0.0,0.0,,
Imperial,1159.0,113.0,1127.0,750.0,3.0,12.0,15.0,1.0,328.0,329.0,1.0,156.0,157.0,0.0,172.0,172.0,0.0,6.0,6.0,0.0,48.0,48.0,30.0,1096.0,1126.0,19.0,432.0,451.0,15.0,396.0,411.0,2.0,21.0,23.0,2.0,15.0,17.0,11.0,664.0,675.0,2225.0,14285.0,16510.0,2225.0,14286.0,16511.0,0.0,-1.0,-1.0,79.0,1066.0,1145.0,42.0,0.0,0.0,686.0,19.0,3.0,42.0,708.0,750.0,-28.0,28.0,0.0,2.0,9.0,11.0,10.0,98.0,108.0,53.0,223.0,276.0,2304.0,15351.0,17655.0,2269.0,14986.0,17255.0,42478.0,33.0,337.0,31.0,309.0,340.0,60.0,9.0,4.0,56.0,60.0,103.0,1018.0,1121.0,0.0,0.0,0.0,2201.0,14333.0,16534.0,173.0,850.0,1023.0,168.0,5.0,0.0,825.0,18.0,3.0,173.0,846.0,1019.0,0.0,0.0,0.0,4.0,0.0,0.0,0.0,4.0,4.0,0.0,0.0,0.0,,
Inyo,84.0,2.0,78.0,54.0,0.0,0.0,0.0,0.0,19.0,19.0,0.0,9.0,9.0,0.0,10.0,10.0,0.0,0.0,0.0,0.0,5.0,5.0,3.0,75.0,78.0,2.0,42.0,44.0,2.0,38.0,40.0,0.0,2.0,2.0,0.0,2.0,2.0,1.0,33.0,34.0,100.0,898.0,998.0,100.0,898.0,998.0,0.0,0.0,0.0,-3.0,87.0,84.0,3.0,0.0,0.0,51.0,0.0,0.0,3.0,51.0,54.0,-6.0,6.0,0.0,0.0,6.0,6.0,0.0,8.0,8.0,0.0,16.0,16.0,97.0,985.0,1082.0,96.0,978.0,1074.0,2083.0,1.0,7.0,0.0,7.0,7.0,1.0,0.0,1.0,0.0,1.0,4.0,77.0,81.0,0.0,0.0,0.0,93.0,908.0,1001.0,2.0,45.0,47.0,2.0,0.0,0.0,44.0,1.0,0.0,2.0,45.0,47.0,0.0,0.0,0.0,0.0,0.0,0.0,0.0,0.0,0.0,0.0,0.0,0.0,,
Kern,5310.0,1320.0,5330.0,3399.0,3.0,65.0,68.0,1.0,1766.0,1767.0,1.0,887.0,888.0,0.0,879.0,879.0,0.0,38.0,38.0,0.0,164.0,164.0,170.0,5160.0,5330.0,108.0,2007.0,2115.0,104.0,1855.0,1959.0,4.0,119.0,123.0,0.0,33.0,33.0,62.0,3153.0,3215.0,9797.0,56416.0,66213.0,9797.0,56417.0,66214.0,0.0,-1.0,-1.0,301.0,4952.0,5253.0,215.0,0.0,0.0,3121.0,44.0,19.0,215.0,3184.0,3399.0,-135.0,135.0,0.0,11.0,81.0,92.0,59.0,419.0,478.0,151.0,1133.0,1284.0,10098.0,61368.0,71466.0,10033.0,60325.0,70358.0,164459.0,62.0,885.0,64.0,804.0,868.0,299.0,18.0,1.0,239.0,240.0,465.0,4969.0,5434.0,0.0,3.0,3.0,9633.0,56399.0,66032.0,640.0,2376.0,3016.0,633.0,4.0,0.0,2275.0,26.0,5.0,637.0,2306.0,2943.0,3.0,0.0,0.0,67.0,3.0,0.0,3.0,70.0,73.0,0.0,0.0,0.0,,
Kings,825.0,98.0,786.0,514.0,1.0,6.0,7.0,0.0,258.0,258.0,0.0,155.0,155.0,0.0,103.0,103.0,0.0,12.0,12.0,0.0,14.0,14.0,26.0,757.0,783.0,13.0,318.0,331.0,12.0,307.0,319.0,1.0,9.0,10.0,0.0,2.0,2.0,13.0,439.0,452.0,1360.0,8703.0,10063.0,1360.0,8703.0,10063.0,0.0,0.0,0.0,78.0,753.0,831.0,29.0,1.0,1.0,479.0,4.0,0.0,31.0,483.0,514.0,8.0,-8.0,0.0,4.0,18.0,22.0,7.0,99.0,106.0,28.0,161.0,189.0,1438.0,9456.0,10894.0,1420.0,9323.0,10743.0,24537.0,14.0,116.0,15.0,111.0,126.0,29.0,2.0,3.0,22.0,25.0,67.0,781.0,848.0,0.0,0.0,0.0,1371.0,8675.0,10046.0,91.0,411.0,502.0,90.0,1.0,0.0,405.0,2.0,0.0,91.0,407.0,498.0,0.0,0.0,0.0,4.0,0.0,0.0,0.0,4.0,4.0,0.0,0.0,0.0,,
Lake,413.0,35.0,394.0,293.0,2.0,10.0,12.0,1.0,91.0,92.0,1.0,33.0,34.0,0.0,58.0,58.0,0.0,2.0,2.0,0.0,9.0,9.0,11.0,383.0,394.0,10.0,199.0,209.0,8.0,189.0,197.0,2.0,6.0,8.0,0.0,4.0,4.0,1.0,184.0,185.0,572.0,5597.0,6169.0,572.0,5598.0,6170.0,0.0,-1.0,-1.0,35.0,513.0,548.0,14.0,0.0,0.0,279.0,0.0,0.0,14.0,279.0,293.0,-1.0,1.0,0.0,0.0,14.0,14.0,3.0,10.0,13.0,19.0,209.0,228.0,607.0,6110.0,6717.0,603.0,6078.0,6681.0,12478.0,2.0,27.0,4.0,23.0,27.0,11.0,0.0,0.0,9.0,9.0,30.0,523.0,553.0,0.0,0.0,0.0,577.0,5587.0,6164.0,36.0,319.0,355.0,35.0,0.0,0.0,317.0,0.0,0.0,35.0,317.0,352.0,1.0,0.0,0.0,2.0,0.0,0.0,1.0,2.0,3.0,0.0,0.0,0.0,,
Lassen,101.0,16.0,107.0,71.0,1.0,6.0,7.0,0.0,29.0,29.0,0.0,20.0,20.0,0.0,9.0,9.0,0.0,3.0,3.0,0.0,7.0,7.0,1.0,106.0,107.0,0.0,51.0,51.0,0.0,38.0,38.0,0.0,7.0,7.0,0.0,6.0,6.0,1.0,55.0,56.0,211.0,1234.0,1445.0,211.0,1234.0,1445.0,0.0,0.0,0.0,9.0,129.0,138.0,2.0,0.0,0.0,69.0,0.0,0.0,2.0,69.0,71.0,-7.0,7.0,0.0,0.0,5.0,5.0,3.0,12.0,15.0,11.0,36.0,47.0,220.0,1363.0,1583.0,219.0,1361.0,1580.0,3160.0,0.0,3.0,0.0,2.0,2.0,1.0,0.0,1.0,0.0,1.0,18.0,134.0,152.0,0.0,0.0,0.0,202.0,1229.0,1431.0,15.0,68.0,83.0,15.0,0.0,0.0,68.0,0.0,0.0,15.0,68.0,83.0,0.0,0.0,0.0,0.0,0.0,0.0,0.0,0.0,0.0,0.0,0.0,0.0,,
Los Angeles,37337.0,5197.0,28803.0,21267.0,207.0,789.0,996.0,11.0,6487.0,6498.0,2.0,2318.0,2320.0,9.0,4169.0,4178.0,0.0,227.0,227.0,0.0,1038.0,1038.0,2501.0,26277.0,28778.0,1890.0,12888.0,14778.0,1357.0,10830.0,12187.0,160.0,730.0,890.0,373.0,1328.0,1701.0,611.0,13389.0,14000.0,80471.0,446398.0,526869.0,80034.0,435220.0,515254.0,437.0,11178.0,11615.0,6389.0,32031.0,38420.0,2362.0,64.0,2.0,18322.0,280.0,237.0,2428.0,18839.0,21267.0,480.0,-480.0,0.0,173.0,54.0,227.0,193.0,897.0,1090.0,3115.0,12721.0,15836.0,86860.0,478429.0,565289.0,84468.0,468846.0,553314.0,1109728.0,710.0,9654.0,2337.0,5779.0,8116.0,4478.0,475.0,55.0,3804.0,3859.0,2661.0,23064.0,25725.0,57.0,160.0,217.0,84199.0,455365.0,539564.0,3771.0,12579.0,16350.0,3643.0,107.0,3.0,12123.0,203.0,71.0,3753.0,12397.0,16150.0,18.0,0.0,0.0,173.0,9.0,0.0,18.0,182.0,200.0,0.0,0.0,0.0,,
Madera,704.0,73.0,697.0,463.0,1.0,3.0,4.0,0.0,211.0,211.0,0.0,94.0,94.0,0.0,117.0,117.0,0.0,3.0,3.0,0.0,23.0,23.0,23.0,673.0,696.0,12.0,297.0,309.0,12.0,288.0,300.0,0.0,5.0,5.0,0.0,4.0,4.0,11.0,376.0,387.0,1713.0,9444.0,11157.0,1713.0,9444.0,11157.0,0.0,0.0,0.0,4.0,735.0,739.0,25.0,0.0,0.0,434.0,2.0,2.0,25.0,438.0,463.0,-49.0,49.0,0.0,7.0,21.0,28.0,9.0,72.0,81.0,12.0,155.0,167.0,1717.0,10179.0,11896.0,1705.0,10118.0,11823.0,28730.0,1.0,64.0,11.0,53.0,64.0,10.0,2.0,1.0,8.0,9.0,71.0,705.0,776.0,0.0,0.0,0.0,1646.0,9474.0,11120.0,102.0,513.0,615.0,101.0,1.0,0.0,508.0,1.0,0.0,102.0,509.0,611.0,0.0,0.0,0.0,4.0,0.0,0.0,0.0,4.0,4.0,0.0,0.0,0.0,,
Marin,453.0,70.0,414.0,293.0,0.0,14.0,14.0,0.0,99.0,99.0,0.0,38.0,38.0,0.0,61.0,61.0,0.0,3.0,3.0,0.0,22.0,22.0,10.0,404.0,414.0,7.0,177.0,184.0,5.0,159.0,164.0,1.0,14.0,15.0,1.0,4.0,5.0,3.0,227.0,230.0,575.0,5313.0,5888.0,575.0,5313.0,5888.0,0.0,0.0,0.0,16.0,432.0,448.0,7.0,4.0,0.0,264.0,8.0,10.0,11.0,282.0,293.0,-9.0,9.0,0.0,3.0,14.0,17.0,0.0,39.0,39.0,11.0,88.0,99.0,591.0,5745.0,6336.0,550.0,5458.0,6008.0,9994.0,5.0,297.0,39.0,210.0,249.0,71.0,26.0,2.0,77.0,79.0,33.0,440.0,473.0,0.0,0.0,0.0,558.0,5305.0,5863.0,29.0,198.0,227.0,26.0,2.0,1.0,186.0,10.0,0.0,29.0,196.0,225.0,0.0,0.0,0.0,2.0,0.0,0.0,0.0,2.0,2.0,0.0,0.0,0.0,,
Mariposa,65.0,9.0,45.0,21.0,0.0,0.0,0.0,0.0,19.0,19.0,0.0,3.0,3.0,0.0,16.0,16.0,0.0,0.0,0.0,0.0,5.0,5.0,1.0,44.0,45.0,1.0,16.0,17.0,1.0,15.0,16.0,0.0,1.0,1.0,0.0,0.0,0.0,0.0,28.0,28.0,111.0,938.0,1049.0,112.0,938.0,1050.0,-1.0,0.0,-1.0,3.0,43.0,46.0,1.0,0.0,0.0,20.0,0.0,0.0,1.0,20.0,21.0,-3.0,3.0,0.0,2.0,5.0,7.0,1.0,5.0,6.0,2.0,10.0,12.0,114.0,981.0,1095.0,113.0,977.0,1090.0,2006.0,1.0,2.0,1.0,2.0,3.0,2.0,0.0,0.0,2.0,2.0,6.0,57.0,63.0,0.0,0.0,0.0,108.0,924.0,1032.0,7.0,43.0,50.0,7.0,0.0,0.0,42.0,0.0,0.0,7.0,42.0,49.0,0.0,0.0,0.0,1.0,0.0,0.0,0.0,1.0,1.0,0.0,0.0,0.0,,
Mendocino,424.0,45.0,411.0,320.0,2.0,17.0,19.0,0.0,83.0,83.0,0.0,36.0,36.0,0.0,47.0,47.0,0.0,2.0,2.0,0.0,8.0,8.0,16.0,392.0,408.0,10.0,209.0,219.0,10.0,207.0,217.0,0.0,2.0,2.0,0.0,0.0,0.0,6.0,183.0,189.0,581.0,5722.0,6303.0,581.0,5722.0,6303.0,0.0,0.0,0.0,29.0,460.0,489.0,17.0,0.0,0.0,301.0,1.0,1.0,17.0,303.0,320.0,-9.0,9.0,0.0,4.0,9.0,13.0,4.0,45.0,49.0,13.0,94.0,107.0,610.0,6182.0,6792.0,608.0,6133.0,6741.0,12588.0,4.0,39.0,2.0,40.0,42.0,10.0,1.0,0.0,9.0,9.0,49.0,534.0,583.0,0.0,0.0,0.0,561.0,5648.0,6209.0,28.0,176.0,204.0,28.0,0.0,0.0,170.0,1.0,0.0,28.0,171.0,199.0,0.0,0.0,0.0,5.0,0.0,0.0,0.0,5.0,5.0,0.0,0.0,0.0,,
Merced,1433.0,254.0,1261.0,736.0,4.0,17.0,21.0,0.0,398.0,398.0,0.0,132.0,132.0,0.0,266.0,266.0,0.0,18.0,18.0,0.0,127.0,127.0,60.0,1201.0,1261.0,41.0,501.0,542.0,37.0,487.0,524.0,3.0,10.0,13.0,1.0,4.0,5.0,19.0,700.0,719.0,3919.0,19312.0,23231.0,3919.0,19313.0,23232.0,0.0,-1.0,-1.0,86.0,1413.0,1499.0,62.0,1.0,0.0,669.0,2.0,2.0,63.0,673.0,736.0,-90.0,90.0,0.0,12.0,43.0,55.0,30.0,213.0,243.0,71.0,394.0,465.0,4005.0,20725.0,24730.0,3977.0,20626.0,24603.0,56703.0,6.0,116.0,28.0,84.0,112.0,11.0,5.0,0.0,15.0,15.0,200.0,1472.0,1672.0,0.0,0.0,0.0,3805.0,19253.0,23058.0,233.0,1017.0,1250.0,231.0,2.0,0.0,998.0,3.0,0.0,233.0,1001.0,1234.0,0.0,0.0,0.0,16.0,0.0,0.0,0.0,16.0,16.0,0.0,0.0,0.0,,
Modoc,39.0,2.0,37.0,26.0,0.0,0.0,0.0,0.0,11.0,11.0,0.0,4.0,4.0,0.0,7.0,7.0,0.0,2.0,2.0,0.0,0.0,0.0,1.0,36.0,37.0,0.0,18.0,18.0,0.0,17.0,17.0,0.0,0.0,0.0,0.0,1.0,1.0,1.0,18.0,19.0,65.0,428.0,493.0,65.0,428.0,493.0,0.0,0.0,0.0,9.0,33.0,42.0,2.0,0.0,0.0,24.0,0.0,0.0,2.0,24.0,26.0,6.0,-6.0,0.0,0.0,1.0,1.0,0.0,5.0,5.0,1.0,9.0,10.0,74.0,461.0,535.0,73.0,460.0,533.0,1119.0,0.0,2.0,1.0,1.0,2.0,0.0,0.0,0.0,0.0,0.0,7.0,37.0,44.0,0.0,0.0,0.0,67.0,424.0,491.0,0.0,16.0,16.0,0.0,0.0,0.0,16.0,0.0,0.0,0.0,16.0,16.0,0.0,0.0,0.0,0.0,0.0,0.0,0.0,0.0,0.0,0.0,0.0,0.0,,
Mono,44.0,5.0,29.0,20.0,0.0,1.0,1.0,0.0,6.0,6.0,0.0,1.0,1.0,0.0,5.0,5.0,0.0,0.0,0.0,0.0,3.0,3.0,0.0,29.0,29.0,0.0,13.0,13.0,0.0,12.0,12.0,0.0,1.0,1.0,0.0,0.0,0.0,0.0,16.0,16.0,15.0,414.0,429.0,15.0,414.0,429.0,0.0,0.0,0.0,0.0,33.0,33.0,0.0,0.0,0.0,20.0,0.0,0.0,0.0,20.0,20.0,-1.0,1.0,0.0,0.0,3.0,3.0,0.0,2.0,2.0,1.0,7.0,8.0,15.0,447.0,462.0,15.0,444.0,459.0,805.0,0.0,3.0,0.0,3.0,3.0,0.0,0.0,0.0,0.0,0.0,2.0,38.0,40.0,0.0,0.0,0.0,13.0,409.0,422.0,1.0,18.0,19.0,1.0,0.0,0.0,18.0,0.0,0.0,1.0,18.0,19.0,0.0,0.0,0.0,0.0,0.0,0.0,0.0,0.0,0.0,0.0,0.0,0.0,,
Monterey,1523.0,249.0,1537.0,913.0,0.0,8.0,8.0,1.0,548.0,549.0,1.0,376.0,377.0,0.0,172.0,172.0,0.0,4.0,4.0,0.0,75.0,75.0,31.0,1506.0,1537.0,16.0,498.0,514.0,15.0,472.0,487.0,1.0,9.0,10.0,0.0,17.0,17.0,15.0,1008.0,1023.0,2482.0,18017.0,20499.0,2482.0,18018.0,20500.0,0.0,-1.0,-1.0,-90.0,1713.0,1623.0,42.0,0.0,0.0,856.0,11.0,4.0,42.0,871.0,913.0,-219.0,219.0,0.0,4.0,30.0,34.0,17.0,133.0,150.0,66.0,460.0,526.0,2392.0,19730.0,22122.0,2374.0,19480.0,21854.0,48109.0,8.0,250.0,18.0,211.0,229.0,44.0,5.0,0.0,39.0,39.0,162.0,1944.0,2106.0,0.0,0.0,0.0,2230.0,17786.0,20016.0,211.0,666.0,877.0,210.0,0.0,0.0,646.0,9.0,1.0,210.0,656.0,866.0,1.0,0.0,0.0,10.0,0.0,0.0,1.0,10.0,11.0,0.0,0.0,0.0,,
Napa,287.0,56.0,259.0,121.0,0.0,4.0,4.0,0.0,98.0,98.0,0.0,24.0,24.0,0.0,74.0,74.0,0.0,3.0,3.0,0.0,40.0,40.0,5.0,254.0,259.0,3.0,70.0,73.0,3.0,63.0,66.0,0.0,3.0,3.0,0.0,4.0,4.0,2.0,184.0,186.0,306.0,3027.0,3333.0,306.0,3027.0,3333.0,0.0,0.0,0.0,8.0,253.0,261.0,6.0,0.0,0.0,113.0,1.0,1.0,6.0,115.0,121.0,-6.0,6.0,0.0,1.0,15.0,16.0,1.0,14.0,15.0,6.0,103.0,109.0,314.0,3280.0,3594.0,305.0,3228.0,3533.0,7298.0,2.0,54.0,9.0,42.0,51.0,9.0,4.0,0.0,10.0,10.0,22.0,334.0,356.0,0.0,0.0,0.0,292.0,2946.0,3238.0,27.0,155.0,182.0,27.0,0.0,0.0,152.0,2.0,0.0,27.0,154.0,181.0,0.0,0.0,0.0,1.0,0.0,0.0,0.0,1.0,1.0,0.0,0.0,0.0,,
Nevada,317.0,56.0,325.0,219.0,0.0,14.0,14.0,0.0,89.0,89.0,0.0,47.0,47.0,0.0,42.0,42.0,0.0,10.0,10.0,0.0,17.0,17.0,3.0,322.0,325.0,3.0,150.0,153.0,1.0,125.0,126.0,1.0,7.0,8.0,1.0,18.0,19.0,0.0,172.0,172.0,274.0,3796.0,4070.0,274.0,3796.0,4070.0,0.0,0.0,0.0,-5.0,379.0,374.0,3.0,0.0,0.0,216.0,0.0,0.0,3.0,216.0,219.0,-17.0,17.0,0.0,1.0,5.0,6.0,1.0,31.0,32.0,7.0,110.0,117.0,269.0,4175.0,4444.0,269.0,4160.0,4429.0,7779.0,0.0,13.0,0.0,11.0,11.0,5.0,0.0,0.0,4.0,4.0,13.0,347.0,360.0,0.0,0.0,0.0,256.0,3828.0,4084.0,19.0,166.0,185.0,18.0,0.0,0.0,164.0,0.0,0.0,18.0,164.0,182.0,1.0,0.0,0.0,2.0,0.0,0.0,1.0,2.0,3.0,0.0,0.0,0.0,,
Orange,7641.0,1908.0,7559.0,5622.0,2.0,66.0,68.0,1.0,1688.0,1689.0,1.0,1679.0,1680.0,0.0,9.0,9.0,1.0,130.0,131.0,0.0,248.0,248.0,98.0,4846.0,4944.0,62.0,1777.0,1839.0,62.0,1777.0,1839.0,0.0,0.0,0.0,0.0,0.0,0.0,36.0,3069.0,3105.0,10717.0,105338.0,116055.0,10749.0,105698.0,116447.0,-32.0,-360.0,-392.0,297.0,7803.0,8100.0,257.0,9.0,0.0,5205.0,88.0,63.0,266.0,5356.0,5622.0,-224.0,224.0,0.0,5.0,55.0,60.0,4.0,2.0,6.0,246.0,2166.0,2412.0,11014.0,113141.0,124155.0,10786.0,109914.0,120700.0,254037.0,285.0,2940.0,223.0,2056.0,2279.0,1599.0,21.0,5.0,1171.0,1176.0,553.0,8952.0,9505.0,0.0,0.0,0.0,10461.0,104189.0,114650.0,830.0,7204.0,8034.0,801.0,17.0,0.0,5878.0,147.0,34.0,818.0,6059.0,6877.0,12.0,0.0,0.0,1107.0,24.0,14.0,12.0,1145.0,1157.0,0.0,0.0,0.0,,
Placer,579.0,219.0,584.0,291.0,0.0,8.0,8.0,1.0,276.0,277.0,1.0,69.0,70.0,0.0,207.0,207.0,0.0,13.0,13.0,0.0,16.0,16.0,2.0,296.0,298.0,0.0,142.0,142.0,0.0,133.0,133.0,0.0,6.0,6.0,0.0,3.0,3.0,2.0,154.0,156.0,687.0,8171.0,8858.0,701.0,7980.0,8681.0,-14.0,191.0,177.0,10.0,601.0,611.0,18.0,0.0,0.0,271.0,1.0,1.0,18.0,273.0,291.0,-38.0,38.0,0.0,3.0,46.0,49.0,4.0,76.0,80.0,23.0,168.0,191.0,697.0,8772.0,9469.0,687.0,8705.0,9392.0,17489.0,5.0,61.0,10.0,39.0,49.0,43.0,2.0,0.0,28.0,28.0,54.0,896.0,950.0,0.0,8.0,8.0,643.0,7876.0,8519.0,39.0,316.0,355.0,37.0,0.0,0.0,296.0,3.0,0.0,37.0,299.0,336.0,2.0,0.0,0.0,16.0,1.0,0.0,2.0,17.0,19.0,0.0,0.0,0.0,,
Plumas  a/,66.0,11.0,53.0,29.0,0.0,0.0,0.0,0.0,21.0,21.0,0.0,5.0,5.0,0.0,16.0,16.0,0.0,0.0,0.0,0.0,3.0,3.0,1.0,50.0,51.0,0.0,16.0,16.0,0.0,15.0,15.0,0.0,1.0,1.0,0.0,0.0,0.0,1.0,34.0,35.0,95.0,961.0,1056.0,95.0,961.0,1056.0,0.0,0.0,0.0,-14.0,70.0,56.0,1.0,0.0,0.0,28.0,0.0,0.0,1.0,28.0,29.0,-18.0,18.0,0.0,1.0,4.0,5.0,1.0,3.0,4.0,1.0,17.0,18.0,81.0,1031.0,1112.0,81.0,1030.0,1111.0,2021.0,0.0,1.0,0.0,1.0,1.0,0.0,0.0,0.0,0.0,0.0,10.0,97.0,107.0,0.0,0.0,0.0,71.0,934.0,1005.0,8.0,38.0,46.0,8.0,0.0,0.0,37.0,0.0,0.0,8.0,37.0,45.0,0.0,0.0,0.0,1.0,0.0,0.0,0.0,1.0,1.0,0.0,0.0,0.0,,
Riverside,10353.0,2528.0,10248.0,6086.0,0.0,36.0,36.0,4.0,3831.0,3835.0,4.0,1734.0,1738.0,0.0,2097.0,2097.0,0.0,56.0,56.0,0.0,327.0,327.0,328.0,9920.0,10248.0,230.0,3935.0,4165.0,220.0,3669.0,3889.0,6.0,159.0,165.0,4.0,107.0,111.0,98.0,5985.0,6083.0,14835.0,105720.0,120555.0,14836.0,105722.0,120558.0,-1.0,-2.0,-3.0,651.0,9524.0,10175.0,362.0,3.0,0.0,5680.0,32.0,9.0,365.0,5721.0,6086.0,-216.0,216.0,0.0,24.0,191.0,215.0,94.0,1102.0,1196.0,384.0,2294.0,2678.0,15486.0,115244.0,130730.0,15364.0,114191.0,129555.0,288485.0,106.0,972.0,108.0,851.0,959.0,248.0,23.0,14.0,202.0,216.0,870.0,9361.0,10231.0,1.0,83.0,84.0,14616.0,105883.0,120499.0,1047.0,5336.0,6383.0,1040.0,6.0,0.0,5227.0,42.0,13.0,1046.0,5282.0,6328.0,1.0,0.0,0.0,53.0,1.0,0.0,1.0,54.0,55.0,0.0,0.0,0.0,,
Sacramento,7606.0,2105.0,6325.0,3748.0,2.0,35.0,37.0,6.0,2393.0,2399.0,2.0,737.0,739.0,4.0,1656.0,1660.0,0.0,75.0,75.0,0.0,178.0,178.0,278.0,5705.0,5983.0,145.0,1621.0,1766.0,143.0,1608.0,1751.0,2.0,13.0,15.0,0.0,0.0,0.0,133.0,4084.0,4217.0,13790.0,81112.0,94902.0,14007.0,80139.0,94146.0,-217.0,973.0,756.0,1188.0,8687.0,9875.0,404.0,13.0,1.0,3264.0,30.0,36.0,418.0,3330.0,3748.0,-317.0,317.0,0.0,19.0,117.0,136.0,49.0,477.0,526.0,1019.0,4446.0,5465.0,14978.0,89799.0,104777.0,14445.0,88107.0,102552.0,213197.0,128.0,2439.0,526.0,1090.0,1616.0,811.0,18.0,7.0,602.0,609.0,956.0,8835.0,9791.0,0.0,19.0,19.0,14022.0,80964.0,94986.0,1002.0,4150.0,5152.0,940.0,35.0,0.0,3832.0,76.0,9.0,975.0,3917.0,4892.0,27.0,0.0,0.0,229.0,4.0,0.0,27.0,233.0,260.0,0.0,0.0,0.0,,
San Benito,166.0,29.0,155.0,92.0,0.0,1.0,1.0,0.0,52.0,52.0,0.0,10.0,10.0,0.0,42.0,42.0,0.0,1.0,1.0,0.0,11.0,11.0,7.0,148.0,155.0,4.0,62.0,66.0,4.0,58.0,62.0,0.0,3.0,3.0,0.0,1.0,1.0,3.0,86.0,89.0,245.0,2103.0,2348.0,245.0,2103.0,2348.0,0.0,0.0,0.0,15.0,177.0,192.0,7.0,0.0,0.0,85.0,0.0,0.0,7.0,85.0,92.0,-1.0,1.0,0.0,1.0,7.0,8.0,1.0,27.0,28.0,7.0,57.0,64.0,260.0,2280.0,2540.0,257.0,2260.0,2517.0,5547.0,2.0,21.0,3.0,18.0,21.0,2.0,0.0,0.0,2.0,2.0,22.0,191.0,213.0,0.0,0.0,0.0,238.0,2089.0,2327.0,25.0,91.0,116.0,25.0,0.0,0.0,89.0,1.0,1.0,25.0,91.0,116.0,0.0,0.0,0.0,0.0,0.0,0.0,0.0,0.0,0.0,0.0,0.0,0.0,,
San Bernardino,12146.0,2819.0,11925.0,8429.0,7.0,39.0,46.0,7.0,3234.0,3241.0,7.0,1510.0,1517.0,0.0,1724.0,1724.0,0.0,45.0,45.0,0.0,255.0,255.0,396.0,11523.0,11919.0,261.0,5513.0,5774.0,237.0,5281.0,5518.0,18.0,134.0,152.0,6.0,98.0,104.0,135.0,6010.0,6145.0,24079.0,145471.0,169550.0,24079.0,145472.0,169551.0,0.0,-1.0,-1.0,1079.0,11517.0,12596.0,453.0,3.0,2.0,7900.0,45.0,26.0,458.0,7971.0,8429.0,-125.0,125.0,0.0,33.0,191.0,224.0,81.0,675.0,756.0,632.0,2555.0,3187.0,25158.0,156988.0,182146.0,24983.0,155684.0,180667.0,394507.0,118.0,1177.0,167.0,926.0,1093.0,439.0,62.0,8.0,378.0,386.0,1611.0,11996.0,13607.0,0.0,0.0,0.0,23547.0,144992.0,168539.0,1603.0,6461.0,8064.0,1591.0,10.0,0.0,6344.0,56.0,11.0,1601.0,6411.0,8012.0,2.0,0.0,0.0,50.0,0.0,0.0,2.0,50.0,52.0,0.0,0.0,0.0,,
San Diego,10308.0,3324.0,9994.0,5811.0,8.0,79.0,87.0,7.0,3860.0,3867.0,7.0,3853.0,3860.0,0.0,7.0,7.0,1.0,360.0,361.0,0.0,316.0,316.0,174.0,6634.0,6808.0,95.0,2244.0,2339.0,91.0,2195.0,2286.0,4.0,38.0,42.0,0.0,11.0,11.0,79.0,4390.0,4469.0,13093.0,120503.0,133596.0,13062.0,119723.0,132785.0,31.0,780.0,811.0,458.0,9184.0,9642.0,247.0,2.0,0.0,5448.0,77.0,37.0,249.0,5562.0,5811.0,-211.0,211.0,0.0,20.0,98.0,118.0,5.0,205.0,210.0,395.0,3108.0,3503.0,13551.0,129687.0,143238.0,13231.0,127168.0,140399.0,288068.0,264.0,2479.0,313.0,1741.0,2054.0,964.0,45.0,7.0,778.0,785.0,848.0,11726.0,12574.0,1.0,13.0,14.0,12703.0,117961.0,130664.0,1158.0,6239.0,7397.0,1065.0,29.0,1.0,5502.0,88.0,25.0,1095.0,5615.0,6710.0,63.0,0.0,0.0,607.0,15.0,2.0,63.0,624.0,687.0,0.0,0.0,0.0,,
San Francisco,2616.0,684.0,2203.0,1543.0,3.0,12.0,15.0,1.0,566.0,567.0,0.0,200.0,200.0,1.0,366.0,367.0,0.0,23.0,23.0,0.0,93.0,93.0,60.0,1521.0,1581.0,47.0,668.0,715.0,41.0,620.0,661.0,3.0,41.0,44.0,3.0,7.0,10.0,13.0,853.0,866.0,2239.0,30426.0,32665.0,2268.0,30037.0,32305.0,-29.0,389.0,360.0,90.0,2455.0,2545.0,57.0,0.0,0.0,1375.0,49.0,62.0,57.0,1486.0,1543.0,-56.0,56.0,0.0,7.0,36.0,43.0,8.0,215.0,223.0,74.0,662.0,736.0,2329.0,32881.0,35210.0,2190.0,31187.0,33377.0,52211.0,84.0,1230.0,133.0,830.0,963.0,1179.0,53.0,6.0,864.0,870.0,171.0,2952.0,3123.0,0.0,3.0,3.0,2158.0,29929.0,32087.0,180.0,1293.0,1473.0,162.0,15.0,0.0,1186.0,41.0,20.0,177.0,1247.0,1424.0,2.0,1.0,0.0,43.0,3.0,0.0,3.0,46.0,49.0,0.0,3.0,3.0,,
San Joaquin,2857.0,864.0,2648.0,1568.0,5.0,46.0,51.0,1.0,959.0,960.0,1.0,434.0,435.0,0.0,525.0,525.0,0.0,31.0,31.0,0.0,120.0,120.0,84.0,2557.0,2641.0,53.0,988.0,1041.0,44.0,839.0,883.0,4.0,92.0,96.0,5.0,57.0,62.0,31.0,1569.0,1600.0,7184.0,41835.0,49019.0,7184.0,41836.0,49020.0,0.0,-1.0,-1.0,198.0,2925.0,3123.0,112.0,0.0,0.0,1430.0,21.0,5.0,112.0,1456.0,1568.0,-157.0,157.0,0.0,29.0,95.0,124.0,64.0,367.0,431.0,150.0,850.0,1000.0,7382.0,44760.0,52142.0,7307.0,44131.0,51438.0,115802.0,48.0,623.0,75.0,476.0,551.0,200.0,22.0,0.0,153.0,153.0,424.0,3410.0,3834.0,0.0,0.0,0.0,6958.0,41350.0,48308.0,406.0,2077.0,2483.0,403.0,3.0,0.0,2011.0,34.0,4.0,406.0,2049.0,2455.0,0.0,0.0,0.0,28.0,0.0,0.0,0.0,28.0,28.0,0.0,0.0,0.0,,
San Luis Obispo,662.0,160.0,673.0,341.0,1.0,14.0,15.0,0.0,231.0,231.0,0.0,50.0,50.0,0.0,181.0,181.0,0.0,18.0,18.0,0.0,101.0,101.0,9.0,290.0,299.0,6.0,183.0,189.0,4.0,178.0,182.0,2.0,3.0,5.0,0.0,2.0,2.0,3.0,107.0,110.0,841.0,8373.0,9214.0,841.0,8373.0,9214.0,0.0,0.0,0.0,48.0,700.0,748.0,16.0,0.0,0.0,324.0,1.0,0.0,16.0,325.0,341.0,-27.0,27.0,0.0,1.0,16.0,17.0,6.0,106.0,112.0,52.0,226.0,278.0,889.0,9073.0,9962.0,884.0,9027.0,9911.0,18041.0,0.0,55.0,5.0,40.0,45.0,4.0,4.0,0.0,6.0,6.0,43.0,856.0,899.0,0.0,1.0,1.0,846.0,8217.0,9063.0,87.0,442.0,529.0,85.0,1.0,0.0,406.0,2.0,1.0,86.0,409.0,495.0,1.0,0.0,0.0,33.0,0.0,0.0,1.0,33.0,34.0,0.0,0.0,0.0,,
San Mateo,1292.0,231.0,1008.0,582.0,2.0,26.0,28.0,0.0,357.0,357.0,0.0,357.0,357.0,0.0,0.0,0.0,0.0,44.0,44.0,0.0,69.0,69.0,16.0,990.0,1006.0,7.0,322.0,329.0,5.0,292.0,297.0,1.0,20.0,21.0,1.0,10.0,11.0,9.0,668.0,677.0,849.0,13093.0,13942.0,869.0,13073.0,13942.0,-20.0,20.0,0.0,36.0,1127.0,1163.0,15.0,1.0,0.0,535.0,22.0,9.0,16.0,566.0,582.0,-20.0,20.0,0.0,21.0,21.0,42.0,0.0,75.0,75.0,19.0,445.0,464.0,885.0,14220.0,15105.0,853.0,13603.0,14456.0,28604.0,44.0,608.0,31.0,438.0,469.0,228.0,14.0,1.0,179.0,180.0,58.0,1488.0,1546.0,0.0,4.0,4.0,827.0,12732.0,13559.0,69.0,591.0,660.0,67.0,2.0,0.0,543.0,25.0,3.0,69.0,571.0,640.0,0.0,0.0,0.0,19.0,1.0,0.0,0.0,20.0,20.0,0.0,0.0,0.0,,
Santa Barbara,1433.0,414.0,1228.0,779.0,2.0,24.0,26.0,0.0,386.0,386.0,0.0,142.0,142.0,0.0,244.0,244.0,0.0,22.0,22.0,0.0,63.0,63.0,25.0,455.0,480.0,14.0,282.0,296.0,12.0,251.0,263.0,0.0,26.0,26.0,2.0,5.0,7.0,11.0,173.0,184.0,1875.0,14863.0,16738.0,1968.0,14689.0,16657.0,-93.0,174.0,81.0,164.0,1216.0,1380.0,59.0,0.0,0.0,711.0,4.0,5.0,59.0,720.0,779.0,9.0,-9.0,0.0,4.0,32.0,36.0,13.0,125.0,138.0,79.0,348.0,427.0,2039.0,16079.0,18118.0,2021.0,15890.0,17911.0,37638.0,18.0,138.0,18.0,126.0,144.0,0.0,80.0,0.0,63.0,63.0,117.0,1632.0,1749.0,0.0,0.0,0.0,1922.0,14447.0,16369.0,149.0,648.0,797.0,146.0,1.0,0.0,601.0,9.0,1.0,147.0,611.0,758.0,2.0,0.0,0.0,35.0,1.0,1.0,2.0,37.0,39.0,0.0,0.0,0.0,,
Santa Clara,2677.0,647.0,2435.0,1558.0,3.0,24.0,27.0,4.0,626.0,630.0,4.0,625.0,629.0,0.0,1.0,1.0,0.0,45.0,45.0,0.0,247.0,247.0,27.0,1180.0,1207.0,4.0,398.0,402.0,4.0,393.0,397.0,0.0,2.0,2.0,0.0,3.0,3.0,23.0,782.0,805.0,4337.0,45731.0,50068.0,4354.0,45485.0,49839.0,-17.0,246.0,229.0,188.0,3018.0,3206.0,136.0,2.0,0.0,1358.0,19.0,43.0,138.0,1420.0,1558.0,-103.0,103.0,0.0,7.0,39.0,46.0,18.0,169.0,187.0,128.0,1287.0,1415.0,4525.0,48749.0,53274.0,4409.0,47217.0,51626.0,101978.0,105.0,1159.0,111.0,838.0,949.0,964.0,14.0,5.0,694.0,699.0,264.0,4050.0,4314.0,0.0,1.0,1.0,4261.0,44699.0,48960.0,351.0,2972.0,3323.0,319.0,8.0,0.0,2589.0,54.0,22.0,327.0,2665.0,2992.0,24.0,0.0,0.0,294.0,7.0,6.0,24.0,307.0,331.0,2.0,5.0,7.0,,
Santa Cruz,812.0,237.0,743.0,410.0,1.0,13.0,14.0,0.0,280.0,280.0,0.0,74.0,74.0,0.0,206.0,206.0,0.0,46.0,46.0,0.0,53.0,53.0,8.0,530.0,538.0,4.0,175.0,179.0,4.0,172.0,176.0,0.0,2.0,2.0,0.0,1.0,1.0,4.0,355.0,359.0,1049.0,12480.0,13529.0,1050.0,12452.0,13502.0,-1.0,28.0,27.0,28.0,943.0,971.0,13.0,0.0,0.0,397.0,0.0,0.0,13.0,397.0,410.0,-22.0,22.0,0.0,0.0,11.0,11.0,0.0,1.0,1.0,37.0,512.0,549.0,1077.0,13423.0,14500.0,1073.0,13365.0,14438.0,26152.0,4.0,57.0,4.0,49.0,53.0,0.0,13.0,0.0,9.0,9.0,63.0,1309.0,1372.0,0.0,0.0,0.0,1014.0,12114.0,13128.0,76.0,612.0,688.0,69.0,0.0,0.0,578.0,1.0,0.0,69.0,579.0,648.0,7.0,0.0,0.0,33.0,0.0,0.0,7.0,33.0,40.0,0.0,0.0,0.0,,
Shasta,1026.0,211.0,1072.0,591.0,1.0,54.0,55.0,1.0,462.0,463.0,1.0,181.0,182.0,0.0,281.0,281.0,0.0,25.0,25.0,0.0,18.0,18.0,22.0,1050.0,1072.0,14.0,401.0,415.0,13.0,385.0,398.0,1.0,11.0,12.0,0.0,5.0,5.0,8.0,649.0,657.0,1257.0,10799.0,12056.0,1257.0,10799.0,12056.0,0.0,0.0,0.0,36.0,1061.0,1097.0,24.0,0.0,0.0,565.0,2.0,0.0,24.0,567.0,591.0,-25.0,25.0,0.0,3.0,19.0,22.0,5.0,134.0,139.0,29.0,316.0,345.0,1293.0,11860.0,13153.0,1291.0,11814.0,13105.0,24446.0,4.0,32.0,2.0,29.0,31.0,18.0,0.0,0.0,17.0,17.0,76.0,1065.0,1141.0,0.0,0.0,0.0,1217.0,10795.0,12012.0,92.0,437.0,529.0,92.0,0.0,0.0,418.0,1.0,1.0,92.0,420.0,512.0,0.0,0.0,0.0,17.0,0.0,0.0,0.0,17.0,17.0,0.0,0.0,0.0,,
Sierra,6.0,0.0,5.0,4.0,0.0,0.0,0.0,0.0,1.0,1.0,0.0,0.0,0.0,0.0,1.0,1.0,0.0,0.0,0.0,0.0,0.0,0.0,1.0,4.0,5.0,0.0,1.0,1.0,0.0,1.0,1.0,0.0,0.0,0.0,0.0,0.0,0.0,1.0,3.0,4.0,8.0,144.0,152.0,8.0,144.0,152.0,0.0,0.0,0.0,1.0,6.0,7.0,0.0,1.0,0.0,3.0,0.0,0.0,1.0,3.0,4.0,-1.0,1.0,0.0,0.0,0.0,0.0,0.0,1.0,1.0,1.0,1.0,2.0,9.0,150.0,159.0,8.0,150.0,158.0,267.0,0.0,1.0,1.0,0.0,1.0,0.0,0.0,0.0,0.0,0.0,0.0,11.0,11.0,0.0,0.0,0.0,9.0,139.0,148.0,1.0,7.0,8.0,1.0,0.0,0.0,7.0,0.0,0.0,1.0,7.0,8.0,0.0,0.0,0.0,0.0,0.0,0.0,0.0,0.0,0.0,0.0,0.0,0.0,,
Siskiyou,230.0,51.0,216.0,115.0,0.0,9.0,9.0,0.0,95.0,95.0,0.0,38.0,38.0,0.0,57.0,57.0,0.0,0.0,0.0,0.0,6.0,6.0,9.0,207.0,216.0,7.0,70.0,77.0,6.0,62.0,68.0,1.0,0.0,1.0,0.0,8.0,8.0,2.0,137.0,139.0,351.0,2583.0,2934.0,351.0,2583.0,2934.0,0.0,0.0,0.0,26.0,248.0,274.0,11.0,0.0,0.0,104.0,0.0,0.0,11.0,104.0,115.0,-8.0,8.0,0.0,3.0,6.0,9.0,0.0,23.0,23.0,20.0,107.0,127.0,377.0,2831.0,3208.0,375.0,2824.0,3199.0,6763.0,0.0,10.0,2.0,6.0,8.0,2.0,0.0,0.0,1.0,1.0,38.0,285.0,323.0,0.0,0.0,0.0,339.0,2546.0,2885.0,32.0,113.0,145.0,31.0,0.0,0.0,110.0,1.0,0.0,31.0,111.0,142.0,1.0,0.0,0.0,2.0,0.0,0.0,1.0,2.0,3.0,0.0,0.0,0.0,,
Solano,1435.0,334.0,1216.0,733.0,1.0,20.0,21.0,0.0,374.0,374.0,0.0,99.0,99.0,0.0,275.0,275.0,0.0,52.0,52.0,0.0,109.0,109.0,13.0,733.0,746.0,10.0,377.0,387.0,8.0,365.0,373.0,2.0,10.0,12.0,0.0,2.0,2.0,3.0,356.0,359.0,2705.0,18172.0,20877.0,2512.0,18199.0,20711.0,193.0,-27.0,166.0,-125.0,1727.0,1602.0,57.0,1.0,0.0,665.0,6.0,4.0,58.0,675.0,733.0,-270.0,270.0,0.0,11.0,47.0,58.0,4.0,79.0,83.0,72.0,656.0,728.0,2580.0,19899.0,22479.0,2558.0,19670.0,22228.0,41996.0,223.0,191.0,22.0,167.0,189.0,84.0,59.0,0.0,62.0,62.0,174.0,2132.0,2306.0,0.0,9.0,9.0,2406.0,17767.0,20173.0,170.0,952.0,1122.0,165.0,1.0,0.0,913.0,6.0,1.0,166.0,920.0,1086.0,4.0,0.0,0.0,32.0,0.0,0.0,4.0,32.0,36.0,0.0,2.0,2.0,,
Sonoma,1408.0,355.0,1284.0,765.0,1.0,39.0,40.0,1.0,464.0,465.0,0.0,461.0,461.0,1.0,3.0,4.0,0.0,54.0,54.0,0.0,54.0,54.0,9.0,1016.0,1025.0,4.0,268.0,272.0,3.0,132.0,135.0,1.0,84.0,85.0,0.0,52.0,52.0,5.0,748.0,753.0,1436.0,16414.0,17850.0,1433.0,16323.0,17756.0,3.0,91.0,94.0,76.0,1223.0,1299.0,37.0,3.0,1.0,709.0,10.0,5.0,41.0,724.0,765.0,-1.0,1.0,0.0,4.0,18.0,22.0,8.0,169.0,177.0,24.0,311.0,335.0,1512.0,17637.0,19149.0,1469.0,17353.0,18822.0,33979.0,21.0,306.0,40.0,226.0,266.0,73.0,6.0,3.0,58.0,61.0,92.0,1729.0,1821.0,0.0,0.0,0.0,1420.0,15908.0,17328.0,114.0,811.0,925.0,107.0,3.0,1.0,668.0,12.0,2.0,111.0,682.0,793.0,3.0,0.0,0.0,127.0,2.0,0.0,3.0,129.0,132.0,0.0,0.0,0.0,,
Stanislaus,2825.0,571.0,2805.0,1792.0,4.0,39.0,43.0,0.0,884.0,884.0,0.0,474.0,474.0,0.0,410.0,410.0,0.0,17.0,17.0,0.0,129.0,129.0,59.0,2744.0,2803.0,41.0,1156.0,1197.0,38.0,1040.0,1078.0,3.0,67.0,70.0,0.0,49.0,49.0,18.0,1588.0,1606.0,5353.0,33952.0,39305.0,5353.0,33952.0,39305.0,0.0,0.0,0.0,289.0,2856.0,3145.0,83.0,0.0,0.0,1699.0,8.0,2.0,83.0,1709.0,1792.0,-27.0,27.0,0.0,12.0,61.0,73.0,51.0,273.0,324.0,170.0,786.0,956.0,5642.0,36808.0,42450.0,5612.0,36607.0,42219.0,88339.0,19.0,210.0,30.0,168.0,198.0,38.0,5.0,0.0,33.0,33.0,339.0,3071.0,3410.0,0.0,0.0,0.0,5303.0,33737.0,39040.0,398.0,1395.0,1793.0,396.0,2.0,0.0,1374.0,8.0,1.0,398.0,1383.0,1781.0,0.0,0.0,0.0,12.0,0.0,0.0,0.0,12.0,12.0,0.0,0.0,0.0,,
Sutter,372.0,104.0,371.0,208.0,0.0,2.0,2.0,0.0,141.0,141.0,0.0,50.0,50.0,0.0,91.0,91.0,0.0,3.0,3.0,0.0,22.0,22.0,14.0,357.0,371.0,9.0,158.0,167.0,6.0,138.0,144.0,2.0,15.0,17.0,1.0,5.0,6.0,5.0,199.0,204.0,698.0,4658.0,5356.0,698.0,4658.0,5356.0,0.0,0.0,0.0,8.0,421.0,429.0,13.0,1.0,0.0,191.0,3.0,0.0,14.0,194.0,208.0,-34.0,34.0,0.0,6.0,12.0,18.0,4.0,59.0,63.0,18.0,122.0,140.0,706.0,5079.0,5785.0,690.0,5014.0,5704.0,13143.0,8.0,76.0,16.0,54.0,70.0,10.0,3.0,0.0,11.0,11.0,49.0,457.0,506.0,0.0,0.0,0.0,657.0,4622.0,5279.0,52.0,221.0,273.0,48.0,3.0,0.0,212.0,2.0,1.0,51.0,215.0,266.0,1.0,0.0,0.0,6.0,0.0,0.0,1.0,6.0,7.0,0.0,0.0,0.0,,
Tehama,369.0,55.0,335.0,205.0,0.0,5.0,5.0,0.0,111.0,111.0,0.0,14.0,14.0,0.0,97.0,97.0,0.0,0.0,0.0,0.0,19.0,19.0,7.0,328.0,335.0,6.0,157.0,163.0,5.0,151.0,156.0,1.0,5.0,6.0,0.0,1.0,1.0,1.0,171.0,172.0,525.0,3742.0,4267.0,525.0,3743.0,4268.0,0.0,-1.0,-1.0,7.0,376.0,383.0,4.0,0.0,0.0,200.0,1.0,0.0,4.0,201.0,205.0,-10.0,10.0,0.0,0.0,21.0,21.0,2.0,41.0,43.0,11.0,103.0,114.0,532.0,4118.0,4650.0,532.0,4083.0,4615.0,10082.0,0.0,45.0,0.0,32.0,32.0,3.0,0.0,0.0,3.0,3.0,22.0,372.0,394.0,0.0,0.0,0.0,510.0,3746.0,4256.0,27.0,150.0,177.0,27.0,0.0,0.0,147.0,1.0,0.0,27.0,148.0,175.0,0.0,0.0,0.0,2.0,0.0,0.0,0.0,2.0,2.0,0.0,0.0,0.0,,
Trinity,87.0,6.0,58.0,35.0,1.0,0.0,1.0,0.0,22.0,22.0,0.0,5.0,5.0,0.0,17.0,17.0,0.0,1.0,1.0,0.0,1.0,1.0,1.0,57.0,58.0,1.0,30.0,31.0,1.0,15.0,16.0,0.0,5.0,5.0,0.0,10.0,10.0,0.0,27.0,27.0,61.0,846.0,907.0,61.0,846.0,907.0,0.0,0.0,0.0,1.0,80.0,81.0,3.0,0.0,0.0,32.0,0.0,0.0,3.0,32.0,35.0,-5.0,5.0,0.0,0.0,4.0,4.0,0.0,15.0,15.0,3.0,24.0,27.0,62.0,926.0,988.0,62.0,926.0,988.0,1726.0,0.0,0.0,0.0,0.0,0.0,0.0,0.0,0.0,0.0,0.0,7.0,84.0,91.0,0.0,0.0,0.0,55.0,842.0,897.0,5.0,30.0,35.0,5.0,0.0,0.0,30.0,0.0,0.0,5.0,30.0,35.0,0.0,0.0,0.0,0.0,0.0,0.0,0.0,0.0,0.0,0.0,0.0,0.0,,
Tulare,2740.0,410.0,2620.0,2071.0,2.0,18.0,20.0,4.0,484.0,488.0,4.0,483.0,487.0,0.0,1.0,1.0,0.0,39.0,39.0,0.0,61.0,61.0,82.0,2197.0,2279.0,45.0,1048.0,1093.0,41.0,974.0,1015.0,4.0,63.0,67.0,0.0,11.0,11.0,37.0,1149.0,1186.0,7540.0,44340.0,51880.0,7365.0,43764.0,51129.0,175.0,576.0,751.0,206.0,3537.0,3743.0,160.0,1.0,0.0,1865.0,41.0,4.0,161.0,1910.0,2071.0,-102.0,102.0,0.0,12.0,37.0,49.0,59.0,461.0,520.0,76.0,1027.0,1103.0,7746.0,47877.0,55623.0,7696.0,46871.0,54567.0,122204.0,261.0,959.0,49.0,794.0,843.0,264.0,8.0,1.0,212.0,213.0,429.0,3798.0,4227.0,0.0,1.0,1.0,7317.0,44079.0,51396.0,513.0,2445.0,2958.0,503.0,5.0,0.0,2318.0,33.0,0.0,508.0,2351.0,2859.0,5.0,0.0,0.0,87.0,6.0,1.0,5.0,94.0,99.0,0.0,0.0,0.0,,
Tuolumne,234.0,0.0,219.0,132.0,0.0,1.0,1.0,0.0,74.0,74.0,0.0,28.0,28.0,0.0,46.0,46.0,0.0,3.0,3.0,0.0,13.0,13.0,13.0,150.0,163.0,0.0,71.0,71.0,0.0,70.0,70.0,0.0,1.0,1.0,0.0,0.0,0.0,13.0,79.0,92.0,274.0,2640.0,2914.0,274.0,2640.0,2914.0,0.0,0.0,0.0,10.0,253.0,263.0,1.0,0.0,0.0,131.0,0.0,0.0,1.0,131.0,132.0,-3.0,3.0,0.0,1.0,7.0,8.0,3.0,50.0,53.0,8.0,62.0,70.0,284.0,2893.0,3177.0,283.0,2886.0,3169.0,5493.0,1.0,5.0,1.0,4.0,5.0,5.0,0.0,0.0,3.0,3.0,17.0,263.0,280.0,7.0,135.0,142.0,267.0,2630.0,2897.0,33.0,257.0,290.0,32.0,0.0,0.0,256.0,0.0,0.0,32.0,256.0,288.0,1.0,0.0,0.0,1.0,0.0,0.0,1.0,1.0,2.0,0.0,0.0,0.0,,
Ventura,2897.0,543.0,2746.0,1482.0,0.0,16.0,16.0,0.0,1177.0,1177.0,0.0,697.0,697.0,0.0,480.0,480.0,0.0,47.0,47.0,0.0,87.0,87.0,19.0,1444.0,1463.0,10.0,708.0,718.0,9.0,696.0,705.0,1.0,6.0,7.0,0.0,6.0,6.0,9.0,736.0,745.0,2708.0,31772.0,34480.0,2704.0,31563.0,34267.0,4.0,209.0,213.0,137.0,2785.0,2922.0,59.0,1.0,0.0,1390.0,20.0,12.0,60.0,1422.0,1482.0,1.0,-1.0,0.0,0.0,4.0,4.0,13.0,327.0,340.0,63.0,1033.0,1096.0,2845.0,34557.0,37402.0,2826.0,34018.0,36844.0,75201.0,48.0,510.0,19.0,350.0,369.0,249.0,0.0,0.0,189.0,189.0,165.0,3606.0,3771.0,0.0,13.0,13.0,2680.0,30951.0,33631.0,208.0,1484.0,1692.0,201.0,3.0,0.0,1376.0,13.0,4.0,204.0,1393.0,1597.0,4.0,0.0,0.0,88.0,3.0,0.0,4.0,91.0,95.0,5.0,16.0,21.0,,
Yolo,696.0,33.0,772.0,438.0,5.0,12.0,17.0,2.0,292.0,294.0,1.0,174.0,175.0,1.0,118.0,119.0,0.0,10.0,10.0,0.0,40.0,40.0,5.0,265.0,270.0,5.0,265.0,270.0,5.0,249.0,254.0,0.0,11.0,11.0,0.0,5.0,5.0,0.0,0.0,0.0,906.0,8964.0,9870.0,908.0,8885.0,9793.0,-2.0,79.0,77.0,47.0,824.0,871.0,30.0,2.0,0.0,398.0,5.0,3.0,32.0,406.0,438.0,-33.0,33.0,0.0,5.0,26.0,31.0,1.0,36.0,37.0,42.0,323.0,365.0,953.0,9788.0,10741.0,907.0,9560.0,10467.0,20439.0,15.0,293.0,45.0,163.0,208.0,85.0,0.0,1.0,65.0,66.0,56.0,985.0,1041.0,0.0,0.0,0.0,897.0,8803.0,9700.0,78.0,580.0,658.0,73.0,3.0,0.0,485.0,11.0,5.0,76.0,501.0,577.0,2.0,0.0,0.0,77.0,2.0,0.0,2.0,79.0,81.0,0.0,0.0,0.0,,
Yuba,449.0,100.0,418.0,244.0,0.0,2.0,2.0,0.0,171.0,171.0,0.0,72.0,72.0,0.0,99.0,99.0,0.0,7.0,7.0,0.0,3.0,3.0,5.0,413.0,418.0,2.0,199.0,201.0,2.0,192.0,194.0,0.0,5.0,5.0,0.0,2.0,2.0,3.0,214.0,217.0,761.0,5045.0,5806.0,761.0,5045.0,5806.0,0.0,0.0,0.0,17.0,413.0,430.0,6.0,0.0,0.0,237.0,1.0,0.0,6.0,238.0,244.0,-14.0,14.0,0.0,5.0,12.0,17.0,1.0,35.0,36.0,19.0,114.0,133.0,778.0,5458.0,6236.0,773.0,5425.0,6198.0,13331.0,1.0,46.0,5.0,28.0,33.0,5.0,0.0,0.0,5.0,5.0,35.0,506.0,541.0,0.0,0.0,0.0,743.0,4952.0,5695.0,50.0,202.0,252.0,50.0,0.0,0.0,184.0,3.0,0.0,50.0,187.0,237.0,0.0,0.0,0.0,15.0,0.0,0.0,0.0,15.0,15.0,0.0,0.0,0.0,,CDSS Use Only:
Statewide ,136258.0,29475.0,122779.0,80932.0,303.0,1808.0,2111.0,62.0,37186.0,37248.0,46.0,20942.0,20988.0,16.0,16244.0,16260.0,4.0,1836.0,1840.0,0.0,4599.0,4599.0,4834.0,103653.0,108487.0,3315.0,44175.0,47490.0,2676.0,40374.0,43050.0,235.0,1860.0,2095.0,404.0,1941.0,2345.0,1519.0,59478.0,60997.0,245857.0,1666227.0,1912084.0,245059.0,1648739.0,1893798.0,798.0,17488.0,18286.0,12325.0,129629.0,141954.0,5834.0,117.0,7.0,73440.0,887.0,647.0,5958.0,74974.0,80932.0,-2613.0,2613.0,0.0,505.0,1758.0,2263.0,871.0,7815.0,8686.0,7604.0,42469.0,50073.0,258182.0,1795856.0,2054038.0,253214.0,1764970.0,2018184.0,4207173.0,2773.0,30207.0,4825.0,20383.0,25208.0,13074.0,1044.0,143.0,10503.0,10646.0,12671.0,136831.0,149502.0,66.0,483.0,549.0,245511.0,1659025.0,1904536.0,15801.0,75752.0,91553.0,15209.0,299.0,6.0,70112.0,1009.0,256.0,15514.0,71377.0,86891.0,284.0,3.0,0.0,4248.0,101.0,26.0,287.0,4375.0,4662.0,11.0,63.0,74.0,,26399058.0
