July 2017,Number of Household Contacts By Race,,,,,,,,,,,,,,,Number of Household Contacts By Race (Continued),,,,,,,,,,,,,,,Number of Household Contacts By Race (Continued),,,,,,,,,,,,,,,Number of Household Contacts By Race (Continued),,,,,,,,,,,,,,,Number of Household Contacts By Race (Continued),,,,,,,,,,,,Number of Household Contacts By Race (Continued),,,,,,,,,Number of Hispanic or Latino Household Contacts Reported in Section A. By Race,,,,,,,,,,,,,,,Number of Hispanic or Latino Household Contacts Reported in Section A. By Race (Continued),,,,,,,,,,,,,,,Number of Hispanic or Latino Household Contacts Reported in Section A. By Race (Continued),,,,,,,,,,,,,,,Number of Hispanic or Latino Household Contacts Reported in Section A. By Race (Continued),,,,,,,,,,,,,,,Number of Hispanic or Latino Household Contacts Reported in Section A. By Race (Continued),,,,,,,,,,,,"Number of Hispanic or Latino Household Contacts 
Reported in Section A. By Race (Continued)",,,,,,,,,CDSS Use Only:
,Household Contacts Who Marked Only One Race,,,,,,,,,,,,,,,Household Contacts Who Marked Only One Race (Continued),,,,,,,,,,,,,,,Household Contacts Who Marked Only One Race (Continued),,,,,,,,,,,,,,,Household Contacts Who Marked Only One Race (Continued),,,,,,,,,,,,,,,Household Contracts Who Marked Two Races,,,,,,,,,,,,Other--Household Contacts Who Chose Racial Combinations Not Included Above,,,Nonreporting Household Contacts Where Worker Unable to Make Race Determination,,,TOTALS,,,Household Contacts Who Marked Only One Race,,,,,,,,,,,,,,,Household Contacts Who Marked Only One Race (Continued),,,,,,,,,,,,,,,Household Contacts Who Marked Only One Race (Continued),,,,,,,,,,,,,,,Household Contacts Who Marked Only One Race (Continued),,,,,,,,,,,,,,,Household Contracts Who Marked Two Races,,,,,,,,,,,,Other--Household Contacts Who Chose Racial Combinations Not Included Above,,,Nonreporting Household Contacts Where Worker Unable to Make Race Determination,,,TOTALS,,,11685866.0
,,,,Asian Categories,,,,,,,,,,,,Asian Categories (Continued),,,,,,,,,,,,,,,Asian Categories (Continued),,,,,,,,,Native Hawaiian or Other Pacific Islander,,,,,,Native Hawaiian or Other Pacific Islander (Continued),,,,,,,,,,,,,,,,,,,,,,,,,,,,,,,,,,,,,,,Asian Categories,,,,,,,,,,,,Asian Categories (Continued),,,,,,,,,,,,,,,"Asian Categories 
(Continued)",,,,,,,,,"Native Hawaiian or 
Other Pacific Islander",,,,,,Native Hawaiian or Other Pacific Islander (Continued),,,,,,,,,,,,,,,,,,,,,,,,,,,,,,,,,,,,
,"American Indian or
Alaskan Native",,,Total Asian,,,Asian Indian,,,Cambodian,,,Chinese,,,Japanese,,,Filipino,,,Korean,,,Laotian,,,Vietnamese,,,Other Asian,,,More Than One Asian Group,,,"Black or 
African American",,,"Total Hawaiian or 
Other Pacific Islander",,,Native Hawaiian,,,Guamanian,,,Samoan,,,Other Pacific Islander,,,More Than One Native Hawaiian or Pacific Islander Group,,,White,,,American Indian or Alaskan Native and White,,,Asian and White,,,"Black or African American
and White",,,American Indian or Alaska Native and Black or African American,,,Reporting Race(s) Not Included Above,,,Worker Unable to Determine Race,,,PAFS Households,NAFS Households,Total,"American Indian or
Alaskan Native",,,Total Asian,,,Asian Indian,,,Cambodian,,,Chinese,,,Japanese,,,Filipino,,,Korean,,,Laotian,,,Vietnamese,,,Other Asian,,,More Than One Asian Group,,,"Black or 
African American",,,"Total Hawaiian or 
Other Pacific Islander",,,"Native 
Hawaiian",,,Guamanian,,,Samoan,,,"Other Pacific 
Islander",,,More Than One Native Hawaiian or Pacific Islander Group,,,White,,,American Indian or Alaskan Native and White,,,"Asian 
and White",,,"Black or African American 
and White",,,American Indian or Alaska Native and Black or African American,,,Reporting Race(s) Not Included Above,,,Worker Unable to Determine Race,,,PAFS Households,NAFS Households,Total,
,PA,NA,Total,PA,NA,Total,PA,NA,Total,PA,NA,Total,PA,NA,Total,PA,NA,Total,PA,NA,Total,PA,NA,Total,PA,NA,Total,PA,NA,Total,PA,NA,Total,PA,NA,Total,PA,NA,Total,PA,NA,Total,PA,NA,Total,PA,NA,Total,PA,NA,Total,PA,NA,Total,PA,NA,Total,PA,NA,Total,PA,NA,Total,PA,NA,Total,PA,NA,Total,PA,NA,Total,PA,NA,Total,PA,NA,Total,,,,PA,NA,Total,PA,NA,Total,PA,NA,Total,PA,NA,Total,PA,NA,Total,PA,NA,Total,PA,NA,Total,PA,NA,Total,PA,NA,Total,PA,NA,Total,PA,NA,Total,PA,NA,Total,PA,NA,Total,PA,NA,Total,PA,NA,Total,PA,NA,Total,PA,NA,Total,PA,NA,Total,PA,NA,Total,PA,NA,Total,PA,NA,Total,PA,NA,Total,PA,NA,Total,PA,NA,Total,PA,NA,Total,PA,NA,Total,,,,
,1.0,2.0,3.0,7.0,8.0,9.0,13.0,14.0,15.0,19.0,20.0,21.0,25.0,26.0,27.0,31.0,32.0,33.0,37.0,38.0,39.0,43.0,44.0,45.0,49.0,50.0,51.0,55.0,56.0,57.0,61.0,62.0,63.0,67.0,68.0,69.0,73.0,74.0,75.0,79.0,80.0,81.0,85.0,86.0,87.0,91.0,92.0,93.0,97.0,98.0,99.0,103.0,104.0,105.0,109.0,110.0,111.0,115.0,116.0,117.0,121.0,122.0,123.0,127.0,128.0,129.0,133.0,134.0,135.0,139.0,140.0,141.0,145.0,146.0,147.0,151.0,152.0,153.0,157.0,158.0,159.0,4.0,5.0,6.0,10.0,11.0,12.0,16.0,17.0,18.0,22.0,23.0,24.0,28.0,29.0,30.0,34.0,35.0,36.0,40.0,41.0,42.0,46.0,47.0,48.0,52.0,53.0,54.0,58.0,59.0,60.0,64.0,65.0,66.0,70.0,71.0,72.0,76.0,77.0,78.0,82.0,83.0,84.0,88.0,89.0,90.0,94.0,95.0,96.0,100.0,101.0,102.0,106.0,107.0,108.0,112.0,113.0,114.0,118.0,119.0,120.0,124.0,125.0,126.0,130.0,131.0,132.0,136.0,137.0,138.0,142.0,143.0,144.0,148.0,149.0,150.0,154.0,155.0,156.0,160.0,161.0,162.0,
Statewide,2078.0,15444.0,17522.0,6574.0,103090.0,109664.0,566.0,6208.0,6774.0,693.0,5328.0,6021.0,538.0,16368.0,16906.0,119.0,1643.0,1762.0,1508.0,23023.0,24531.0,276.0,4868.0,5144.0,467.0,4640.0,5107.0,962.0,27115.0,28077.0,1314.0,12615.0,13929.0,131.0,1282.0,1413.0,36809.0,238091.0,274900.0,1348.0,11498.0,12846.0,172.0,1791.0,1963.0,90.0,921.0,1011.0,379.0,2668.0,3047.0,693.0,6026.0,6719.0,14.0,92.0,106.0,89853.0,740516.0,830369.0,1022.0,6533.0,7555.0,480.0,3478.0,3958.0,970.0,4941.0,5911.0,157.0,919.0,1076.0,69653.0,364076.0,433729.0,31547.0,231858.0,263405.0,240491.0,1720444.0,1960935.0,631.0,3846.0,4477.0,270.0,2006.0,2276.0,70.0,387.0,457.0,15.0,84.0,99.0,11.0,63.0,74.0,12.0,117.0,129.0,98.0,814.0,912.0,4.0,46.0,50.0,24.0,188.0,212.0,6.0,70.0,76.0,28.0,204.0,232.0,2.0,33.0,35.0,694.0,3505.0,4199.0,92.0,723.0,815.0,27.0,252.0,279.0,19.0,141.0,160.0,17.0,127.0,144.0,28.0,194.0,222.0,1.0,9.0,10.0,41439.0,238782.0,280221.0,484.0,1927.0,2411.0,164.0,914.0,1078.0,249.0,1141.0,1390.0,27.0,89.0,116.0,65341.0,333106.0,398447.0,25782.0,176519.0,202301.0,135173.0,762558.0,897731.0,
Alameda,49.0,209.0,258.0,378.0,7731.0,8109.0,33.0,563.0,596.0,24.0,222.0,246.0,54.0,2755.0,2809.0,3.0,54.0,57.0,51.0,1159.0,1210.0,10.0,161.0,171.0,7.0,80.0,87.0,38.0,1427.0,1465.0,158.0,1310.0,1468.0,0.0,0.0,0.0,2046.0,17403.0,19449.0,43.0,473.0,516.0,3.0,57.0,60.0,2.0,23.0,25.0,14.0,99.0,113.0,24.0,294.0,318.0,0.0,0.0,0.0,792.0,13260.0,14052.0,0.0,0.0,0.0,0.0,6.0,6.0,0.0,0.0,0.0,0.0,0.0,0.0,1809.0,12293.0,14102.0,0.0,0.0,0.0,5117.0,51375.0,56492.0,0.0,0.0,0.0,2.0,8.0,10.0,0.0,2.0,2.0,0.0,2.0,2.0,0.0,0.0,0.0,0.0,0.0,0.0,0.0,0.0,0.0,0.0,0.0,0.0,2.0,1.0,3.0,0.0,0.0,0.0,0.0,3.0,3.0,0.0,0.0,0.0,0.0,9.0,9.0,1.0,11.0,12.0,0.0,6.0,6.0,1.0,4.0,5.0,0.0,0.0,0.0,0.0,1.0,1.0,0.0,0.0,0.0,22.0,371.0,393.0,0.0,0.0,0.0,0.0,0.0,0.0,0.0,0.0,0.0,0.0,0.0,0.0,1196.0,7190.0,8386.0,0.0,0.0,0.0,1221.0,7589.0,8810.0,
Alpine,1.0,43.0,44.0,0.0,0.0,0.0,0.0,0.0,0.0,0.0,0.0,0.0,0.0,0.0,0.0,0.0,0.0,0.0,0.0,0.0,0.0,0.0,0.0,0.0,0.0,0.0,0.0,0.0,0.0,0.0,0.0,0.0,0.0,0.0,0.0,0.0,0.0,1.0,1.0,0.0,0.0,0.0,0.0,0.0,0.0,0.0,0.0,0.0,0.0,0.0,0.0,0.0,0.0,0.0,0.0,0.0,0.0,0.0,28.0,28.0,0.0,0.0,0.0,0.0,0.0,0.0,0.0,0.0,0.0,0.0,0.0,0.0,0.0,1.0,1.0,0.0,2.0,2.0,1.0,75.0,76.0,0.0,1.0,1.0,0.0,0.0,0.0,0.0,0.0,0.0,0.0,0.0,0.0,0.0,0.0,0.0,0.0,0.0,0.0,0.0,0.0,0.0,0.0,0.0,0.0,0.0,0.0,0.0,0.0,0.0,0.0,0.0,0.0,0.0,0.0,0.0,0.0,0.0,0.0,0.0,0.0,0.0,0.0,0.0,0.0,0.0,0.0,0.0,0.0,0.0,0.0,0.0,0.0,0.0,0.0,0.0,0.0,0.0,0.0,0.0,0.0,0.0,0.0,0.0,0.0,0.0,0.0,0.0,0.0,0.0,0.0,0.0,0.0,0.0,1.0,1.0,0.0,1.0,1.0,0.0,3.0,3.0,
Amador,3.0,25.0,28.0,1.0,8.0,9.0,0.0,0.0,0.0,0.0,0.0,0.0,0.0,2.0,2.0,0.0,2.0,2.0,0.0,2.0,2.0,0.0,0.0,0.0,0.0,2.0,2.0,0.0,0.0,0.0,0.0,0.0,0.0,1.0,0.0,1.0,2.0,13.0,15.0,0.0,2.0,2.0,0.0,1.0,1.0,0.0,1.0,1.0,0.0,0.0,0.0,0.0,0.0,0.0,0.0,0.0,0.0,87.0,1343.0,1430.0,6.0,23.0,29.0,0.0,7.0,7.0,0.0,3.0,3.0,0.0,0.0,0.0,14.0,58.0,72.0,5.0,49.0,54.0,118.0,1531.0,1649.0,0.0,1.0,1.0,0.0,2.0,2.0,0.0,0.0,0.0,0.0,0.0,0.0,0.0,0.0,0.0,0.0,1.0,1.0,0.0,1.0,1.0,0.0,0.0,0.0,0.0,0.0,0.0,0.0,0.0,0.0,0.0,0.0,0.0,0.0,0.0,0.0,0.0,0.0,0.0,0.0,0.0,0.0,0.0,0.0,0.0,0.0,0.0,0.0,0.0,0.0,0.0,0.0,0.0,0.0,0.0,0.0,0.0,7.0,47.0,54.0,1.0,3.0,4.0,0.0,1.0,1.0,0.0,2.0,2.0,0.0,0.0,0.0,11.0,49.0,60.0,2.0,17.0,19.0,21.0,122.0,143.0,
Butte,38.0,325.0,363.0,57.0,647.0,704.0,1.0,27.0,28.0,1.0,6.0,7.0,0.0,16.0,16.0,1.0,5.0,6.0,3.0,53.0,56.0,0.0,7.0,7.0,11.0,159.0,170.0,0.0,20.0,20.0,33.0,304.0,337.0,7.0,50.0,57.0,65.0,584.0,649.0,5.0,34.0,39.0,0.0,14.0,14.0,2.0,2.0,4.0,3.0,13.0,16.0,0.0,4.0,4.0,0.0,1.0,1.0,1106.0,10603.0,11709.0,42.0,325.0,367.0,4.0,73.0,77.0,15.0,75.0,90.0,2.0,16.0,18.0,119.0,1605.0,1724.0,80.0,807.0,887.0,1533.0,15094.0,16627.0,3.0,58.0,61.0,1.0,13.0,14.0,0.0,3.0,3.0,0.0,1.0,1.0,0.0,0.0,0.0,0.0,1.0,1.0,1.0,7.0,8.0,0.0,0.0,0.0,0.0,0.0,0.0,0.0,0.0,0.0,0.0,1.0,1.0,0.0,0.0,0.0,1.0,26.0,27.0,1.0,2.0,3.0,0.0,0.0,0.0,0.0,0.0,0.0,1.0,1.0,2.0,0.0,1.0,1.0,0.0,0.0,0.0,77.0,596.0,673.0,4.0,38.0,42.0,2.0,12.0,14.0,1.0,7.0,8.0,0.0,0.0,0.0,103.0,1427.0,1530.0,61.0,323.0,384.0,254.0,2502.0,2756.0,
Calaveras,4.0,58.0,62.0,0.0,25.0,25.0,0.0,3.0,3.0,0.0,0.0,0.0,0.0,2.0,2.0,0.0,2.0,2.0,0.0,10.0,10.0,0.0,1.0,1.0,0.0,2.0,2.0,0.0,2.0,2.0,0.0,3.0,3.0,0.0,0.0,0.0,2.0,29.0,31.0,1.0,4.0,5.0,0.0,2.0,2.0,0.0,1.0,1.0,0.0,0.0,0.0,0.0,1.0,1.0,1.0,0.0,1.0,165.0,2246.0,2411.0,2.0,30.0,32.0,0.0,7.0,7.0,0.0,6.0,6.0,0.0,0.0,0.0,13.0,110.0,123.0,5.0,74.0,79.0,192.0,2589.0,2781.0,1.0,8.0,9.0,0.0,0.0,0.0,0.0,0.0,0.0,0.0,0.0,0.0,0.0,0.0,0.0,0.0,0.0,0.0,0.0,0.0,0.0,0.0,0.0,0.0,0.0,0.0,0.0,0.0,0.0,0.0,0.0,0.0,0.0,0.0,0.0,0.0,0.0,1.0,1.0,0.0,1.0,1.0,0.0,0.0,0.0,0.0,0.0,0.0,0.0,0.0,0.0,0.0,1.0,1.0,0.0,0.0,0.0,4.0,87.0,91.0,0.0,4.0,4.0,0.0,1.0,1.0,0.0,1.0,1.0,0.0,0.0,0.0,13.0,99.0,112.0,4.0,37.0,41.0,22.0,239.0,261.0,
Colusa,2.0,7.0,9.0,0.0,7.0,7.0,0.0,2.0,2.0,0.0,0.0,0.0,0.0,1.0,1.0,0.0,0.0,0.0,0.0,1.0,1.0,0.0,0.0,0.0,0.0,1.0,1.0,0.0,0.0,0.0,0.0,2.0,2.0,0.0,0.0,0.0,1.0,13.0,14.0,0.0,2.0,2.0,0.0,0.0,0.0,0.0,1.0,1.0,0.0,0.0,0.0,0.0,1.0,1.0,0.0,0.0,0.0,51.0,352.0,403.0,1.0,10.0,11.0,0.0,3.0,3.0,2.0,0.0,2.0,0.0,0.0,0.0,21.0,150.0,171.0,3.0,61.0,64.0,81.0,605.0,686.0,0.0,1.0,1.0,0.0,2.0,2.0,0.0,1.0,1.0,0.0,0.0,0.0,0.0,1.0,1.0,0.0,0.0,0.0,0.0,0.0,0.0,0.0,0.0,0.0,0.0,0.0,0.0,0.0,0.0,0.0,0.0,0.0,0.0,0.0,0.0,0.0,0.0,1.0,1.0,0.0,0.0,0.0,0.0,0.0,0.0,0.0,0.0,0.0,0.0,0.0,0.0,0.0,0.0,0.0,0.0,0.0,0.0,24.0,92.0,116.0,0.0,4.0,4.0,0.0,1.0,1.0,1.0,0.0,1.0,0.0,0.0,0.0,21.0,146.0,167.0,2.0,32.0,34.0,48.0,279.0,327.0,
Contra Costa,24.0,128.0,152.0,117.0,1639.0,1756.0,14.0,176.0,190.0,2.0,27.0,29.0,9.0,196.0,205.0,0.0,32.0,32.0,41.0,680.0,721.0,7.0,47.0,54.0,9.0,97.0,106.0,9.0,159.0,168.0,25.0,212.0,237.0,1.0,13.0,14.0,1123.0,7591.0,8714.0,4.0,103.0,107.0,2.0,63.0,65.0,1.0,23.0,24.0,0.0,4.0,4.0,0.0,8.0,8.0,1.0,5.0,6.0,632.0,7399.0,8031.0,5.0,48.0,53.0,4.0,39.0,43.0,7.0,61.0,68.0,8.0,31.0,39.0,153.0,809.0,962.0,1633.0,9562.0,11195.0,3710.0,27410.0,31120.0,8.0,27.0,35.0,1.0,24.0,25.0,0.0,0.0,0.0,0.0,1.0,1.0,0.0,1.0,1.0,0.0,1.0,1.0,1.0,15.0,16.0,0.0,1.0,1.0,0.0,1.0,1.0,0.0,0.0,0.0,0.0,3.0,3.0,0.0,1.0,1.0,12.0,83.0,95.0,0.0,13.0,13.0,0.0,10.0,10.0,0.0,3.0,3.0,0.0,0.0,0.0,0.0,0.0,0.0,0.0,0.0,0.0,3.0,1.0,4.0,0.0,2.0,2.0,0.0,4.0,4.0,0.0,3.0,3.0,3.0,1.0,4.0,115.0,588.0,703.0,1371.0,6823.0,8194.0,1513.0,7569.0,9082.0,
Del Norte,39.0,236.0,275.0,26.0,81.0,107.0,1.0,6.0,7.0,0.0,0.0,0.0,0.0,4.0,4.0,0.0,2.0,2.0,3.0,4.0,7.0,0.0,0.0,0.0,6.0,18.0,24.0,0.0,1.0,1.0,15.0,43.0,58.0,1.0,3.0,4.0,5.0,13.0,18.0,0.0,8.0,8.0,0.0,4.0,4.0,0.0,0.0,0.0,0.0,3.0,3.0,0.0,1.0,1.0,0.0,0.0,0.0,243.0,1632.0,1875.0,14.0,69.0,83.0,0.0,5.0,5.0,0.0,4.0,4.0,0.0,0.0,0.0,14.0,69.0,83.0,17.0,87.0,104.0,358.0,2204.0,2562.0,1.0,13.0,14.0,2.0,0.0,2.0,1.0,0.0,1.0,0.0,0.0,0.0,0.0,0.0,0.0,0.0,0.0,0.0,1.0,0.0,1.0,0.0,0.0,0.0,0.0,0.0,0.0,0.0,0.0,0.0,0.0,0.0,0.0,0.0,0.0,0.0,0.0,1.0,1.0,0.0,2.0,2.0,0.0,0.0,0.0,0.0,0.0,0.0,0.0,2.0,2.0,0.0,0.0,0.0,0.0,0.0,0.0,8.0,79.0,87.0,1.0,4.0,5.0,0.0,1.0,1.0,0.0,0.0,0.0,0.0,0.0,0.0,11.0,52.0,63.0,7.0,28.0,35.0,30.0,180.0,210.0,
El Dorado,7.0,65.0,72.0,6.0,95.0,101.0,2.0,11.0,13.0,0.0,3.0,3.0,0.0,7.0,7.0,0.0,5.0,5.0,4.0,48.0,52.0,0.0,3.0,3.0,0.0,1.0,1.0,0.0,7.0,7.0,0.0,6.0,6.0,0.0,4.0,4.0,10.0,81.0,91.0,1.0,11.0,12.0,1.0,7.0,8.0,0.0,2.0,2.0,0.0,0.0,0.0,0.0,2.0,2.0,0.0,0.0,0.0,385.0,4861.0,5246.0,8.0,66.0,74.0,0.0,28.0,28.0,2.0,13.0,15.0,0.0,0.0,0.0,40.0,377.0,417.0,45.0,709.0,754.0,504.0,6306.0,6810.0,1.0,9.0,10.0,3.0,5.0,8.0,1.0,1.0,2.0,0.0,1.0,1.0,0.0,0.0,0.0,0.0,0.0,0.0,2.0,2.0,4.0,0.0,0.0,0.0,0.0,0.0,0.0,0.0,0.0,0.0,0.0,1.0,1.0,0.0,0.0,0.0,0.0,3.0,3.0,0.0,1.0,1.0,0.0,0.0,0.0,0.0,1.0,1.0,0.0,0.0,0.0,0.0,0.0,0.0,0.0,0.0,0.0,20.0,196.0,216.0,1.0,6.0,7.0,0.0,2.0,2.0,0.0,4.0,4.0,0.0,0.0,0.0,32.0,306.0,338.0,22.0,221.0,243.0,79.0,753.0,832.0,
Fresno,164.0,712.0,876.0,543.0,5113.0,5656.0,26.0,292.0,318.0,75.0,501.0,576.0,5.0,88.0,93.0,2.0,54.0,56.0,21.0,298.0,319.0,1.0,33.0,34.0,94.0,936.0,1030.0,10.0,151.0,161.0,309.0,2760.0,3069.0,0.0,0.0,0.0,1293.0,6767.0,8060.0,21.0,185.0,206.0,9.0,71.0,80.0,3.0,17.0,20.0,2.0,39.0,41.0,7.0,58.0,65.0,0.0,0.0,0.0,1880.0,15941.0,17821.0,0.0,0.0,0.0,0.0,0.0,0.0,0.0,0.0,0.0,0.0,0.0,0.0,6682.0,38375.0,45057.0,745.0,9330.0,10075.0,11328.0,76423.0,87751.0,0.0,0.0,0.0,0.0,0.0,0.0,0.0,0.0,0.0,0.0,0.0,0.0,0.0,0.0,0.0,0.0,0.0,0.0,0.0,0.0,0.0,0.0,0.0,0.0,0.0,0.0,0.0,0.0,0.0,0.0,0.0,0.0,0.0,0.0,0.0,0.0,0.0,0.0,0.0,0.0,0.0,0.0,0.0,0.0,0.0,0.0,0.0,0.0,0.0,0.0,0.0,0.0,0.0,0.0,0.0,0.0,0.0,0.0,0.0,0.0,0.0,0.0,0.0,0.0,0.0,0.0,0.0,0.0,0.0,0.0,0.0,0.0,6682.0,38375.0,45057.0,0.0,0.0,0.0,6682.0,38375.0,45057.0,
Glenn,7.0,38.0,45.0,5.0,57.0,62.0,0.0,2.0,2.0,0.0,1.0,1.0,0.0,1.0,1.0,0.0,0.0,0.0,0.0,2.0,2.0,1.0,0.0,1.0,4.0,38.0,42.0,0.0,1.0,1.0,0.0,10.0,10.0,0.0,2.0,2.0,4.0,18.0,22.0,0.0,1.0,1.0,0.0,0.0,0.0,0.0,0.0,0.0,0.0,1.0,1.0,0.0,0.0,0.0,0.0,0.0,0.0,118.0,813.0,931.0,2.0,13.0,15.0,0.0,3.0,3.0,0.0,4.0,4.0,0.0,1.0,1.0,45.0,302.0,347.0,10.0,36.0,46.0,191.0,1286.0,1477.0,1.0,5.0,6.0,0.0,0.0,0.0,0.0,0.0,0.0,0.0,0.0,0.0,0.0,0.0,0.0,0.0,0.0,0.0,0.0,0.0,0.0,0.0,0.0,0.0,0.0,0.0,0.0,0.0,0.0,0.0,0.0,0.0,0.0,0.0,0.0,0.0,0.0,2.0,2.0,0.0,0.0,0.0,0.0,0.0,0.0,0.0,0.0,0.0,0.0,0.0,0.0,0.0,0.0,0.0,0.0,0.0,0.0,14.0,109.0,123.0,0.0,1.0,1.0,0.0,0.0,0.0,0.0,0.0,0.0,0.0,1.0,1.0,45.0,290.0,335.0,5.0,25.0,30.0,65.0,433.0,498.0,
Humboldt,132.0,972.0,1104.0,26.0,310.0,336.0,1.0,11.0,12.0,0.0,4.0,4.0,1.0,10.0,11.0,0.0,6.0,6.0,1.0,44.0,45.0,1.0,10.0,11.0,6.0,65.0,71.0,0.0,9.0,9.0,16.0,133.0,149.0,0.0,18.0,18.0,26.0,308.0,334.0,2.0,35.0,37.0,1.0,18.0,19.0,0.0,2.0,2.0,0.0,9.0,9.0,1.0,5.0,6.0,0.0,1.0,1.0,497.0,7013.0,7510.0,39.0,406.0,445.0,4.0,48.0,52.0,6.0,50.0,56.0,3.0,13.0,16.0,74.0,1026.0,1100.0,24.0,991.0,1015.0,833.0,11172.0,12005.0,4.0,53.0,57.0,0.0,13.0,13.0,0.0,3.0,3.0,0.0,0.0,0.0,0.0,1.0,1.0,0.0,1.0,1.0,0.0,5.0,5.0,0.0,1.0,1.0,0.0,0.0,0.0,0.0,0.0,0.0,0.0,2.0,2.0,0.0,0.0,0.0,2.0,15.0,17.0,0.0,5.0,5.0,0.0,0.0,0.0,0.0,1.0,1.0,0.0,3.0,3.0,0.0,1.0,1.0,0.0,0.0,0.0,24.0,269.0,293.0,2.0,27.0,29.0,0.0,1.0,1.0,0.0,3.0,3.0,0.0,1.0,1.0,64.0,867.0,931.0,14.0,155.0,169.0,110.0,1409.0,1519.0,
Imperial,34.0,169.0,203.0,1.0,76.0,77.0,0.0,10.0,10.0,0.0,2.0,2.0,0.0,10.0,10.0,0.0,4.0,4.0,1.0,32.0,33.0,0.0,4.0,4.0,0.0,1.0,1.0,0.0,5.0,5.0,0.0,7.0,7.0,0.0,1.0,1.0,42.0,261.0,303.0,3.0,11.0,14.0,2.0,1.0,3.0,0.0,3.0,3.0,0.0,7.0,7.0,1.0,0.0,1.0,0.0,0.0,0.0,1204.0,7796.0,9000.0,3.0,28.0,31.0,7.0,27.0,34.0,3.0,16.0,19.0,1.0,2.0,3.0,765.0,5920.0,6685.0,149.0,611.0,760.0,2212.0,14917.0,17129.0,2.0,18.0,20.0,1.0,22.0,23.0,0.0,4.0,4.0,0.0,2.0,2.0,0.0,2.0,2.0,0.0,2.0,2.0,1.0,11.0,12.0,0.0,0.0,0.0,0.0,1.0,1.0,0.0,0.0,0.0,0.0,0.0,0.0,0.0,0.0,0.0,2.0,19.0,21.0,1.0,7.0,8.0,0.0,0.0,0.0,0.0,2.0,2.0,0.0,5.0,5.0,1.0,0.0,1.0,0.0,0.0,0.0,1061.0,6523.0,7584.0,1.0,14.0,15.0,6.0,17.0,23.0,1.0,7.0,8.0,0.0,0.0,0.0,760.0,5898.0,6658.0,66.0,317.0,383.0,1901.0,12842.0,14743.0,
Inyo,34.0,242.0,276.0,0.0,4.0,4.0,0.0,0.0,0.0,0.0,0.0,0.0,0.0,0.0,0.0,0.0,0.0,0.0,0.0,3.0,3.0,0.0,0.0,0.0,0.0,0.0,0.0,0.0,1.0,1.0,0.0,0.0,0.0,0.0,0.0,0.0,0.0,7.0,7.0,0.0,2.0,2.0,0.0,2.0,2.0,0.0,0.0,0.0,0.0,0.0,0.0,0.0,0.0,0.0,0.0,0.0,0.0,30.0,521.0,551.0,3.0,21.0,24.0,1.0,1.0,2.0,0.0,1.0,1.0,0.0,0.0,0.0,7.0,92.0,99.0,2.0,42.0,44.0,77.0,933.0,1010.0,1.0,8.0,9.0,0.0,0.0,0.0,0.0,0.0,0.0,0.0,0.0,0.0,0.0,0.0,0.0,0.0,0.0,0.0,0.0,0.0,0.0,0.0,0.0,0.0,0.0,0.0,0.0,0.0,0.0,0.0,0.0,0.0,0.0,0.0,0.0,0.0,0.0,1.0,1.0,0.0,0.0,0.0,0.0,0.0,0.0,0.0,0.0,0.0,0.0,0.0,0.0,0.0,0.0,0.0,0.0,0.0,0.0,7.0,29.0,36.0,1.0,1.0,2.0,0.0,0.0,0.0,0.0,0.0,0.0,0.0,0.0,0.0,7.0,87.0,94.0,2.0,31.0,33.0,18.0,157.0,175.0,
Kern,59.0,437.0,496.0,125.0,1344.0,1469.0,56.0,402.0,458.0,14.0,79.0,93.0,2.0,24.0,26.0,1.0,20.0,21.0,32.0,522.0,554.0,0.0,29.0,29.0,2.0,27.0,29.0,2.0,29.0,31.0,12.0,170.0,182.0,4.0,42.0,46.0,1442.0,6325.0,7767.0,15.0,92.0,107.0,2.0,23.0,25.0,2.0,22.0,24.0,8.0,30.0,38.0,3.0,13.0,16.0,0.0,4.0,4.0,3905.0,28944.0,32849.0,36.0,289.0,325.0,30.0,177.0,207.0,42.0,214.0,256.0,5.0,32.0,37.0,2411.0,14025.0,16436.0,1290.0,7189.0,8479.0,9360.0,59068.0,68428.0,31.0,164.0,195.0,52.0,267.0,319.0,40.0,170.0,210.0,2.0,17.0,19.0,2.0,3.0,5.0,0.0,4.0,4.0,3.0,51.0,54.0,0.0,1.0,1.0,2.0,8.0,10.0,0.0,0.0,0.0,2.0,11.0,13.0,1.0,2.0,3.0,34.0,160.0,194.0,4.0,22.0,26.0,0.0,5.0,5.0,1.0,6.0,7.0,2.0,8.0,10.0,1.0,2.0,3.0,0.0,1.0,1.0,1669.0,10212.0,11881.0,12.0,81.0,93.0,13.0,63.0,76.0,3.0,34.0,37.0,1.0,8.0,9.0,2381.0,13633.0,16014.0,1216.0,6251.0,7467.0,5416.0,30895.0,36311.0,
Kings,7.0,84.0,91.0,29.0,236.0,265.0,4.0,54.0,58.0,1.0,9.0,10.0,2.0,4.0,6.0,0.0,6.0,6.0,17.0,121.0,138.0,0.0,1.0,1.0,2.0,12.0,14.0,0.0,5.0,5.0,3.0,21.0,24.0,0.0,3.0,3.0,101.0,706.0,807.0,1.0,13.0,14.0,0.0,6.0,6.0,1.0,1.0,2.0,0.0,6.0,6.0,0.0,0.0,0.0,0.0,0.0,0.0,572.0,3084.0,3656.0,4.0,23.0,27.0,3.0,25.0,28.0,4.0,23.0,27.0,1.0,5.0,6.0,384.0,2742.0,3126.0,314.0,2105.0,2419.0,1420.0,9046.0,10466.0,3.0,36.0,39.0,8.0,60.0,68.0,4.0,43.0,47.0,0.0,1.0,1.0,1.0,0.0,1.0,0.0,4.0,4.0,3.0,5.0,8.0,0.0,1.0,1.0,0.0,3.0,3.0,0.0,0.0,0.0,0.0,3.0,3.0,0.0,0.0,0.0,3.0,24.0,27.0,0.0,7.0,7.0,0.0,1.0,1.0,0.0,1.0,1.0,0.0,5.0,5.0,0.0,0.0,0.0,0.0,0.0,0.0,298.0,909.0,1207.0,0.0,7.0,7.0,2.0,4.0,6.0,2.0,2.0,4.0,1.0,4.0,5.0,377.0,2677.0,3054.0,277.0,1775.0,2052.0,971.0,5505.0,6476.0,
Lake,14.0,212.0,226.0,0.0,41.0,41.0,0.0,5.0,5.0,0.0,0.0,0.0,0.0,3.0,3.0,0.0,2.0,2.0,0.0,19.0,19.0,0.0,3.0,3.0,0.0,3.0,3.0,0.0,0.0,0.0,0.0,2.0,2.0,0.0,4.0,4.0,27.0,198.0,225.0,0.0,10.0,10.0,0.0,5.0,5.0,0.0,3.0,3.0,0.0,1.0,1.0,0.0,1.0,1.0,0.0,0.0,0.0,384.0,4405.0,4789.0,7.0,84.0,91.0,1.0,22.0,23.0,8.0,31.0,39.0,0.0,1.0,1.0,78.0,483.0,561.0,22.0,321.0,343.0,541.0,5808.0,6349.0,2.0,30.0,32.0,0.0,5.0,5.0,0.0,0.0,0.0,0.0,0.0,0.0,0.0,0.0,0.0,0.0,0.0,0.0,0.0,3.0,3.0,0.0,0.0,0.0,0.0,2.0,2.0,0.0,0.0,0.0,0.0,0.0,0.0,0.0,0.0,0.0,0.0,7.0,7.0,0.0,3.0,3.0,0.0,2.0,2.0,0.0,1.0,1.0,0.0,0.0,0.0,0.0,0.0,0.0,0.0,0.0,0.0,29.0,147.0,176.0,1.0,13.0,14.0,0.0,3.0,3.0,2.0,4.0,6.0,0.0,0.0,0.0,73.0,439.0,512.0,17.0,173.0,190.0,124.0,824.0,948.0,
Lassen,11.0,73.0,84.0,4.0,14.0,18.0,0.0,2.0,2.0,0.0,0.0,0.0,0.0,0.0,0.0,0.0,1.0,1.0,3.0,4.0,7.0,0.0,0.0,0.0,0.0,1.0,1.0,0.0,1.0,1.0,1.0,4.0,5.0,0.0,1.0,1.0,5.0,26.0,31.0,3.0,9.0,12.0,0.0,2.0,2.0,1.0,1.0,2.0,0.0,2.0,2.0,2.0,4.0,6.0,0.0,0.0,0.0,169.0,1081.0,1250.0,4.0,20.0,24.0,1.0,2.0,3.0,0.0,5.0,5.0,0.0,1.0,1.0,10.0,54.0,64.0,15.0,77.0,92.0,222.0,1362.0,1584.0,0.0,7.0,7.0,0.0,2.0,2.0,0.0,0.0,0.0,0.0,0.0,0.0,0.0,0.0,0.0,0.0,0.0,0.0,0.0,1.0,1.0,0.0,0.0,0.0,0.0,1.0,1.0,0.0,0.0,0.0,0.0,0.0,0.0,0.0,0.0,0.0,0.0,0.0,0.0,0.0,0.0,0.0,0.0,0.0,0.0,0.0,0.0,0.0,0.0,0.0,0.0,0.0,0.0,0.0,0.0,0.0,0.0,6.0,44.0,50.0,0.0,2.0,2.0,1.0,0.0,1.0,0.0,0.0,0.0,0.0,0.0,0.0,8.0,40.0,48.0,9.0,40.0,49.0,24.0,135.0,159.0,
Los Angeles,388.0,2381.0,2769.0,1570.0,18565.0,20135.0,76.0,900.0,976.0,200.0,1564.0,1764.0,227.0,3573.0,3800.0,40.0,476.0,516.0,421.0,4858.0,5279.0,164.0,2243.0,2407.0,14.0,108.0,122.0,182.0,2896.0,3078.0,195.0,1488.0,1683.0,51.0,459.0,510.0,13519.0,92619.0,106138.0,155.0,1021.0,1176.0,16.0,190.0,206.0,5.0,62.0,67.0,105.0,642.0,747.0,21.0,106.0,127.0,8.0,21.0,29.0,25580.0,149186.0,174766.0,337.0,1390.0,1727.0,86.0,593.0,679.0,228.0,1311.0,1539.0,45.0,287.0,332.0,36964.0,160626.0,197590.0,2442.0,18254.0,20696.0,81314.0,446233.0,527547.0,287.0,1384.0,1671.0,37.0,224.0,261.0,3.0,7.0,10.0,1.0,8.0,9.0,1.0,22.0,23.0,2.0,22.0,24.0,15.0,76.0,91.0,1.0,8.0,9.0,2.0,23.0,25.0,0.0,5.0,5.0,12.0,45.0,57.0,0.0,8.0,8.0,179.0,954.0,1133.0,7.0,104.0,111.0,3.0,43.0,46.0,0.0,9.0,9.0,4.0,25.0,29.0,0.0,25.0,25.0,0.0,2.0,2.0,15972.0,79916.0,95888.0,232.0,770.0,1002.0,11.0,72.0,83.0,50.0,227.0,277.0,9.0,22.0,31.0,35055.0,149932.0,184987.0,0.0,1.0,1.0,51839.0,233606.0,285445.0,
Madera,10.0,135.0,145.0,19.0,107.0,126.0,8.0,38.0,46.0,0.0,6.0,6.0,1.0,3.0,4.0,0.0,2.0,2.0,6.0,20.0,26.0,0.0,2.0,2.0,1.0,11.0,12.0,0.0,3.0,3.0,3.0,21.0,24.0,0.0,1.0,1.0,62.0,389.0,451.0,0.0,8.0,8.0,0.0,5.0,5.0,0.0,0.0,0.0,0.0,2.0,2.0,0.0,0.0,0.0,0.0,1.0,1.0,611.0,4526.0,5137.0,5.0,39.0,44.0,1.0,12.0,13.0,1.0,11.0,12.0,2.0,3.0,5.0,580.0,2579.0,3159.0,315.0,1986.0,2301.0,1606.0,9795.0,11401.0,2.0,25.0,27.0,3.0,34.0,37.0,3.0,22.0,25.0,0.0,3.0,3.0,0.0,0.0,0.0,0.0,2.0,2.0,0.0,4.0,4.0,0.0,0.0,0.0,0.0,2.0,2.0,0.0,0.0,0.0,0.0,1.0,1.0,0.0,0.0,0.0,1.0,19.0,20.0,0.0,1.0,1.0,0.0,0.0,0.0,0.0,0.0,0.0,0.0,1.0,1.0,0.0,0.0,0.0,0.0,0.0,0.0,303.0,1903.0,2206.0,1.0,6.0,7.0,0.0,5.0,5.0,0.0,2.0,2.0,2.0,2.0,4.0,573.0,2538.0,3111.0,259.0,1497.0,1756.0,1144.0,6032.0,7176.0,
Marin,7.0,41.0,48.0,12.0,279.0,291.0,4.0,42.0,46.0,0.0,2.0,2.0,2.0,38.0,40.0,0.0,6.0,6.0,3.0,39.0,42.0,0.0,17.0,17.0,0.0,3.0,3.0,1.0,87.0,88.0,2.0,35.0,37.0,0.0,10.0,10.0,70.0,514.0,584.0,6.0,8.0,14.0,4.0,1.0,5.0,0.0,0.0,0.0,1.0,2.0,3.0,1.0,4.0,5.0,0.0,1.0,1.0,214.0,3123.0,3337.0,6.0,40.0,46.0,1.0,29.0,30.0,3.0,28.0,31.0,1.0,3.0,4.0,209.0,1094.0,1303.0,10.0,170.0,180.0,539.0,5329.0,5868.0,6.0,19.0,25.0,0.0,10.0,10.0,0.0,4.0,4.0,0.0,0.0,0.0,0.0,3.0,3.0,0.0,0.0,0.0,0.0,0.0,0.0,0.0,0.0,0.0,0.0,0.0,0.0,0.0,0.0,0.0,0.0,3.0,3.0,0.0,0.0,0.0,0.0,15.0,15.0,0.0,0.0,0.0,0.0,0.0,0.0,0.0,0.0,0.0,0.0,0.0,0.0,0.0,0.0,0.0,0.0,0.0,0.0,91.0,605.0,696.0,2.0,11.0,13.0,0.0,2.0,2.0,1.0,0.0,1.0,0.0,1.0,1.0,195.0,1029.0,1224.0,8.0,64.0,72.0,303.0,1756.0,2059.0,
Mariposa,3.0,37.0,40.0,0.0,6.0,6.0,0.0,0.0,0.0,0.0,0.0,0.0,0.0,0.0,0.0,0.0,0.0,0.0,0.0,3.0,3.0,0.0,0.0,0.0,0.0,0.0,0.0,0.0,1.0,1.0,0.0,2.0,2.0,0.0,0.0,0.0,0.0,9.0,9.0,0.0,3.0,3.0,0.0,2.0,2.0,0.0,0.0,0.0,0.0,0.0,0.0,0.0,1.0,1.0,0.0,0.0,0.0,70.0,799.0,869.0,3.0,43.0,46.0,0.0,3.0,3.0,0.0,0.0,0.0,0.0,0.0,0.0,3.0,26.0,29.0,0.0,8.0,8.0,79.0,934.0,1013.0,0.0,10.0,10.0,0.0,0.0,0.0,0.0,0.0,0.0,0.0,0.0,0.0,0.0,0.0,0.0,0.0,0.0,0.0,0.0,0.0,0.0,0.0,0.0,0.0,0.0,0.0,0.0,0.0,0.0,0.0,0.0,0.0,0.0,0.0,0.0,0.0,0.0,1.0,1.0,0.0,0.0,0.0,0.0,0.0,0.0,0.0,0.0,0.0,0.0,0.0,0.0,0.0,0.0,0.0,0.0,0.0,0.0,6.0,44.0,50.0,1.0,6.0,7.0,0.0,1.0,1.0,0.0,0.0,0.0,0.0,0.0,0.0,2.0,20.0,22.0,0.0,2.0,2.0,9.0,84.0,93.0,
Mendocino,47.0,398.0,445.0,4.0,71.0,75.0,2.0,26.0,28.0,0.0,3.0,3.0,0.0,12.0,12.0,0.0,0.0,0.0,1.0,19.0,20.0,0.0,1.0,1.0,0.0,2.0,2.0,1.0,6.0,7.0,0.0,1.0,1.0,0.0,1.0,1.0,6.0,100.0,106.0,1.0,11.0,12.0,1.0,8.0,9.0,0.0,0.0,0.0,0.0,2.0,2.0,0.0,1.0,1.0,0.0,0.0,0.0,312.0,4021.0,4333.0,15.0,130.0,145.0,0.0,11.0,11.0,1.0,22.0,23.0,1.0,6.0,7.0,83.0,517.0,600.0,53.0,439.0,492.0,523.0,5726.0,6249.0,4.0,24.0,28.0,2.0,25.0,27.0,2.0,20.0,22.0,0.0,0.0,0.0,0.0,0.0,0.0,0.0,0.0,0.0,0.0,5.0,5.0,0.0,0.0,0.0,0.0,0.0,0.0,0.0,0.0,0.0,0.0,0.0,0.0,0.0,0.0,0.0,1.0,3.0,4.0,0.0,0.0,0.0,0.0,0.0,0.0,0.0,0.0,0.0,0.0,0.0,0.0,0.0,0.0,0.0,0.0,0.0,0.0,34.0,233.0,267.0,3.0,11.0,14.0,0.0,1.0,1.0,0.0,1.0,1.0,0.0,0.0,0.0,78.0,468.0,546.0,48.0,284.0,332.0,170.0,1050.0,1220.0,
Merced,28.0,169.0,197.0,128.0,1068.0,1196.0,16.0,87.0,103.0,0.0,11.0,11.0,3.0,17.0,20.0,2.0,5.0,7.0,9.0,85.0,94.0,2.0,9.0,11.0,12.0,116.0,128.0,0.0,13.0,13.0,83.0,706.0,789.0,1.0,19.0,20.0,283.0,1442.0,1725.0,11.0,67.0,78.0,3.0,15.0,18.0,0.0,11.0,11.0,4.0,27.0,31.0,4.0,10.0,14.0,0.0,4.0,4.0,1390.0,9628.0,11018.0,21.0,177.0,198.0,11.0,55.0,66.0,21.0,78.0,99.0,1.0,22.0,23.0,1526.0,7137.0,8663.0,26.0,203.0,229.0,3446.0,20046.0,23492.0,17.0,82.0,99.0,3.0,44.0,47.0,0.0,2.0,2.0,0.0,2.0,2.0,1.0,2.0,3.0,0.0,2.0,2.0,0.0,29.0,29.0,0.0,0.0,0.0,0.0,1.0,1.0,0.0,0.0,0.0,2.0,4.0,6.0,0.0,2.0,2.0,11.0,56.0,67.0,3.0,14.0,17.0,1.0,3.0,4.0,0.0,2.0,2.0,1.0,3.0,4.0,1.0,4.0,5.0,0.0,2.0,2.0,783.0,4348.0,5131.0,7.0,46.0,53.0,6.0,18.0,24.0,4.0,17.0,21.0,0.0,3.0,3.0,1510.0,7007.0,8517.0,18.0,140.0,158.0,2362.0,11775.0,14137.0,
Modoc,7.0,33.0,40.0,0.0,1.0,1.0,0.0,0.0,0.0,0.0,0.0,0.0,0.0,0.0,0.0,0.0,0.0,0.0,0.0,1.0,1.0,0.0,0.0,0.0,0.0,0.0,0.0,0.0,0.0,0.0,0.0,0.0,0.0,0.0,0.0,0.0,0.0,4.0,4.0,0.0,0.0,0.0,0.0,0.0,0.0,0.0,0.0,0.0,0.0,0.0,0.0,0.0,0.0,0.0,0.0,0.0,0.0,60.0,342.0,402.0,1.0,11.0,12.0,0.0,1.0,1.0,0.0,0.0,0.0,0.0,0.0,0.0,3.0,24.0,27.0,7.0,45.0,52.0,78.0,461.0,539.0,0.0,1.0,1.0,0.0,0.0,0.0,0.0,0.0,0.0,0.0,0.0,0.0,0.0,0.0,0.0,0.0,0.0,0.0,0.0,0.0,0.0,0.0,0.0,0.0,0.0,0.0,0.0,0.0,0.0,0.0,0.0,0.0,0.0,0.0,0.0,0.0,0.0,0.0,0.0,0.0,0.0,0.0,0.0,0.0,0.0,0.0,0.0,0.0,0.0,0.0,0.0,0.0,0.0,0.0,0.0,0.0,0.0,0.0,6.0,6.0,0.0,0.0,0.0,0.0,0.0,0.0,0.0,0.0,0.0,0.0,0.0,0.0,3.0,21.0,24.0,6.0,20.0,26.0,9.0,48.0,57.0,
Mono,2.0,21.0,23.0,0.0,1.0,1.0,0.0,0.0,0.0,0.0,0.0,0.0,0.0,1.0,1.0,0.0,0.0,0.0,0.0,0.0,0.0,0.0,0.0,0.0,0.0,0.0,0.0,0.0,0.0,0.0,0.0,0.0,0.0,0.0,0.0,0.0,0.0,3.0,3.0,0.0,0.0,0.0,0.0,0.0,0.0,0.0,0.0,0.0,0.0,0.0,0.0,0.0,0.0,0.0,0.0,0.0,0.0,6.0,282.0,288.0,0.0,5.0,5.0,0.0,4.0,4.0,0.0,0.0,0.0,0.0,0.0,0.0,0.0,19.0,19.0,1.0,49.0,50.0,9.0,384.0,393.0,0.0,2.0,2.0,0.0,0.0,0.0,0.0,0.0,0.0,0.0,0.0,0.0,0.0,0.0,0.0,0.0,0.0,0.0,0.0,0.0,0.0,0.0,0.0,0.0,0.0,0.0,0.0,0.0,0.0,0.0,0.0,0.0,0.0,0.0,0.0,0.0,0.0,0.0,0.0,0.0,0.0,0.0,0.0,0.0,0.0,0.0,0.0,0.0,0.0,0.0,0.0,0.0,0.0,0.0,0.0,0.0,0.0,1.0,59.0,60.0,0.0,2.0,2.0,0.0,2.0,2.0,0.0,0.0,0.0,0.0,0.0,0.0,0.0,14.0,14.0,1.0,11.0,12.0,2.0,90.0,92.0,
Monterey,10.0,54.0,64.0,46.0,508.0,554.0,5.0,48.0,53.0,2.0,7.0,9.0,1.0,9.0,10.0,4.0,17.0,21.0,20.0,278.0,298.0,5.0,32.0,37.0,0.0,3.0,3.0,4.0,63.0,67.0,5.0,39.0,44.0,0.0,12.0,12.0,73.0,665.0,738.0,11.0,54.0,65.0,3.0,5.0,8.0,4.0,23.0,27.0,3.0,17.0,20.0,1.0,7.0,8.0,0.0,2.0,2.0,643.0,5075.0,5718.0,5.0,57.0,62.0,19.0,108.0,127.0,1.0,55.0,56.0,1.0,4.0,5.0,814.0,8737.0,9551.0,471.0,2696.0,3167.0,2094.0,18013.0,20107.0,4.0,25.0,29.0,9.0,71.0,80.0,3.0,25.0,28.0,2.0,5.0,7.0,0.0,1.0,1.0,1.0,2.0,3.0,2.0,28.0,30.0,0.0,2.0,2.0,0.0,2.0,2.0,0.0,0.0,0.0,1.0,5.0,6.0,0.0,1.0,1.0,2.0,29.0,31.0,1.0,5.0,6.0,0.0,1.0,1.0,0.0,2.0,2.0,1.0,2.0,3.0,0.0,0.0,0.0,0.0,0.0,0.0,401.0,1808.0,2209.0,2.0,17.0,19.0,12.0,48.0,60.0,0.0,5.0,5.0,1.0,1.0,2.0,785.0,8552.0,9337.0,430.0,2245.0,2675.0,1647.0,12806.0,14453.0,
Napa,3.0,17.0,20.0,5.0,116.0,121.0,2.0,14.0,16.0,0.0,0.0,0.0,0.0,2.0,2.0,0.0,1.0,1.0,1.0,76.0,77.0,0.0,1.0,1.0,0.0,1.0,1.0,1.0,9.0,10.0,1.0,7.0,8.0,0.0,5.0,5.0,11.0,74.0,85.0,1.0,16.0,17.0,1.0,5.0,6.0,0.0,7.0,7.0,0.0,1.0,1.0,0.0,1.0,1.0,0.0,2.0,2.0,143.0,1984.0,2127.0,2.0,26.0,28.0,4.0,15.0,19.0,3.0,6.0,9.0,0.0,0.0,0.0,91.0,519.0,610.0,0.0,81.0,81.0,263.0,2854.0,3117.0,1.0,4.0,5.0,0.0,5.0,5.0,0.0,2.0,2.0,0.0,0.0,0.0,0.0,0.0,0.0,0.0,0.0,0.0,0.0,3.0,3.0,0.0,0.0,0.0,0.0,0.0,0.0,0.0,0.0,0.0,0.0,0.0,0.0,0.0,0.0,0.0,0.0,6.0,6.0,0.0,2.0,2.0,0.0,0.0,0.0,0.0,2.0,2.0,0.0,0.0,0.0,0.0,0.0,0.0,0.0,0.0,0.0,47.0,762.0,809.0,0.0,4.0,4.0,1.0,3.0,4.0,1.0,1.0,2.0,0.0,0.0,0.0,86.0,496.0,582.0,0.0,62.0,62.0,136.0,1345.0,1481.0,
Nevada,7.0,47.0,54.0,0.0,23.0,23.0,0.0,4.0,4.0,0.0,0.0,0.0,0.0,3.0,3.0,0.0,0.0,0.0,0.0,8.0,8.0,0.0,1.0,1.0,0.0,1.0,1.0,0.0,1.0,1.0,0.0,3.0,3.0,0.0,2.0,2.0,2.0,20.0,22.0,1.0,3.0,4.0,1.0,1.0,2.0,0.0,0.0,0.0,0.0,1.0,1.0,0.0,1.0,1.0,0.0,0.0,0.0,215.0,3413.0,3628.0,7.0,52.0,59.0,3.0,16.0,19.0,0.0,7.0,7.0,0.0,0.0,0.0,4.0,131.0,135.0,3.0,156.0,159.0,242.0,3868.0,4110.0,2.0,6.0,8.0,0.0,1.0,1.0,0.0,0.0,0.0,0.0,0.0,0.0,0.0,1.0,1.0,0.0,0.0,0.0,0.0,0.0,0.0,0.0,0.0,0.0,0.0,0.0,0.0,0.0,0.0,0.0,0.0,0.0,0.0,0.0,0.0,0.0,0.0,1.0,1.0,0.0,0.0,0.0,0.0,0.0,0.0,0.0,0.0,0.0,0.0,0.0,0.0,0.0,0.0,0.0,0.0,0.0,0.0,20.0,144.0,164.0,1.0,7.0,8.0,0.0,0.0,0.0,0.0,2.0,2.0,0.0,0.0,0.0,2.0,98.0,100.0,1.0,19.0,20.0,26.0,278.0,304.0,
Orange,40.0,457.0,497.0,375.0,13915.0,14290.0,9.0,353.0,362.0,15.0,192.0,207.0,13.0,397.0,410.0,3.0,140.0,143.0,60.0,1176.0,1236.0,23.0,964.0,987.0,7.0,120.0,127.0,244.0,10548.0,10792.0,1.0,25.0,26.0,0.0,0.0,0.0,322.0,3150.0,3472.0,79.0,1163.0,1242.0,9.0,161.0,170.0,2.0,45.0,47.0,22.0,201.0,223.0,46.0,756.0,802.0,0.0,0.0,0.0,2038.0,36595.0,38633.0,0.0,13.0,13.0,1.0,17.0,18.0,0.0,22.0,22.0,0.0,4.0,4.0,260.0,2013.0,2273.0,6246.0,47901.0,54147.0,9361.0,105250.0,114611.0,15.0,100.0,115.0,3.0,110.0,113.0,0.0,6.0,6.0,0.0,4.0,4.0,0.0,2.0,2.0,0.0,2.0,2.0,0.0,39.0,39.0,0.0,3.0,3.0,2.0,20.0,22.0,1.0,26.0,27.0,0.0,8.0,8.0,0.0,0.0,0.0,9.0,53.0,62.0,6.0,102.0,108.0,1.0,50.0,51.0,1.0,11.0,12.0,1.0,7.0,8.0,3.0,34.0,37.0,0.0,0.0,0.0,339.0,2610.0,2949.0,0.0,1.0,1.0,0.0,0.0,0.0,0.0,1.0,1.0,0.0,0.0,0.0,154.0,1059.0,1213.0,6240.0,47826.0,54066.0,6766.0,51862.0,58628.0,
Placer,11.0,121.0,132.0,18.0,255.0,273.0,2.0,37.0,39.0,0.0,4.0,4.0,0.0,20.0,20.0,2.0,6.0,8.0,2.0,69.0,71.0,3.0,10.0,13.0,0.0,4.0,4.0,2.0,24.0,26.0,7.0,81.0,88.0,0.0,0.0,0.0,24.0,237.0,261.0,0.0,0.0,0.0,0.0,0.0,0.0,0.0,0.0,0.0,0.0,0.0,0.0,0.0,0.0,0.0,0.0,0.0,0.0,453.0,6425.0,6878.0,0.0,0.0,0.0,0.0,0.0,0.0,0.0,0.0,0.0,0.0,0.0,0.0,121.0,1026.0,1147.0,0.0,0.0,0.0,627.0,8064.0,8691.0,0.0,0.0,0.0,0.0,0.0,0.0,0.0,0.0,0.0,0.0,0.0,0.0,0.0,0.0,0.0,0.0,0.0,0.0,0.0,0.0,0.0,0.0,0.0,0.0,0.0,0.0,0.0,0.0,0.0,0.0,0.0,0.0,0.0,0.0,0.0,0.0,0.0,0.0,0.0,0.0,0.0,0.0,0.0,0.0,0.0,0.0,0.0,0.0,0.0,0.0,0.0,0.0,0.0,0.0,0.0,0.0,0.0,0.0,0.0,0.0,0.0,0.0,0.0,0.0,0.0,0.0,0.0,0.0,0.0,0.0,0.0,0.0,121.0,1026.0,1147.0,0.0,0.0,0.0,121.0,1026.0,1147.0,
Plumas,0.0,30.0,30.0,0.0,9.0,9.0,0.0,0.0,0.0,0.0,0.0,0.0,0.0,1.0,1.0,0.0,1.0,1.0,0.0,6.0,6.0,0.0,0.0,0.0,0.0,0.0,0.0,0.0,1.0,1.0,0.0,0.0,0.0,0.0,0.0,0.0,4.0,52.0,56.0,0.0,5.0,5.0,0.0,2.0,2.0,0.0,1.0,1.0,0.0,1.0,1.0,0.0,1.0,1.0,0.0,0.0,0.0,57.0,805.0,862.0,1.0,33.0,34.0,0.0,5.0,5.0,0.0,2.0,2.0,0.0,1.0,1.0,3.0,56.0,59.0,2.0,42.0,44.0,67.0,1040.0,1107.0,0.0,8.0,8.0,0.0,2.0,2.0,0.0,0.0,0.0,0.0,0.0,0.0,0.0,0.0,0.0,0.0,0.0,0.0,0.0,2.0,2.0,0.0,0.0,0.0,0.0,0.0,0.0,0.0,0.0,0.0,0.0,0.0,0.0,0.0,0.0,0.0,0.0,1.0,1.0,0.0,1.0,1.0,0.0,0.0,0.0,0.0,0.0,0.0,0.0,1.0,1.0,0.0,0.0,0.0,0.0,0.0,0.0,4.0,27.0,31.0,0.0,5.0,5.0,0.0,0.0,0.0,0.0,0.0,0.0,0.0,0.0,0.0,3.0,54.0,57.0,2.0,6.0,8.0,9.0,104.0,113.0,
Riverside,61.0,814.0,875.0,190.0,2417.0,2607.0,15.0,173.0,188.0,9.0,106.0,115.0,8.0,115.0,123.0,5.0,66.0,71.0,68.0,852.0,920.0,7.0,143.0,150.0,13.0,195.0,208.0,15.0,295.0,310.0,40.0,395.0,435.0,10.0,77.0,87.0,2150.0,12941.0,15091.0,57.0,347.0,404.0,9.0,78.0,87.0,13.0,67.0,80.0,19.0,158.0,177.0,15.0,34.0,49.0,1.0,10.0,11.0,4179.0,41141.0,45320.0,37.0,453.0,490.0,36.0,311.0,347.0,100.0,497.0,597.0,16.0,74.0,90.0,4919.0,28167.0,33086.0,2352.0,20333.0,22685.0,14097.0,107495.0,121592.0,25.0,360.0,385.0,25.0,192.0,217.0,1.0,6.0,7.0,2.0,11.0,13.0,4.0,4.0,8.0,1.0,20.0,21.0,9.0,70.0,79.0,0.0,15.0,15.0,3.0,29.0,32.0,1.0,3.0,4.0,4.0,33.0,37.0,0.0,1.0,1.0,87.0,390.0,477.0,14.0,55.0,69.0,1.0,16.0,17.0,8.0,18.0,26.0,2.0,16.0,18.0,2.0,5.0,7.0,1.0,0.0,1.0,1538.0,9733.0,11271.0,16.0,133.0,149.0,3.0,62.0,65.0,21.0,58.0,79.0,4.0,9.0,13.0,4749.0,27045.0,31794.0,2018.0,15172.0,17190.0,8500.0,53209.0,61709.0,
Sacramento,222.0,1087.0,1309.0,450.0,5692.0,6142.0,69.0,702.0,771.0,24.0,154.0,178.0,44.0,991.0,1035.0,6.0,83.0,89.0,93.0,1086.0,1179.0,3.0,131.0,134.0,103.0,842.0,945.0,108.0,1703.0,1811.0,0.0,0.0,0.0,0.0,0.0,0.0,3839.0,20266.0,24105.0,496.0,3449.0,3945.0,31.0,212.0,243.0,7.0,76.0,83.0,32.0,188.0,220.0,426.0,2973.0,3399.0,0.0,0.0,0.0,8609.0,53286.0,61895.0,0.0,0.0,0.0,0.0,0.0,0.0,0.0,0.0,0.0,0.0,0.0,0.0,0.0,0.0,0.0,15.0,32.0,47.0,13631.0,83812.0,97443.0,48.0,211.0,259.0,16.0,99.0,115.0,1.0,8.0,9.0,1.0,0.0,1.0,1.0,3.0,4.0,0.0,3.0,3.0,8.0,51.0,59.0,0.0,1.0,1.0,4.0,24.0,28.0,1.0,9.0,10.0,0.0,0.0,0.0,0.0,0.0,0.0,99.0,397.0,496.0,13.0,85.0,98.0,6.0,31.0,37.0,0.0,14.0,14.0,0.0,2.0,2.0,7.0,38.0,45.0,0.0,0.0,0.0,3520.0,16444.0,19964.0,0.0,0.0,0.0,0.0,0.0,0.0,0.0,0.0,0.0,0.0,0.0,0.0,0.0,0.0,0.0,15.0,32.0,47.0,3711.0,17268.0,20979.0,
San Benito,0.0,13.0,13.0,2.0,19.0,21.0,0.0,4.0,4.0,0.0,0.0,0.0,0.0,2.0,2.0,0.0,1.0,1.0,2.0,8.0,10.0,0.0,2.0,2.0,0.0,0.0,0.0,0.0,0.0,0.0,0.0,1.0,1.0,0.0,1.0,1.0,4.0,12.0,16.0,0.0,2.0,2.0,0.0,1.0,1.0,0.0,0.0,0.0,0.0,0.0,0.0,0.0,1.0,1.0,0.0,0.0,0.0,118.0,992.0,1110.0,1.0,17.0,18.0,0.0,4.0,4.0,0.0,3.0,3.0,0.0,0.0,0.0,82.0,765.0,847.0,23.0,123.0,146.0,230.0,1950.0,2180.0,0.0,9.0,9.0,0.0,1.0,1.0,0.0,0.0,0.0,0.0,0.0,0.0,0.0,0.0,0.0,0.0,0.0,0.0,0.0,1.0,1.0,0.0,0.0,0.0,0.0,0.0,0.0,0.0,0.0,0.0,0.0,0.0,0.0,0.0,0.0,0.0,0.0,1.0,1.0,0.0,0.0,0.0,0.0,0.0,0.0,0.0,0.0,0.0,0.0,0.0,0.0,0.0,0.0,0.0,0.0,0.0,0.0,71.0,545.0,616.0,1.0,5.0,6.0,0.0,2.0,2.0,0.0,1.0,1.0,0.0,0.0,0.0,78.0,751.0,829.0,17.0,90.0,107.0,167.0,1405.0,1572.0,
San Bernardino,136.0,926.0,1062.0,289.0,3126.0,3415.0,21.0,200.0,221.0,31.0,245.0,276.0,14.0,216.0,230.0,11.0,79.0,90.0,90.0,836.0,926.0,14.0,210.0,224.0,16.0,100.0,116.0,29.0,515.0,544.0,54.0,619.0,673.0,9.0,106.0,115.0,4734.0,24012.0,28746.0,82.0,544.0,626.0,12.0,119.0,131.0,10.0,70.0,80.0,51.0,294.0,345.0,8.0,47.0,55.0,1.0,14.0,15.0,7618.0,56273.0,63891.0,62.0,565.0,627.0,44.0,388.0,432.0,146.0,732.0,878.0,20.0,130.0,150.0,5122.0,34413.0,39535.0,4365.0,21566.0,25931.0,22618.0,142675.0,165293.0,64.0,426.0,490.0,39.0,245.0,284.0,0.0,4.0,4.0,1.0,8.0,9.0,0.0,9.0,9.0,7.0,29.0,36.0,19.0,94.0,113.0,2.0,7.0,9.0,5.0,32.0,37.0,1.0,10.0,11.0,4.0,47.0,51.0,0.0,5.0,5.0,142.0,628.0,770.0,10.0,73.0,83.0,3.0,19.0,22.0,3.0,23.0,26.0,2.0,21.0,23.0,2.0,10.0,12.0,0.0,0.0,0.0,3590.0,19970.0,23560.0,23.0,155.0,178.0,18.0,87.0,105.0,21.0,109.0,130.0,2.0,14.0,16.0,4913.0,33241.0,38154.0,3843.0,17036.0,20879.0,12665.0,71984.0,84649.0,
San Diego,99.0,921.0,1020.0,304.0,6090.0,6394.0,6.0,135.0,141.0,26.0,289.0,315.0,9.0,281.0,290.0,14.0,169.0,183.0,147.0,2937.0,3084.0,7.0,170.0,177.0,23.0,355.0,378.0,72.0,1754.0,1826.0,0.0,0.0,0.0,0.0,0.0,0.0,1540.0,12973.0,14513.0,96.0,1292.0,1388.0,9.0,172.0,181.0,16.0,222.0,238.0,19.0,260.0,279.0,52.0,638.0,690.0,0.0,0.0,0.0,4318.0,55472.0,59790.0,1.0,12.0,13.0,25.0,198.0,223.0,10.0,35.0,45.0,0.0,0.0,0.0,2.0,1.0,3.0,5288.0,42747.0,48035.0,11683.0,119741.0,131424.0,9.0,135.0,144.0,13.0,135.0,148.0,0.0,4.0,4.0,0.0,3.0,3.0,1.0,3.0,4.0,0.0,7.0,7.0,7.0,91.0,98.0,1.0,3.0,4.0,3.0,13.0,16.0,1.0,11.0,12.0,0.0,0.0,0.0,0.0,0.0,0.0,39.0,238.0,277.0,10.0,85.0,95.0,2.0,17.0,19.0,3.0,13.0,16.0,0.0,9.0,9.0,5.0,46.0,51.0,0.0,0.0,0.0,617.0,5955.0,6572.0,0.0,2.0,2.0,13.0,80.0,93.0,1.0,6.0,7.0,0.0,0.0,0.0,0.0,0.0,0.0,5199.0,41883.0,47082.0,5901.0,48519.0,54420.0,
San Francisco,19.0,211.0,230.0,192.0,8131.0,8323.0,6.0,100.0,106.0,3.0,96.0,99.0,96.0,5215.0,5311.0,4.0,73.0,77.0,35.0,1009.0,1044.0,3.0,106.0,109.0,1.0,36.0,37.0,21.0,579.0,600.0,23.0,917.0,940.0,0.0,0.0,0.0,612.0,5554.0,6166.0,45.0,312.0,357.0,5.0,75.0,80.0,0.0,10.0,10.0,35.0,171.0,206.0,5.0,56.0,61.0,0.0,0.0,0.0,191.0,5596.0,5787.0,0.0,0.0,0.0,0.0,0.0,0.0,0.0,0.0,0.0,0.0,0.0,0.0,705.0,7636.0,8341.0,236.0,3488.0,3724.0,2000.0,30928.0,32928.0,0.0,0.0,0.0,0.0,0.0,0.0,0.0,0.0,0.0,0.0,0.0,0.0,0.0,0.0,0.0,0.0,0.0,0.0,0.0,0.0,0.0,0.0,0.0,0.0,0.0,0.0,0.0,0.0,0.0,0.0,0.0,0.0,0.0,0.0,0.0,0.0,0.0,0.0,0.0,0.0,0.0,0.0,0.0,0.0,0.0,0.0,0.0,0.0,0.0,0.0,0.0,0.0,0.0,0.0,0.0,0.0,0.0,0.0,0.0,0.0,0.0,0.0,0.0,0.0,0.0,0.0,0.0,0.0,0.0,0.0,0.0,0.0,0.0,0.0,0.0,236.0,3488.0,3724.0,236.0,3488.0,3724.0,
San Joaquin,34.0,418.0,452.0,566.0,4686.0,5252.0,62.0,518.0,580.0,192.0,1062.0,1254.0,6.0,107.0,113.0,4.0,30.0,34.0,90.0,1049.0,1139.0,2.0,30.0,32.0,67.0,536.0,603.0,35.0,474.0,509.0,91.0,678.0,769.0,17.0,202.0,219.0,1420.0,6961.0,8381.0,38.0,229.0,267.0,11.0,47.0,58.0,8.0,40.0,48.0,16.0,101.0,117.0,2.0,34.0,36.0,1.0,7.0,8.0,2057.0,15384.0,17441.0,30.0,318.0,348.0,46.0,293.0,339.0,56.0,229.0,285.0,10.0,61.0,71.0,1187.0,7164.0,8351.0,1019.0,5770.0,6789.0,6463.0,41513.0,47976.0,17.0,190.0,207.0,30.0,236.0,266.0,6.0,33.0,39.0,4.0,13.0,17.0,0.0,5.0,5.0,0.0,6.0,6.0,19.0,151.0,170.0,0.0,1.0,1.0,0.0,4.0,4.0,0.0,3.0,3.0,1.0,11.0,12.0,0.0,9.0,9.0,36.0,204.0,240.0,5.0,35.0,40.0,3.0,10.0,13.0,1.0,11.0,12.0,1.0,8.0,9.0,0.0,4.0,4.0,0.0,2.0,2.0,901.0,4649.0,5550.0,13.0,86.0,99.0,21.0,120.0,141.0,4.0,29.0,33.0,3.0,16.0,19.0,1111.0,6640.0,7751.0,823.0,4289.0,5112.0,2964.0,16494.0,19458.0,
San Luis Obispo,12.0,96.0,108.0,11.0,160.0,171.0,0.0,14.0,14.0,0.0,2.0,2.0,0.0,14.0,14.0,3.0,7.0,10.0,3.0,72.0,75.0,1.0,11.0,12.0,0.0,7.0,7.0,1.0,12.0,13.0,3.0,21.0,24.0,0.0,0.0,0.0,18.0,157.0,175.0,1.0,10.0,11.0,1.0,8.0,9.0,0.0,2.0,2.0,0.0,0.0,0.0,0.0,0.0,0.0,0.0,0.0,0.0,721.0,8292.0,9013.0,0.0,0.0,0.0,0.0,0.0,0.0,0.0,0.0,0.0,0.0,0.0,0.0,0.0,0.0,0.0,0.0,0.0,0.0,763.0,8715.0,9478.0,0.0,0.0,0.0,0.0,0.0,0.0,0.0,0.0,0.0,0.0,0.0,0.0,0.0,0.0,0.0,0.0,0.0,0.0,0.0,0.0,0.0,0.0,0.0,0.0,0.0,0.0,0.0,0.0,0.0,0.0,0.0,0.0,0.0,0.0,0.0,0.0,0.0,0.0,0.0,0.0,0.0,0.0,0.0,0.0,0.0,0.0,0.0,0.0,0.0,0.0,0.0,0.0,0.0,0.0,0.0,0.0,0.0,258.0,1918.0,2176.0,0.0,0.0,0.0,0.0,0.0,0.0,0.0,0.0,0.0,0.0,0.0,0.0,0.0,0.0,0.0,0.0,0.0,0.0,258.0,1918.0,2176.0,
San Mateo,5.0,201.0,206.0,157.0,4946.0,5103.0,8.0,177.0,185.0,3.0,91.0,94.0,16.0,926.0,942.0,0.0,81.0,81.0,86.0,1985.0,2071.0,3.0,115.0,118.0,0.0,64.0,64.0,2.0,142.0,144.0,39.0,1365.0,1404.0,0.0,0.0,0.0,72.0,2002.0,2074.0,29.0,584.0,613.0,2.0,58.0,60.0,0.0,8.0,8.0,8.0,120.0,128.0,19.0,398.0,417.0,0.0,0.0,0.0,410.0,4971.0,5381.0,0.0,0.0,0.0,0.0,0.0,0.0,0.0,0.0,0.0,0.0,0.0,0.0,0.0,0.0,0.0,0.0,0.0,0.0,673.0,12704.0,13377.0,0.0,0.0,0.0,0.0,0.0,0.0,0.0,0.0,0.0,0.0,0.0,0.0,0.0,0.0,0.0,0.0,0.0,0.0,0.0,0.0,0.0,0.0,0.0,0.0,0.0,0.0,0.0,0.0,0.0,0.0,0.0,0.0,0.0,0.0,0.0,0.0,0.0,0.0,0.0,0.0,0.0,0.0,0.0,0.0,0.0,0.0,0.0,0.0,0.0,0.0,0.0,0.0,0.0,0.0,0.0,0.0,0.0,396.0,4717.0,5113.0,0.0,0.0,0.0,0.0,0.0,0.0,0.0,0.0,0.0,0.0,0.0,0.0,0.0,0.0,0.0,0.0,0.0,0.0,396.0,4717.0,5113.0,
Santa Barbara,16.0,129.0,145.0,17.0,287.0,304.0,1.0,10.0,11.0,0.0,5.0,5.0,0.0,51.0,51.0,1.0,11.0,12.0,12.0,137.0,149.0,1.0,26.0,27.0,0.0,4.0,4.0,1.0,40.0,41.0,0.0,0.0,0.0,1.0,3.0,4.0,44.0,444.0,488.0,4.0,74.0,78.0,3.0,11.0,14.0,0.0,5.0,5.0,0.0,4.0,4.0,1.0,52.0,53.0,0.0,2.0,2.0,980.0,10441.0,11421.0,1.0,17.0,18.0,1.0,6.0,7.0,4.0,4.0,8.0,1.0,3.0,4.0,675.0,3359.0,4034.0,134.0,1451.0,1585.0,1877.0,16215.0,18092.0,5.0,40.0,45.0,2.0,15.0,17.0,0.0,1.0,1.0,0.0,0.0,0.0,0.0,0.0,0.0,0.0,0.0,0.0,1.0,11.0,12.0,0.0,0.0,0.0,0.0,1.0,1.0,1.0,2.0,3.0,0.0,0.0,0.0,0.0,0.0,0.0,3.0,16.0,19.0,1.0,9.0,10.0,1.0,4.0,5.0,0.0,1.0,1.0,0.0,0.0,0.0,0.0,4.0,4.0,0.0,0.0,0.0,576.0,5153.0,5729.0,0.0,5.0,5.0,0.0,1.0,1.0,2.0,0.0,2.0,1.0,0.0,1.0,663.0,2815.0,3478.0,0.0,0.0,0.0,1253.0,8054.0,9307.0,
Santa Clara,26.0,434.0,460.0,312.0,9336.0,9648.0,23.0,379.0,402.0,7.0,200.0,207.0,16.0,916.0,932.0,4.0,78.0,82.0,55.0,1445.0,1500.0,9.0,220.0,229.0,5.0,55.0,60.0,161.0,5693.0,5854.0,32.0,350.0,382.0,0.0,0.0,0.0,229.0,2490.0,2719.0,25.0,215.0,240.0,6.0,82.0,88.0,4.0,38.0,42.0,15.0,95.0,110.0,0.0,0.0,0.0,0.0,0.0,0.0,668.0,12116.0,12784.0,0.0,0.0,0.0,0.0,0.0,0.0,0.0,0.0,0.0,0.0,0.0,0.0,0.0,0.0,0.0,2411.0,18132.0,20543.0,3671.0,42723.0,46394.0,0.0,0.0,0.0,0.0,0.0,0.0,0.0,0.0,0.0,0.0,0.0,0.0,0.0,0.0,0.0,0.0,0.0,0.0,0.0,0.0,0.0,0.0,0.0,0.0,0.0,0.0,0.0,0.0,0.0,0.0,0.0,0.0,0.0,0.0,0.0,0.0,0.0,0.0,0.0,0.0,0.0,0.0,0.0,0.0,0.0,0.0,0.0,0.0,0.0,0.0,0.0,0.0,0.0,0.0,0.0,0.0,0.0,0.0,0.0,0.0,0.0,0.0,0.0,0.0,0.0,0.0,0.0,0.0,0.0,0.0,0.0,0.0,0.0,0.0,0.0,2411.0,18132.0,20543.0,2411.0,18132.0,20543.0,
Santa Cruz,20.0,130.0,150.0,25.0,205.0,230.0,1.0,12.0,13.0,0.0,7.0,7.0,3.0,32.0,35.0,3.0,19.0,22.0,9.0,57.0,66.0,1.0,5.0,6.0,2.0,11.0,13.0,1.0,22.0,23.0,5.0,40.0,45.0,0.0,0.0,0.0,34.0,254.0,288.0,9.0,49.0,58.0,2.0,21.0,23.0,1.0,2.0,3.0,0.0,3.0,3.0,6.0,22.0,28.0,0.0,1.0,1.0,524.0,4983.0,5507.0,0.0,0.0,0.0,0.0,0.0,0.0,0.0,0.0,0.0,0.0,0.0,0.0,1093.0,4711.0,5804.0,219.0,1986.0,2205.0,1924.0,12318.0,14242.0,7.0,35.0,42.0,4.0,28.0,32.0,0.0,0.0,0.0,0.0,0.0,0.0,0.0,0.0,0.0,0.0,0.0,0.0,1.0,6.0,7.0,0.0,0.0,0.0,1.0,10.0,11.0,0.0,0.0,0.0,2.0,12.0,14.0,0.0,0.0,0.0,3.0,9.0,12.0,6.0,26.0,32.0,2.0,13.0,15.0,0.0,0.0,0.0,0.0,1.0,1.0,4.0,11.0,15.0,0.0,1.0,1.0,43.0,216.0,259.0,0.0,0.0,0.0,0.0,0.0,0.0,0.0,0.0,0.0,0.0,0.0,0.0,1000.0,4389.0,5389.0,0.0,0.0,0.0,1063.0,4703.0,5766.0,
Shasta,38.0,436.0,474.0,27.0,304.0,331.0,2.0,12.0,14.0,0.0,2.0,2.0,0.0,7.0,7.0,1.0,4.0,5.0,2.0,24.0,26.0,0.0,6.0,6.0,12.0,121.0,133.0,0.0,6.0,6.0,9.0,104.0,113.0,1.0,18.0,19.0,31.0,189.0,220.0,2.0,22.0,24.0,2.0,15.0,17.0,0.0,5.0,5.0,0.0,1.0,1.0,0.0,0.0,0.0,0.0,1.0,1.0,937.0,8937.0,9874.0,38.0,309.0,347.0,5.0,34.0,39.0,12.0,39.0,51.0,1.0,8.0,9.0,36.0,363.0,399.0,35.0,507.0,542.0,1162.0,11148.0,12310.0,5.0,41.0,46.0,1.0,5.0,6.0,0.0,2.0,2.0,0.0,0.0,0.0,0.0,0.0,0.0,1.0,0.0,1.0,0.0,3.0,3.0,0.0,0.0,0.0,0.0,0.0,0.0,0.0,0.0,0.0,0.0,0.0,0.0,0.0,0.0,0.0,2.0,6.0,8.0,1.0,2.0,3.0,1.0,0.0,1.0,0.0,2.0,2.0,0.0,0.0,0.0,0.0,0.0,0.0,0.0,0.0,0.0,41.0,313.0,354.0,4.0,40.0,44.0,2.0,2.0,4.0,2.0,4.0,6.0,0.0,1.0,1.0,28.0,279.0,307.0,19.0,166.0,185.0,105.0,859.0,964.0,
Sierra,0.0,3.0,3.0,0.0,0.0,0.0,0.0,0.0,0.0,0.0,0.0,0.0,0.0,0.0,0.0,0.0,0.0,0.0,0.0,0.0,0.0,0.0,0.0,0.0,0.0,0.0,0.0,0.0,0.0,0.0,0.0,0.0,0.0,0.0,0.0,0.0,0.0,0.0,0.0,0.0,0.0,0.0,0.0,0.0,0.0,0.0,0.0,0.0,0.0,0.0,0.0,0.0,0.0,0.0,0.0,0.0,0.0,11.0,129.0,140.0,0.0,3.0,3.0,0.0,0.0,0.0,0.0,0.0,0.0,0.0,0.0,0.0,0.0,1.0,1.0,0.0,9.0,9.0,11.0,145.0,156.0,0.0,0.0,0.0,0.0,0.0,0.0,0.0,0.0,0.0,0.0,0.0,0.0,0.0,0.0,0.0,0.0,0.0,0.0,0.0,0.0,0.0,0.0,0.0,0.0,0.0,0.0,0.0,0.0,0.0,0.0,0.0,0.0,0.0,0.0,0.0,0.0,0.0,0.0,0.0,0.0,0.0,0.0,0.0,0.0,0.0,0.0,0.0,0.0,0.0,0.0,0.0,0.0,0.0,0.0,0.0,0.0,0.0,0.0,2.0,2.0,0.0,0.0,0.0,0.0,0.0,0.0,0.0,0.0,0.0,0.0,0.0,0.0,0.0,1.0,1.0,0.0,9.0,9.0,0.0,12.0,12.0,
Siskiyou,22.0,166.0,188.0,5.0,51.0,56.0,0.0,3.0,3.0,0.0,2.0,2.0,0.0,1.0,1.0,0.0,0.0,0.0,0.0,6.0,6.0,1.0,1.0,2.0,3.0,23.0,26.0,0.0,0.0,0.0,1.0,14.0,15.0,0.0,1.0,1.0,7.0,60.0,67.0,1.0,5.0,6.0,0.0,5.0,5.0,0.0,0.0,0.0,1.0,0.0,1.0,0.0,0.0,0.0,0.0,0.0,0.0,262.0,2039.0,2301.0,11.0,89.0,100.0,0.0,9.0,9.0,0.0,13.0,13.0,0.0,1.0,1.0,28.0,158.0,186.0,9.0,133.0,142.0,345.0,2724.0,3069.0,5.0,26.0,31.0,0.0,1.0,1.0,0.0,0.0,0.0,0.0,0.0,0.0,0.0,0.0,0.0,0.0,0.0,0.0,0.0,1.0,1.0,0.0,0.0,0.0,0.0,0.0,0.0,0.0,0.0,0.0,0.0,0.0,0.0,0.0,0.0,0.0,0.0,4.0,4.0,0.0,0.0,0.0,0.0,0.0,0.0,0.0,0.0,0.0,0.0,0.0,0.0,0.0,0.0,0.0,0.0,0.0,0.0,7.0,63.0,70.0,0.0,5.0,5.0,0.0,0.0,0.0,0.0,2.0,2.0,0.0,0.0,0.0,23.0,125.0,148.0,7.0,35.0,42.0,42.0,261.0,303.0,
Solano,23.0,155.0,178.0,93.0,1365.0,1458.0,8.0,98.0,106.0,4.0,9.0,13.0,2.0,42.0,44.0,1.0,16.0,17.0,58.0,948.0,1006.0,1.0,22.0,23.0,3.0,25.0,28.0,5.0,97.0,102.0,8.0,90.0,98.0,3.0,18.0,21.0,802.0,5050.0,5852.0,34.0,328.0,362.0,9.0,73.0,82.0,4.0,60.0,64.0,7.0,52.0,59.0,14.0,134.0,148.0,0.0,9.0,9.0,457.0,4986.0,5443.0,3.0,80.0,83.0,14.0,67.0,81.0,23.0,162.0,185.0,35.0,176.0,211.0,620.0,3711.0,4331.0,211.0,2459.0,2670.0,2315.0,18539.0,20854.0,0.0,2.0,2.0,0.0,2.0,2.0,0.0,0.0,0.0,0.0,0.0,0.0,0.0,0.0,0.0,0.0,0.0,0.0,0.0,0.0,0.0,0.0,0.0,0.0,0.0,1.0,1.0,0.0,0.0,0.0,0.0,1.0,1.0,0.0,0.0,0.0,0.0,1.0,1.0,1.0,5.0,6.0,0.0,3.0,3.0,0.0,0.0,0.0,1.0,1.0,2.0,0.0,1.0,1.0,0.0,0.0,0.0,108.0,623.0,731.0,0.0,0.0,0.0,0.0,0.0,0.0,0.0,1.0,1.0,0.0,0.0,0.0,620.0,3711.0,4331.0,15.0,108.0,123.0,744.0,4453.0,5197.0,
Sonoma,52.0,282.0,334.0,18.0,323.0,341.0,0.0,25.0,25.0,5.0,51.0,56.0,0.0,42.0,42.0,0.0,14.0,14.0,6.0,65.0,71.0,1.0,15.0,16.0,4.0,47.0,51.0,2.0,62.0,64.0,0.0,2.0,2.0,0.0,0.0,0.0,41.0,462.0,503.0,8.0,91.0,99.0,3.0,28.0,31.0,0.0,2.0,2.0,1.0,7.0,8.0,4.0,54.0,58.0,0.0,0.0,0.0,609.0,10095.0,10704.0,0.0,0.0,0.0,0.0,0.0,0.0,0.0,0.0,0.0,0.0,0.0,0.0,0.0,0.0,0.0,502.0,4586.0,5088.0,1230.0,15839.0,17069.0,15.0,38.0,53.0,1.0,10.0,11.0,0.0,1.0,1.0,1.0,0.0,1.0,0.0,0.0,0.0,0.0,1.0,1.0,0.0,5.0,5.0,0.0,0.0,0.0,0.0,3.0,3.0,0.0,0.0,0.0,0.0,0.0,0.0,0.0,0.0,0.0,0.0,10.0,10.0,1.0,13.0,14.0,1.0,9.0,10.0,0.0,0.0,0.0,0.0,1.0,1.0,0.0,3.0,3.0,0.0,0.0,0.0,54.0,411.0,465.0,0.0,0.0,0.0,0.0,0.0,0.0,0.0,0.0,0.0,0.0,0.0,0.0,0.0,0.0,0.0,491.0,4517.0,5008.0,562.0,4999.0,5561.0,
Stanislaus,34.0,264.0,298.0,219.0,1336.0,1555.0,33.0,179.0,212.0,50.0,305.0,355.0,1.0,32.0,33.0,1.0,13.0,14.0,16.0,186.0,202.0,2.0,12.0,14.0,16.0,165.0,181.0,7.0,91.0,98.0,86.0,297.0,383.0,7.0,56.0,63.0,320.0,1985.0,2305.0,24.0,174.0,198.0,5.0,50.0,55.0,2.0,26.0,28.0,10.0,63.0,73.0,6.0,33.0,39.0,1.0,2.0,3.0,2482.0,19537.0,22019.0,36.0,326.0,362.0,24.0,155.0,179.0,34.0,162.0,196.0,0.0,20.0,20.0,1300.0,7171.0,8471.0,609.0,3401.0,4010.0,5082.0,34531.0,39613.0,22.0,119.0,141.0,7.0,67.0,74.0,1.0,3.0,4.0,1.0,1.0,2.0,0.0,0.0,0.0,0.0,7.0,7.0,4.0,36.0,40.0,0.0,2.0,2.0,0.0,5.0,5.0,0.0,1.0,1.0,0.0,9.0,9.0,1.0,3.0,4.0,24.0,94.0,118.0,5.0,23.0,28.0,2.0,6.0,8.0,1.0,11.0,12.0,0.0,3.0,3.0,2.0,2.0,4.0,0.0,1.0,1.0,881.0,5296.0,6177.0,7.0,81.0,88.0,4.0,22.0,26.0,5.0,31.0,36.0,0.0,3.0,3.0,1191.0,6701.0,7892.0,455.0,2408.0,2863.0,2601.0,14845.0,17446.0,
Sutter,9.0,64.0,73.0,80.0,274.0,354.0,42.0,152.0,194.0,0.0,3.0,3.0,0.0,3.0,3.0,0.0,3.0,3.0,5.0,21.0,26.0,1.0,2.0,3.0,1.0,9.0,10.0,0.0,5.0,5.0,31.0,66.0,97.0,0.0,10.0,10.0,29.0,188.0,217.0,0.0,16.0,16.0,0.0,3.0,3.0,0.0,11.0,11.0,0.0,0.0,0.0,0.0,1.0,1.0,0.0,1.0,1.0,314.0,2807.0,3121.0,21.0,104.0,125.0,6.0,25.0,31.0,6.0,22.0,28.0,0.0,2.0,2.0,158.0,1022.0,1180.0,64.0,229.0,293.0,687.0,4753.0,5440.0,5.0,26.0,31.0,3.0,10.0,13.0,3.0,6.0,9.0,0.0,0.0,0.0,0.0,0.0,0.0,0.0,0.0,0.0,0.0,3.0,3.0,0.0,0.0,0.0,0.0,1.0,1.0,0.0,0.0,0.0,0.0,0.0,0.0,0.0,0.0,0.0,0.0,8.0,8.0,0.0,4.0,4.0,0.0,2.0,2.0,0.0,1.0,1.0,0.0,0.0,0.0,0.0,1.0,1.0,0.0,0.0,0.0,52.0,331.0,383.0,8.0,20.0,28.0,0.0,5.0,5.0,1.0,2.0,3.0,0.0,0.0,0.0,148.0,964.0,1112.0,59.0,208.0,267.0,276.0,1578.0,1854.0,
Tehama,10.0,95.0,105.0,6.0,48.0,54.0,1.0,6.0,7.0,0.0,1.0,1.0,0.0,3.0,3.0,0.0,1.0,1.0,2.0,6.0,8.0,0.0,0.0,0.0,0.0,20.0,20.0,1.0,1.0,2.0,1.0,10.0,11.0,1.0,0.0,1.0,6.0,35.0,41.0,1.0,6.0,7.0,0.0,3.0,3.0,0.0,1.0,1.0,1.0,1.0,2.0,0.0,1.0,1.0,0.0,0.0,0.0,310.0,2818.0,3128.0,2.0,65.0,67.0,1.0,12.0,13.0,0.0,7.0,7.0,0.0,2.0,2.0,50.0,355.0,405.0,53.0,386.0,439.0,439.0,3829.0,4268.0,1.0,24.0,25.0,0.0,2.0,2.0,0.0,2.0,2.0,0.0,0.0,0.0,0.0,0.0,0.0,0.0,0.0,0.0,0.0,0.0,0.0,0.0,0.0,0.0,0.0,0.0,0.0,0.0,0.0,0.0,0.0,0.0,0.0,0.0,0.0,0.0,0.0,0.0,0.0,1.0,1.0,2.0,0.0,0.0,0.0,0.0,0.0,0.0,1.0,1.0,2.0,0.0,0.0,0.0,0.0,0.0,0.0,16.0,117.0,133.0,0.0,5.0,5.0,1.0,1.0,2.0,0.0,1.0,1.0,0.0,0.0,0.0,48.0,336.0,384.0,44.0,287.0,331.0,111.0,774.0,885.0,
Trinity,2.0,35.0,37.0,1.0,20.0,21.0,0.0,0.0,0.0,0.0,0.0,0.0,0.0,0.0,0.0,0.0,0.0,0.0,0.0,2.0,2.0,0.0,0.0,0.0,0.0,3.0,3.0,0.0,0.0,0.0,1.0,14.0,15.0,0.0,1.0,1.0,0.0,6.0,6.0,0.0,0.0,0.0,0.0,0.0,0.0,0.0,0.0,0.0,0.0,0.0,0.0,0.0,0.0,0.0,0.0,0.0,0.0,47.0,714.0,761.0,5.0,48.0,53.0,0.0,5.0,5.0,0.0,3.0,3.0,0.0,0.0,0.0,3.0,18.0,21.0,4.0,26.0,30.0,62.0,875.0,937.0,1.0,2.0,3.0,0.0,0.0,0.0,0.0,0.0,0.0,0.0,0.0,0.0,0.0,0.0,0.0,0.0,0.0,0.0,0.0,0.0,0.0,0.0,0.0,0.0,0.0,0.0,0.0,0.0,0.0,0.0,0.0,0.0,0.0,0.0,0.0,0.0,0.0,1.0,1.0,0.0,0.0,0.0,0.0,0.0,0.0,0.0,0.0,0.0,0.0,0.0,0.0,0.0,0.0,0.0,0.0,0.0,0.0,2.0,25.0,27.0,1.0,2.0,3.0,0.0,0.0,0.0,0.0,0.0,0.0,0.0,0.0,0.0,1.0,13.0,14.0,0.0,3.0,3.0,5.0,46.0,51.0,
Tulare,12.0,161.0,173.0,24.0,430.0,454.0,0.0,23.0,23.0,0.0,6.0,6.0,0.0,17.0,17.0,0.0,6.0,6.0,7.0,160.0,167.0,1.0,3.0,4.0,2.0,71.0,73.0,0.0,7.0,7.0,0.0,12.0,12.0,14.0,125.0,139.0,82.0,716.0,798.0,8.0,105.0,113.0,0.0,12.0,12.0,1.0,1.0,2.0,0.0,2.0,2.0,7.0,88.0,95.0,0.0,2.0,2.0,6198.0,38668.0,44866.0,173.0,436.0,609.0,90.0,594.0,684.0,219.0,942.0,1161.0,1.0,0.0,1.0,240.0,1307.0,1547.0,0.0,0.0,0.0,7047.0,43359.0,50406.0,0.0,0.0,0.0,0.0,0.0,0.0,0.0,0.0,0.0,0.0,0.0,0.0,0.0,0.0,0.0,0.0,0.0,0.0,0.0,0.0,0.0,0.0,0.0,0.0,0.0,0.0,0.0,0.0,0.0,0.0,0.0,0.0,0.0,0.0,0.0,0.0,0.0,0.0,0.0,0.0,0.0,0.0,0.0,0.0,0.0,0.0,0.0,0.0,0.0,0.0,0.0,0.0,0.0,0.0,0.0,0.0,0.0,5336.0,29525.0,34861.0,134.0,271.0,405.0,46.0,268.0,314.0,123.0,571.0,694.0,0.0,0.0,0.0,180.0,942.0,1122.0,0.0,0.0,0.0,5819.0,31577.0,37396.0,
Tuolumne,4.0,37.0,41.0,1.0,20.0,21.0,0.0,0.0,0.0,0.0,1.0,1.0,0.0,3.0,3.0,0.0,4.0,4.0,0.0,6.0,6.0,0.0,1.0,1.0,0.0,0.0,0.0,0.0,1.0,1.0,1.0,4.0,5.0,0.0,0.0,0.0,2.0,23.0,25.0,0.0,6.0,6.0,0.0,6.0,6.0,0.0,0.0,0.0,0.0,0.0,0.0,0.0,0.0,0.0,0.0,0.0,0.0,212.0,2199.0,2411.0,2.0,57.0,59.0,2.0,10.0,12.0,1.0,7.0,8.0,0.0,1.0,1.0,15.0,104.0,119.0,7.0,95.0,102.0,246.0,2559.0,2805.0,2.0,10.0,12.0,0.0,0.0,0.0,0.0,0.0,0.0,0.0,0.0,0.0,0.0,0.0,0.0,0.0,0.0,0.0,0.0,0.0,0.0,0.0,0.0,0.0,0.0,0.0,0.0,0.0,0.0,0.0,0.0,0.0,0.0,0.0,0.0,0.0,0.0,1.0,1.0,0.0,1.0,1.0,0.0,1.0,1.0,0.0,0.0,0.0,0.0,0.0,0.0,0.0,0.0,0.0,0.0,0.0,0.0,13.0,102.0,115.0,1.0,8.0,9.0,1.0,1.0,2.0,0.0,1.0,1.0,0.0,0.0,0.0,14.0,78.0,92.0,3.0,27.0,30.0,34.0,229.0,263.0,
Ventura,6.0,130.0,136.0,26.0,787.0,813.0,2.0,52.0,54.0,1.0,10.0,11.0,1.0,49.0,50.0,2.0,22.0,24.0,7.0,398.0,405.0,0.0,27.0,27.0,0.0,10.0,10.0,5.0,91.0,96.0,8.0,128.0,136.0,0.0,0.0,0.0,80.0,788.0,868.0,3.0,65.0,68.0,1.0,27.0,28.0,0.0,10.0,10.0,2.0,28.0,30.0,0.0,0.0,0.0,0.0,0.0,0.0,2459.0,30145.0,32604.0,0.0,0.0,0.0,0.0,0.0,0.0,0.0,0.0,0.0,0.0,0.0,0.0,0.0,0.0,0.0,0.0,0.0,0.0,2574.0,31915.0,34489.0,0.0,0.0,0.0,0.0,0.0,0.0,0.0,0.0,0.0,0.0,0.0,0.0,0.0,0.0,0.0,0.0,0.0,0.0,0.0,0.0,0.0,0.0,0.0,0.0,0.0,0.0,0.0,0.0,0.0,0.0,0.0,0.0,0.0,0.0,0.0,0.0,0.0,0.0,0.0,0.0,0.0,0.0,0.0,0.0,0.0,0.0,0.0,0.0,0.0,0.0,0.0,0.0,0.0,0.0,0.0,0.0,0.0,1782.0,17169.0,18951.0,0.0,0.0,0.0,0.0,0.0,0.0,0.0,0.0,0.0,0.0,0.0,0.0,0.0,0.0,0.0,0.0,0.0,0.0,1782.0,17169.0,18951.0,
Yolo,12.0,129.0,141.0,25.0,415.0,440.0,3.0,106.0,109.0,2.0,24.0,26.0,2.0,100.0,102.0,1.0,10.0,11.0,12.0,72.0,84.0,1.0,30.0,31.0,2.0,25.0,27.0,2.0,48.0,50.0,0.0,0.0,0.0,0.0,0.0,0.0,99.0,659.0,758.0,19.0,194.0,213.0,2.0,10.0,12.0,0.0,0.0,0.0,0.0,6.0,6.0,17.0,178.0,195.0,0.0,0.0,0.0,659.0,7621.0,8280.0,0.0,0.0,0.0,0.0,0.0,0.0,0.0,0.0,0.0,0.0,0.0,0.0,0.0,0.0,0.0,0.0,0.0,0.0,814.0,9018.0,9832.0,0.0,0.0,0.0,0.0,0.0,0.0,0.0,0.0,0.0,0.0,0.0,0.0,0.0,0.0,0.0,0.0,0.0,0.0,0.0,0.0,0.0,0.0,0.0,0.0,0.0,0.0,0.0,0.0,0.0,0.0,0.0,0.0,0.0,0.0,0.0,0.0,0.0,0.0,0.0,0.0,0.0,0.0,0.0,0.0,0.0,0.0,0.0,0.0,0.0,0.0,0.0,0.0,0.0,0.0,0.0,0.0,0.0,329.0,3098.0,3427.0,0.0,0.0,0.0,0.0,0.0,0.0,0.0,0.0,0.0,0.0,0.0,0.0,0.0,0.0,0.0,0.0,0.0,0.0,329.0,3098.0,3427.0,
Yuba,12.0,131.0,143.0,39.0,270.0,309.0,1.0,13.0,14.0,2.0,14.0,16.0,0.0,4.0,4.0,0.0,4.0,4.0,3.0,16.0,19.0,0.0,1.0,1.0,19.0,104.0,123.0,0.0,7.0,7.0,12.0,93.0,105.0,2.0,14.0,16.0,44.0,242.0,286.0,2.0,25.0,27.0,1.0,4.0,5.0,1.0,14.0,15.0,0.0,4.0,4.0,0.0,2.0,2.0,0.0,1.0,1.0,491.0,3348.0,3839.0,20.0,163.0,183.0,5.0,25.0,30.0,12.0,36.0,48.0,2.0,9.0,11.0,118.0,655.0,773.0,56.0,316.0,372.0,801.0,5220.0,6021.0,4.0,23.0,27.0,2.0,9.0,11.0,1.0,2.0,3.0,0.0,1.0,1.0,0.0,0.0,0.0,0.0,0.0,0.0,1.0,4.0,5.0,0.0,0.0,0.0,0.0,0.0,0.0,0.0,0.0,0.0,0.0,1.0,1.0,0.0,1.0,1.0,2.0,7.0,9.0,0.0,3.0,3.0,0.0,0.0,0.0,0.0,2.0,2.0,0.0,1.0,1.0,0.0,0.0,0.0,0.0,0.0,0.0,34.0,231.0,265.0,3.0,16.0,19.0,1.0,1.0,2.0,3.0,2.0,5.0,0.0,2.0,2.0,108.0,597.0,705.0,39.0,203.0,242.0,196.0,1094.0,1290.0,
