county,apps_for_fs_pending_prev_mo,apps_for_fs_reported_pending_end_prev_mo,apps_for_fs_adjustment,apps_for_fs_rcv_curr_mo,apps_for_fs_tot_during_mo,apps_for_fs_disposed,apps_for_fs_approved,apps_for_fs_approved_pacf_over_30d,apps_for_fs_approved_nacf_over_30d,apps_for_fs_pacf_denied,apps_for_fs_nacf_denied,apps_for_fs_pacf_denied_over_30d,apps_for_fs_nacf_denied_over_30d,apps_for_fs_pacf_withdrawn,apps_for_fs_nacf_withdrawn,apps_for_fs_pending_end_mo,cert_case_mvmt_pacf_cases_forward_prev_mo,cert_case_mvmt_nacf_cases_forward_prev_mo,cert_case_mvmt_pacf_cases_reported_pending_prev_mo,cert_case_mvmt_nacf_cases_reported_pending_prev_mo,cert_case_mvmt_pacf_adjustment,cert_case_mvmt_nacf_adjustment,cert_case_mvmt_pacf_cases_added,cert_case_mvmt_nacf_cases_added,cert_case_mvmt_pacf_fed_apps_approved,cert_case_mvmt_pacf_fed_st_apps_approved,cert_case_mvmt_pacf_st_apps_approved,cert_case_mvmt_nacf_fed_apps_approved,cert_case_mvmt_nacf_fed_st_apps_approved,cert_case_mvmt_nacf_st_apps_approved,cert_case_mvmt_pacf_tot_apps_approved,cert_case_mvmt_nacf_tot_apps_approved,cert_case_mvmt_pacf_trans_from_nacf,cert_case_mvmt_nacf_trans_from_pacf,cert_case_mvmt_pacf_intercounty_trans,cert_case_mvmt_nacf_intercounty_trans,cert_case_mvmt_pacf_elig_reinstated_bene_prorated,cert_case_mvmt_nacf_elig_reinstated_bene_prorated,cert_case_mvmt_pacf_other_approvals,cert_case_mvmt_nacf_other_approvals,cert_case_mvmt_pacf_tot_cases_open_during_mo,cert_case_mvmt_nacf_tot_cases_open_during_mo,cert_case_mvmt_pacf_pure_fed_cases,cert_case_mvmt_nacf_pure_fed_cases,cert_case_mvmt_tot_fed_pers_count,cert_case_mvmt_comb_cases_st_singles,cert_case_mvmt_comb_cases_st_families,cert_case_mvmt_pacf_fed_st_cases,cert_case_mvmt_nacf_fed_st_cases,cert_case_mvmt_st_cases_st_pers_singles,cert_case_mvmt_st_cases_st_pers_families,cert_case_mvmt_pacf_pure_st_cases,cert_case_mvmt_nacf_pure_st_cases,cert_case_mvmt_pacf_cases_termin_during_mo,cert_case_mvmt_nacf_cases_termin_during_mo,cert_case_mvmt_pacf_cases_forward_next_mo,cert_case_mvmt_nacf_cases_forward_next_mo,recerts_pacf_recerts_disp_of,recerts_nacf_recerts_disp_of,recerts_pacf_fed_cont_elig,recerts_pacf_fed_st_cont_elig,recerts_pacf_st_cont_elig,recerts_nacf_fed_cont_elig,recerts_nacf_fed_st_cont_elig,recerts_nacf_st_cont_elig,recerts_pacf_tot_cont_elig,recerts_nacf_tot_cont_elig,recerts_pacf_fed_inelig,recerts_pacf_fed_st_inelig,recerts_pacf_st_inelig,recerts_nacf_fed_inelig,recerts_nacf_fed_st_inelig,recerts_nacf_st_inelig,recerts_pacf_tot_inelig,recerts_nacf_tot_inelig,recerts_pacf_overdue_recert_cwd,recerts_nacf_overdue_recert_cwd,year,month,apps_for_fs_approved_tot_over_30d,apps_for_fs_tot_denied,apps_for_fs_tot_denied_over_30d,apps_for_fs_tot_withdrawn,cert_case_mvmt_tot_adjustment,cert_case_mvmt_tot_cases_forward_prev_mo,cert_case_mvmt_tot_cases_added,cert_case_mvmt_tot_fed_apps_approved,cert_case_mvmt_tot_fed_st_apps_approved,cert_case_mvmt_tot_st_apps_approved,cert_case_mvmt_tot_tot_apps_approved,cert_case_mvmt_tot_trans_from_other,cert_case_mvmt_tot_other_approvals,cert_case_mvmt_tot_tot_cases_open_during_mo,cert_case_mvmt_tot_pure_fed_cases,cert_case_mvmt_tot_fed_st_cases,cert_case_mvmt_tot_pure_st_cases,cert_case_mvmt_tot_cases_termin_during_mo,cert_case_mvmt_tot_cases_forward_next_mo,recerts_tot_recerts_disp_of,recerts_tot_fed_cont_elig,recerts_tot_fed_st_cont_elig,recerts_tot_st_cont_elig,recerts_tot_tot_cont_elig,recerts_tot_fed_inelig,recerts_tot_fed_st_inelig,recerts_tot_st_inelig,recerts_tot_tot_inelig,recerts_tot_overdue_recert_cwd,cert_case_mvmt_tot_cases_reported_pending_prev_mo,cert_case_mvmt_tot_intercounty_trans,cert_case_mvmt_tot_elig_reinstated_bene_prorated,quarter,fulldate
California,63407.0,73836.0,-10429.0,156724.0,220131.0,132905.0,90202.0,256.0,1903.0,1133.0,35136.0,138.0,2105.0,621.0,5813.0,87226.0,263766.0,1732178.0,262500.0,1723455.0,1266.0,8723.0,13859.0,143354.0,5748.0,112.0,13.0,82662.0,1044.0,623.0,5873.0,84329.0,-936.0,948.0,564.0,1575.0,2018.0,7896.0,6340.0,48606.0,277625.0,1875532.0,272507.0,1842053.0,4433513.0,3050.0,32386.0,4941.0,22148.0,14550.0,825.0,177.0,11331.0,16109.0,150155.0,261516.0,1725377.0,20800.0,111694.0,19886.0,342.0,7.0,104294.0,1292.0,401.0,20235.0,105987.0,550.0,15.0,0.0,5570.0,105.0,32.0,565.0,5707.0,290.0,1448.0,2016,JAN,2159.0,36269.0,2243.0,6434.0,9989.0,1995944.0,157213.0,88410.0,1156.0,636.0,90202.0,12.0,54946.0,2153157.0,2114560.0,27089.0,11508.0,166264.0,1986893.0,132494.0,124180.0,1634.0,408.0,126222.0,6120.0,120.0,32.0,6272.0,1738.0,1985955.0,2139.0,9914.0,1.0,2016-01-01
Alameda,2316.0,2153.0,163.0,3559.0,5875.0,3461.0,2331.0,8.0,176.0,0.0,1028.0,0.0,184.0,0.0,102.0,2414.0,7232.0,53896.0,7320.0,53653.0,-88.0,243.0,378.0,4574.0,151.0,3.0,1.0,2086.0,65.0,25.0,155.0,2176.0,-103.0,103.0,15.0,100.0,41.0,307.0,270.0,1888.0,7610.0,58470.0,7369.0,56409.0,127723.0,145.0,2030.0,235.0,1405.0,912.0,49.0,6.0,656.0,515.0,5173.0,7095.0,53297.0,450.0,2713.0,430.0,16.0,0.0,2544.0,66.0,19.0,446.0,2629.0,4.0,0.0,0.0,82.0,2.0,0.0,4.0,84.0,0.0,0.0,2016,JAN,184.0,1028.0,184.0,102.0,155.0,61128.0,4952.0,2237.0,68.0,26.0,2331.0,0.0,2158.0,66080.0,63778.0,1640.0,662.0,5688.0,60392.0,3163.0,2974.0,82.0,19.0,3075.0,86.0,2.0,0.0,88.0,0.0,60973.0,115.0,348.0,1.0,2016-01-01
Alpine,0.0,0.0,0.0,5.0,5.0,3.0,3.0,0.0,0.0,0.0,0.0,0.0,0.0,0.0,0.0,2.0,3.0,94.0,3.0,94.0,0.0,0.0,-1.0,4.0,0.0,0.0,0.0,3.0,0.0,0.0,0.0,3.0,-1.0,1.0,0.0,0.0,0.0,0.0,0.0,0.0,2.0,98.0,2.0,98.0,162.0,0.0,0.0,0.0,0.0,0.0,0.0,0.0,0.0,0.0,5.0,2.0,93.0,0.0,6.0,0.0,0.0,0.0,6.0,0.0,0.0,0.0,6.0,0.0,0.0,0.0,0.0,0.0,0.0,0.0,0.0,0.0,0.0,2016,JAN,0.0,0.0,0.0,0.0,0.0,97.0,3.0,3.0,0.0,0.0,3.0,0.0,0.0,100.0,100.0,0.0,0.0,5.0,95.0,6.0,6.0,0.0,0.0,6.0,0.0,0.0,0.0,0.0,0.0,97.0,0.0,0.0,1.0,2016-01-01
Amador,44.0,44.0,0.0,156.0,200.0,146.0,96.0,1.0,3.0,0.0,45.0,0.0,2.0,0.0,5.0,54.0,162.0,1488.0,162.0,1488.0,0.0,0.0,22.0,148.0,4.0,0.0,0.0,92.0,0.0,0.0,4.0,92.0,9.0,-9.0,0.0,5.0,0.0,14.0,9.0,46.0,184.0,1636.0,184.0,1633.0,3424.0,0.0,3.0,0.0,3.0,0.0,0.0,0.0,0.0,13.0,135.0,171.0,1501.0,17.0,177.0,17.0,0.0,0.0,175.0,1.0,0.0,17.0,176.0,0.0,0.0,0.0,1.0,0.0,0.0,0.0,1.0,0.0,0.0,2016,JAN,4.0,45.0,2.0,5.0,0.0,1650.0,170.0,96.0,0.0,0.0,96.0,0.0,55.0,1820.0,1817.0,3.0,0.0,148.0,1672.0,194.0,192.0,1.0,0.0,193.0,1.0,0.0,0.0,1.0,0.0,1650.0,5.0,14.0,1.0,2016-01-01
Butte,484.0,490.0,-6.0,1566.0,2050.0,1298.0,734.0,8.0,56.0,1.0,491.0,0.0,26.0,0.0,72.0,752.0,1679.0,14137.0,1679.0,14137.0,0.0,0.0,160.0,1174.0,29.0,0.0,0.0,701.0,3.0,1.0,29.0,705.0,26.0,-26.0,6.0,20.0,5.0,91.0,94.0,384.0,1839.0,15311.0,1829.0,15230.0,32437.0,4.0,59.0,7.0,52.0,33.0,7.0,3.0,29.0,106.0,1175.0,1733.0,14136.0,209.0,1200.0,206.0,1.0,0.0,1156.0,7.0,1.0,207.0,1164.0,2.0,0.0,0.0,36.0,0.0,0.0,2.0,36.0,0.0,0.0,2016,JAN,64.0,492.0,26.0,72.0,0.0,15816.0,1334.0,730.0,3.0,1.0,734.0,0.0,478.0,17150.0,17059.0,59.0,32.0,1281.0,15869.0,1409.0,1362.0,8.0,1.0,1371.0,38.0,0.0,0.0,38.0,0.0,15816.0,26.0,96.0,1.0,2016-01-01
Calaveras,39.0,42.0,-3.0,192.0,231.0,164.0,114.0,0.0,1.0,0.0,47.0,0.0,0.0,0.0,3.0,67.0,232.0,2397.0,233.0,2397.0,-1.0,0.0,19.0,216.0,3.0,0.0,0.0,111.0,0.0,0.0,3.0,111.0,3.0,-3.0,0.0,12.0,2.0,20.0,11.0,76.0,251.0,2613.0,250.0,2604.0,5310.0,1.0,8.0,1.0,6.0,4.0,0.0,0.0,3.0,26.0,222.0,225.0,2391.0,21.0,209.0,20.0,1.0,0.0,208.0,0.0,0.0,21.0,208.0,0.0,0.0,0.0,1.0,0.0,0.0,0.0,1.0,0.0,0.0,2016,JAN,1.0,47.0,0.0,3.0,-1.0,2629.0,235.0,114.0,0.0,0.0,114.0,0.0,87.0,2864.0,2854.0,7.0,3.0,248.0,2616.0,230.0,228.0,1.0,0.0,229.0,1.0,0.0,0.0,1.0,0.0,2630.0,12.0,22.0,1.0,2016-01-01
Colusa,60.0,60.0,0.0,91.0,151.0,72.0,35.0,0.0,3.0,0.0,37.0,0.0,0.0,0.0,0.0,79.0,80.0,446.0,80.0,446.0,0.0,0.0,9.0,67.0,3.0,0.0,0.0,32.0,0.0,0.0,3.0,32.0,6.0,6.0,0.0,1.0,0.0,3.0,0.0,25.0,89.0,513.0,87.0,511.0,1346.0,0.0,3.0,2.0,1.0,2.0,0.0,0.0,1.0,5.0,58.0,84.0,455.0,9.0,58.0,9.0,0.0,0.0,56.0,0.0,0.0,9.0,56.0,0.0,0.0,0.0,2.0,0.0,0.0,0.0,2.0,0.0,0.0,2016,JAN,3.0,37.0,0.0,0.0,0.0,526.0,76.0,35.0,0.0,0.0,35.0,12.0,25.0,602.0,598.0,3.0,1.0,63.0,539.0,67.0,65.0,0.0,0.0,65.0,2.0,0.0,0.0,2.0,0.0,526.0,1.0,3.0,1.0,2016-01-01
Contra Costa,1618.0,1605.0,13.0,2732.0,4350.0,2384.0,1308.0,4.0,51.0,1.0,815.0,0.0,71.0,0.0,260.0,1966.0,4356.0,28151.0,4344.0,28009.0,12.0,142.0,143.0,2661.0,112.0,7.0,1.0,1164.0,18.0,6.0,120.0,1188.0,-134.0,134.0,10.0,71.0,18.0,23.0,129.0,1245.0,4499.0,30812.0,4404.0,30264.0,71012.0,41.0,636.0,93.0,391.0,193.0,9.0,2.0,157.0,241.0,2902.0,4258.0,27910.0,296.0,1461.0,286.0,6.0,0.0,1392.0,19.0,5.0,292.0,1416.0,4.0,0.0,0.0,44.0,1.0,0.0,4.0,45.0,0.0,0.0,2016,JAN,55.0,816.0,71.0,260.0,154.0,32507.0,2804.0,1276.0,25.0,7.0,1308.0,0.0,1374.0,35311.0,34668.0,484.0,159.0,3143.0,32168.0,1757.0,1678.0,25.0,5.0,1708.0,48.0,1.0,0.0,49.0,0.0,32353.0,81.0,41.0,1.0,2016-01-01
Del Norte,62.0,63.0,-1.0,206.0,268.0,202.0,110.0,0.0,1.0,0.0,85.0,0.0,0.0,0.0,7.0,66.0,398.0,2044.0,398.0,2044.0,0.0,0.0,18.0,189.0,9.0,0.0,0.0,101.0,0.0,0.0,9.0,101.0,-9.0,9.0,1.0,2.0,3.0,15.0,14.0,62.0,416.0,2233.0,416.0,2230.0,5410.0,0.0,3.0,0.0,3.0,0.0,0.0,0.0,0.0,21.0,183.0,395.0,2050.0,32.0,145.0,31.0,0.0,0.0,143.0,0.0,0.0,31.0,143.0,1.0,0.0,0.0,2.0,0.0,0.0,1.0,2.0,0.0,0.0,2016,JAN,1.0,85.0,0.0,7.0,0.0,2442.0,207.0,110.0,0.0,0.0,110.0,0.0,76.0,2649.0,2646.0,3.0,0.0,204.0,2445.0,177.0,174.0,0.0,0.0,174.0,3.0,0.0,0.0,3.0,0.0,2442.0,3.0,18.0,1.0,2016-01-01
El Dorado,123.0,127.0,-4.0,657.0,780.0,593.0,357.0,0.0,0.0,0.0,205.0,0.0,0.0,0.0,31.0,187.0,549.0,6231.0,549.0,6231.0,0.0,0.0,34.0,570.0,20.0,0.0,0.0,334.0,3.0,0.0,20.0,337.0,0.0,0.0,1.0,23.0,1.0,49.0,12.0,161.0,583.0,6801.0,582.0,6762.0,13162.0,4.0,33.0,1.0,31.0,9.0,0.0,0.0,8.0,31.0,604.0,552.0,6197.0,54.0,510.0,54.0,0.0,0.0,504.0,4.0,0.0,54.0,508.0,0.0,0.0,0.0,2.0,0.0,0.0,0.0,2.0,0.0,0.0,2016,JAN,0.0,205.0,0.0,31.0,0.0,6780.0,604.0,354.0,3.0,0.0,357.0,0.0,173.0,7384.0,7344.0,32.0,8.0,635.0,6749.0,564.0,558.0,4.0,0.0,562.0,2.0,0.0,0.0,2.0,0.0,6780.0,24.0,50.0,1.0,2016-01-01
Fresno,1712.0,1863.0,-151.0,4978.0,6690.0,4443.0,3327.0,12.0,124.0,2.0,993.0,1.0,248.0,0.0,121.0,2247.0,14092.0,80098.0,13577.0,76874.0,515.0,3224.0,101.0,3330.0,230.0,5.0,2.0,3059.0,21.0,10.0,237.0,3090.0,-155.0,155.0,16.0,24.0,1.0,13.0,2.0,48.0,14193.0,83428.0,13972.0,82607.0,225642.0,77.0,924.0,211.0,651.0,203.0,24.0,10.0,170.0,675.0,5958.0,13518.0,77470.0,1091.0,5620.0,972.0,14.0,0.0,4505.0,47.0,10.0,986.0,4562.0,102.0,3.0,0.0,1042.0,14.0,2.0,105.0,1058.0,2.0,5.0,2016,JAN,136.0,995.0,249.0,121.0,3739.0,94190.0,3431.0,3289.0,26.0,12.0,3327.0,0.0,50.0,97621.0,96579.0,862.0,180.0,6633.0,90988.0,6711.0,5477.0,61.0,10.0,5548.0,1144.0,17.0,2.0,1163.0,7.0,90451.0,40.0,14.0,1.0,2016-01-01
Glenn,24.0,24.0,0.0,157.0,181.0,148.0,87.0,0.0,1.0,0.0,56.0,0.0,0.0,0.0,5.0,33.0,209.0,1263.0,209.0,1263.0,0.0,0.0,17.0,132.0,8.0,0.0,0.0,78.0,1.0,0.0,8.0,79.0,6.0,-6.0,1.0,3.0,0.0,10.0,2.0,46.0,226.0,1395.0,225.0,1383.0,3567.0,0.0,12.0,1.0,11.0,0.0,1.0,0.0,1.0,8.0,86.0,218.0,1309.0,21.0,131.0,21.0,0.0,0.0,128.0,2.0,0.0,21.0,130.0,0.0,0.0,0.0,1.0,0.0,0.0,0.0,1.0,0.0,0.0,2016,JAN,1.0,56.0,0.0,5.0,0.0,1472.0,149.0,86.0,1.0,0.0,87.0,0.0,48.0,1621.0,1608.0,12.0,1.0,94.0,1527.0,152.0,149.0,2.0,0.0,151.0,1.0,0.0,0.0,1.0,0.0,1472.0,4.0,10.0,1.0,2016-01-01
Humboldt,201.0,209.0,-8.0,1181.0,1382.0,1042.0,562.0,0.0,2.0,2.0,442.0,0.0,1.0,0.0,36.0,340.0,962.0,10618.0,962.0,10618.0,0.0,0.0,33.0,1062.0,22.0,1.0,0.0,537.0,2.0,0.0,23.0,539.0,-20.0,20.0,6.0,26.0,1.0,78.0,23.0,399.0,995.0,11680.0,993.0,11649.0,21515.0,8.0,19.0,2.0,21.0,10.0,2.0,0.0,10.0,46.0,1008.0,949.0,10672.0,106.0,798.0,103.0,0.0,0.0,787.0,3.0,0.0,103.0,790.0,3.0,0.0,0.0,8.0,0.0,0.0,3.0,8.0,0.0,0.0,2016,JAN,2.0,444.0,1.0,36.0,0.0,11580.0,1095.0,559.0,3.0,0.0,562.0,0.0,422.0,12675.0,12642.0,23.0,10.0,1054.0,11621.0,904.0,890.0,3.0,0.0,893.0,11.0,0.0,0.0,11.0,0.0,11580.0,32.0,79.0,1.0,2016-01-01
Imperial,245.0,250.0,-5.0,1100.0,1345.0,971.0,575.0,1.0,11.0,0.0,330.0,0.0,2.0,0.0,66.0,374.0,2432.0,14361.0,2432.0,14361.0,0.0,0.0,55.0,926.0,29.0,3.0,0.0,527.0,16.0,0.0,32.0,543.0,-24.0,24.0,2.0,16.0,12.0,117.0,33.0,226.0,2487.0,15287.0,2449.0,14914.0,43453.0,27.0,370.0,37.0,332.0,42.0,5.0,1.0,41.0,86.0,1041.0,2401.0,14246.0,228.0,1076.0,225.0,3.0,0.0,1041.0,24.0,2.0,228.0,1067.0,0.0,0.0,0.0,8.0,1.0,0.0,0.0,9.0,0.0,0.0,2016,JAN,12.0,330.0,2.0,66.0,0.0,16793.0,981.0,556.0,19.0,0.0,575.0,0.0,259.0,17774.0,17363.0,369.0,42.0,1127.0,16647.0,1304.0,1266.0,27.0,2.0,1295.0,8.0,1.0,0.0,9.0,0.0,16793.0,18.0,129.0,1.0,2016-01-01
Inyo,18.0,19.0,-1.0,85.0,103.0,86.0,62.0,0.0,0.0,0.0,19.0,0.0,1.0,0.0,5.0,17.0,113.0,906.0,113.0,906.0,0.0,0.0,5.0,79.0,1.0,0.0,0.0,61.0,0.0,0.0,1.0,61.0,0.0,0.0,1.0,1.0,1.0,8.0,2.0,9.0,118.0,985.0,118.0,978.0,2124.0,0.0,5.0,0.0,4.0,3.0,0.0,0.0,3.0,2.0,68.0,116.0,917.0,7.0,77.0,7.0,0.0,0.0,76.0,0.0,0.0,7.0,76.0,0.0,0.0,0.0,1.0,0.0,0.0,0.0,1.0,0.0,0.0,2016,JAN,0.0,19.0,1.0,5.0,0.0,1019.0,84.0,62.0,0.0,0.0,62.0,0.0,11.0,1103.0,1096.0,4.0,3.0,70.0,1033.0,84.0,83.0,0.0,0.0,83.0,1.0,0.0,0.0,1.0,0.0,1019.0,2.0,9.0,1.0,2016-01-01
Kern,2409.0,2409.0,0.0,6359.0,8768.0,5658.0,3533.0,1.0,18.0,6.0,1863.0,0.0,11.0,0.0,256.0,3110.0,10490.0,54819.0,10489.0,54821.0,1.0,-2.0,585.0,5109.0,233.0,2.0,0.0,3222.0,62.0,14.0,235.0,3298.0,81.0,-81.0,23.0,66.0,74.0,422.0,172.0,1404.0,11075.0,59928.0,11003.0,58905.0,163890.0,59.0,894.0,69.0,781.0,302.0,29.0,3.0,242.0,469.0,4373.0,10606.0,55555.0,1107.0,5356.0,1091.0,13.0,0.0,5149.0,74.0,17.0,1104.0,5240.0,3.0,0.0,0.0,112.0,3.0,1.0,3.0,116.0,0.0,0.0,2016,JAN,19.0,1869.0,11.0,256.0,-1.0,65309.0,5694.0,3455.0,64.0,14.0,3533.0,0.0,1576.0,71003.0,69908.0,850.0,245.0,4842.0,66161.0,6463.0,6240.0,87.0,17.0,6344.0,115.0,3.0,1.0,119.0,0.0,65310.0,89.0,496.0,1.0,2016-01-01
Kings,2309.0,2310.0,-1.0,1070.0,3379.0,920.0,636.0,0.0,2.0,0.0,268.0,0.0,2.0,0.0,16.0,2459.0,1444.0,8737.0,1415.0,8742.0,29.0,-5.0,43.0,859.0,41.0,0.0,0.0,582.0,9.0,4.0,41.0,595.0,-24.0,24.0,2.0,7.0,5.0,85.0,19.0,148.0,1487.0,9596.0,1472.0,9451.0,25191.0,11.0,122.0,15.0,118.0,25.0,2.0,0.0,27.0,69.0,624.0,1418.0,8972.0,140.0,890.0,140.0,0.0,0.0,866.0,10.0,2.0,140.0,878.0,0.0,0.0,0.0,12.0,0.0,0.0,0.0,12.0,0.0,0.0,2016,JAN,2.0,268.0,2.0,16.0,24.0,10181.0,902.0,623.0,9.0,4.0,636.0,0.0,167.0,11083.0,10923.0,133.0,27.0,693.0,10390.0,1030.0,1006.0,10.0,2.0,1018.0,12.0,0.0,0.0,12.0,0.0,10157.0,9.0,90.0,1.0,2016-01-01
Lake,107.0,111.0,-4.0,449.0,556.0,414.0,276.0,0.0,8.0,1.0,122.0,0.0,2.0,0.0,15.0,142.0,597.0,5593.0,597.0,5593.0,0.0,0.0,17.0,517.0,11.0,0.0,0.0,260.0,3.0,2.0,11.0,265.0,-19.0,19.0,1.0,8.0,2.0,27.0,22.0,198.0,614.0,6110.0,613.0,6073.0,12738.0,2.0,32.0,1.0,27.0,13.0,0.0,0.0,10.0,29.0,422.0,585.0,5688.0,55.0,499.0,53.0,1.0,0.0,493.0,2.0,0.0,54.0,495.0,1.0,0.0,0.0,4.0,0.0,0.0,1.0,4.0,0.0,0.0,2016,JAN,8.0,123.0,2.0,15.0,0.0,6190.0,534.0,271.0,3.0,2.0,276.0,0.0,220.0,6724.0,6686.0,28.0,10.0,451.0,6273.0,554.0,546.0,3.0,0.0,549.0,5.0,0.0,0.0,5.0,0.0,6190.0,9.0,29.0,1.0,2016-01-01
Lassen,67.0,66.0,1.0,125.0,192.0,103.0,71.0,3.0,9.0,0.0,29.0,0.0,2.0,0.0,3.0,89.0,227.0,1181.0,227.0,1182.0,0.0,-1.0,28.0,117.0,11.0,0.0,0.0,59.0,1.0,0.0,11.0,60.0,-2.0,2.0,4.0,1.0,4.0,16.0,11.0,38.0,255.0,1298.0,254.0,1294.0,3184.0,0.0,7.0,1.0,4.0,0.0,0.0,0.0,0.0,25.0,124.0,230.0,1174.0,22.0,90.0,22.0,0.0,0.0,88.0,1.0,0.0,22.0,89.0,0.0,0.0,0.0,1.0,0.0,0.0,0.0,1.0,0.0,0.0,2016,JAN,12.0,29.0,2.0,3.0,-1.0,1408.0,145.0,70.0,1.0,0.0,71.0,0.0,49.0,1553.0,1548.0,5.0,0.0,149.0,1404.0,112.0,110.0,1.0,0.0,111.0,1.0,0.0,0.0,1.0,0.0,1409.0,5.0,20.0,1.0,2016-01-01
Los Angeles,5321.0,12152.0,-6831.0,44760.0,50081.0,34014.0,25417.0,115.0,692.0,1031.0,5019.0,136.0,450.0,591.0,1956.0,16067.0,75354.0,461398.0,74780.0,457993.0,574.0,3405.0,4480.0,38737.0,1680.0,38.0,4.0,23190.0,269.0,236.0,1722.0,23695.0,-23.0,23.0,187.0,55.0,1335.0,1234.0,1259.0,13730.0,79834.0,500135.0,77593.0,490272.0,1135451.0,777.0,9680.0,2166.0,5922.0,4907.0,271.0,75.0,3941.0,5204.0,41611.0,74630.0,458524.0,5201.0,24085.0,4760.0,133.0,6.0,22172.0,290.0,177.0,4899.0,22639.0,293.0,9.0,0.0,1409.0,30.0,7.0,302.0,1446.0,287.0,1442.0,2016,JAN,807.0,6050.0,586.0,2547.0,3979.0,536752.0,43217.0,24870.0,307.0,240.0,25417.0,0.0,14989.0,579969.0,567865.0,8088.0,4016.0,46815.0,533154.0,29286.0,26932.0,423.0,183.0,27538.0,1702.0,39.0,7.0,1748.0,1729.0,532773.0,242.0,2569.0,1.0,2016-01-01
Madera,2625.0,2649.0,-24.0,769.0,3394.0,694.0,466.0,0.0,1.0,1.0,224.0,0.0,2.0,0.0,3.0,2700.0,1864.0,9851.0,1864.0,9851.0,0.0,0.0,149.0,484.0,30.0,0.0,0.0,431.0,4.0,1.0,30.0,436.0,80.0,-80.0,8.0,15.0,10.0,73.0,21.0,40.0,2013.0,10335.0,2001.0,10276.0,29892.0,0.0,71.0,11.0,53.0,8.0,0.0,1.0,6.0,70.0,638.0,1943.0,9697.0,189.0,886.0,184.0,3.0,0.0,876.0,3.0,1.0,187.0,880.0,2.0,0.0,0.0,6.0,0.0,0.0,2.0,6.0,0.0,0.0,2016,JAN,1.0,225.0,2.0,3.0,0.0,11715.0,633.0,461.0,4.0,1.0,466.0,0.0,61.0,12348.0,12277.0,64.0,7.0,708.0,11640.0,1075.0,1060.0,6.0,1.0,1067.0,8.0,0.0,0.0,8.0,0.0,11715.0,23.0,83.0,1.0,2016-01-01
Marin,116.0,118.0,-2.0,493.0,609.0,431.0,271.0,0.0,2.0,0.0,142.0,0.0,1.0,0.0,18.0,178.0,576.0,5367.0,576.0,5367.0,0.0,0.0,17.0,441.0,6.0,1.0,1.0,252.0,8.0,3.0,8.0,263.0,-11.0,11.0,0.0,7.0,5.0,38.0,15.0,122.0,593.0,5808.0,549.0,5552.0,10175.0,8.0,296.0,39.0,205.0,53.0,23.0,5.0,51.0,50.0,516.0,543.0,5292.0,59.0,387.0,53.0,6.0,0.0,367.0,14.0,2.0,59.0,383.0,0.0,0.0,0.0,4.0,0.0,0.0,0.0,4.0,0.0,0.0,2016,JAN,2.0,142.0,1.0,18.0,0.0,5943.0,458.0,258.0,9.0,4.0,271.0,0.0,137.0,6401.0,6101.0,244.0,56.0,566.0,5835.0,446.0,420.0,20.0,2.0,442.0,4.0,0.0,0.0,4.0,0.0,5943.0,7.0,43.0,1.0,2016-01-01
Mariposa,23.0,26.0,-3.0,99.0,122.0,85.0,48.0,0.0,1.0,1.0,31.0,0.0,2.0,0.0,5.0,37.0,123.0,934.0,123.0,934.0,0.0,0.0,4.0,77.0,2.0,0.0,0.0,46.0,0.0,0.0,2.0,46.0,1.0,-1.0,0.0,7.0,0.0,5.0,1.0,20.0,127.0,1011.0,127.0,1010.0,2115.0,0.0,1.0,0.0,1.0,0.0,0.0,0.0,0.0,3.0,70.0,124.0,941.0,12.0,77.0,12.0,0.0,0.0,76.0,1.0,0.0,12.0,77.0,0.0,0.0,0.0,0.0,0.0,0.0,0.0,0.0,0.0,0.0,2016,JAN,1.0,32.0,2.0,5.0,0.0,1057.0,81.0,48.0,0.0,0.0,48.0,0.0,21.0,1138.0,1137.0,1.0,0.0,73.0,1065.0,89.0,88.0,1.0,0.0,89.0,0.0,0.0,0.0,0.0,0.0,1057.0,7.0,5.0,1.0,2016-01-01
Mendocino,187.0,188.0,-1.0,536.0,723.0,493.0,376.0,0.0,1.0,1.0,109.0,0.0,1.0,0.0,7.0,230.0,655.0,5882.0,655.0,5882.0,0.0,0.0,41.0,528.0,16.0,0.0,0.0,356.0,3.0,1.0,16.0,360.0,2.0,-2.0,0.0,7.0,2.0,43.0,21.0,120.0,696.0,6410.0,693.0,6362.0,13300.0,3.0,39.0,2.0,36.0,15.0,1.0,1.0,12.0,57.0,605.0,639.0,5805.0,77.0,523.0,75.0,1.0,0.0,513.0,5.0,1.0,76.0,519.0,1.0,0.0,0.0,4.0,0.0,0.0,1.0,4.0,0.0,0.0,2016,JAN,1.0,110.0,1.0,7.0,0.0,6537.0,569.0,372.0,3.0,1.0,376.0,0.0,141.0,7106.0,7055.0,38.0,13.0,662.0,6444.0,600.0,588.0,6.0,1.0,595.0,5.0,0.0,0.0,5.0,0.0,6537.0,7.0,45.0,1.0,2016-01-01
Merced,441.0,459.0,-18.0,1678.0,2119.0,1432.0,888.0,0.0,4.0,0.0,461.0,0.0,1.0,0.0,83.0,687.0,4226.0,19279.0,4226.0,19279.0,0.0,0.0,257.0,1576.0,69.0,1.0,0.0,815.0,1.0,2.0,70.0,818.0,36.0,-36.0,15.0,32.0,31.0,235.0,105.0,527.0,4483.0,20855.0,4459.0,20758.0,58413.0,3.0,112.0,24.0,81.0,13.0,5.0,0.0,16.0,176.0,1418.0,4307.0,19437.0,434.0,1857.0,426.0,2.0,0.0,1816.0,6.0,0.0,428.0,1822.0,6.0,0.0,0.0,35.0,0.0,0.0,6.0,35.0,0.0,0.0,2016,JAN,4.0,461.0,1.0,83.0,0.0,23505.0,1833.0,884.0,2.0,2.0,888.0,0.0,632.0,25338.0,25217.0,105.0,16.0,1594.0,23744.0,2291.0,2242.0,8.0,0.0,2250.0,41.0,0.0,0.0,41.0,0.0,23505.0,47.0,266.0,1.0,2016-01-01
Modoc,10.0,11.0,-1.0,57.0,67.0,52.0,37.0,0.0,2.0,0.0,12.0,0.0,0.0,0.0,3.0,15.0,68.0,369.0,68.0,369.0,0.0,0.0,10.0,54.0,1.0,0.0,0.0,36.0,0.0,0.0,1.0,36.0,8.0,-8.0,0.0,2.0,0.0,2.0,1.0,22.0,78.0,423.0,78.0,421.0,1074.0,0.0,1.0,0.0,1.0,0.0,1.0,0.0,1.0,8.0,26.0,70.0,397.0,7.0,44.0,6.0,0.0,0.0,42.0,1.0,0.0,6.0,43.0,1.0,0.0,0.0,1.0,0.0,0.0,1.0,1.0,0.0,0.0,2016,JAN,2.0,12.0,0.0,3.0,0.0,437.0,64.0,37.0,0.0,0.0,37.0,0.0,23.0,501.0,499.0,1.0,1.0,34.0,467.0,51.0,48.0,1.0,0.0,49.0,2.0,0.0,0.0,2.0,0.0,437.0,2.0,2.0,1.0,2016-01-01
Mono,13.0,13.0,0.0,31.0,44.0,23.0,8.0,0.0,0.0,0.0,14.0,0.0,0.0,0.0,1.0,21.0,14.0,418.0,14.0,418.0,0.0,0.0,2.0,21.0,0.0,0.0,0.0,8.0,0.0,0.0,0.0,8.0,0.0,0.0,0.0,1.0,1.0,3.0,1.0,9.0,16.0,439.0,16.0,437.0,802.0,0.0,2.0,0.0,2.0,0.0,0.0,0.0,0.0,1.0,36.0,15.0,403.0,1.0,22.0,1.0,0.0,0.0,22.0,0.0,0.0,1.0,22.0,0.0,0.0,0.0,0.0,0.0,0.0,0.0,0.0,0.0,0.0,2016,JAN,0.0,14.0,0.0,1.0,0.0,432.0,23.0,8.0,0.0,0.0,8.0,0.0,10.0,455.0,453.0,2.0,0.0,37.0,418.0,23.0,23.0,0.0,0.0,23.0,0.0,0.0,0.0,0.0,0.0,432.0,1.0,4.0,1.0,2016-01-01
Monterey,1093.0,1111.0,-18.0,2538.0,3631.0,2615.0,1716.0,0.0,3.0,1.0,825.0,0.0,1.0,0.0,73.0,1016.0,2848.0,19066.0,2848.0,19066.0,0.0,0.0,563.0,2215.0,105.0,2.0,0.0,1582.0,24.0,3.0,107.0,1609.0,375.0,-375.0,3.0,21.0,9.0,149.0,69.0,811.0,3411.0,21281.0,3379.0,20971.0,54836.0,9.0,329.0,31.0,266.0,53.0,3.0,1.0,44.0,122.0,1522.0,3289.0,19759.0,321.0,2341.0,315.0,6.0,0.0,2279.0,32.0,0.0,321.0,2311.0,0.0,0.0,0.0,29.0,1.0,0.0,0.0,30.0,0.0,0.0,2016,JAN,3.0,826.0,1.0,73.0,0.0,21914.0,2778.0,1687.0,26.0,3.0,1716.0,0.0,880.0,24692.0,24350.0,297.0,45.0,1644.0,23048.0,2662.0,2594.0,38.0,0.0,2632.0,29.0,1.0,0.0,30.0,0.0,21914.0,24.0,158.0,1.0,2016-01-01
Napa,143.0,145.0,-2.0,319.0,462.0,300.0,169.0,2.0,3.0,0.0,101.0,0.0,0.0,0.0,30.0,162.0,331.0,3056.0,331.0,3057.0,0.0,-1.0,19.0,293.0,8.0,0.0,0.0,158.0,3.0,0.0,8.0,161.0,2.0,-2.0,0.0,7.0,7.0,16.0,2.0,111.0,350.0,3349.0,340.0,3281.0,7564.0,2.0,80.0,9.0,63.0,7.0,0.0,1.0,5.0,11.0,288.0,339.0,3061.0,35.0,270.0,34.0,1.0,0.0,254.0,8.0,1.0,35.0,263.0,0.0,0.0,0.0,7.0,0.0,0.0,0.0,7.0,0.0,0.0,2016,JAN,5.0,101.0,0.0,30.0,-1.0,3387.0,312.0,166.0,3.0,0.0,169.0,0.0,113.0,3699.0,3621.0,72.0,6.0,299.0,3400.0,305.0,288.0,9.0,1.0,298.0,7.0,0.0,0.0,7.0,0.0,3388.0,7.0,23.0,1.0,2016-01-01
Nevada,100.0,104.0,-4.0,407.0,507.0,335.0,219.0,0.0,0.0,0.0,109.0,0.0,1.0,0.0,7.0,172.0,287.0,3713.0,287.0,3713.0,0.0,0.0,23.0,351.0,6.0,0.0,0.0,209.0,2.0,2.0,6.0,213.0,-1.0,1.0,6.0,6.0,0.0,34.0,12.0,97.0,310.0,4064.0,309.0,4047.0,7796.0,0.0,16.0,1.0,14.0,4.0,0.0,0.0,3.0,18.0,315.0,292.0,3749.0,29.0,305.0,27.0,1.0,0.0,301.0,1.0,0.0,28.0,302.0,1.0,0.0,0.0,3.0,0.0,0.0,1.0,3.0,0.0,0.0,2016,JAN,0.0,109.0,1.0,7.0,0.0,4000.0,374.0,215.0,2.0,2.0,219.0,0.0,109.0,4374.0,4356.0,15.0,3.0,333.0,4041.0,334.0,328.0,2.0,0.0,330.0,4.0,0.0,0.0,4.0,0.0,4000.0,12.0,34.0,1.0,2016-01-01
Orange,1642.0,4170.0,-2528.0,8188.0,9830.0,7176.0,5361.0,4.0,107.0,56.0,1498.0,1.0,113.0,30.0,231.0,2654.0,12550.0,103499.0,12550.0,103499.0,0.0,0.0,645.0,7658.0,294.0,6.0,0.0,4919.0,78.0,64.0,300.0,5061.0,-3.0,3.0,1.0,20.0,2.0,2.0,345.0,2572.0,13195.0,111157.0,12977.0,107851.0,257759.0,296.0,3030.0,212.0,2145.0,1598.0,8.0,6.0,1161.0,606.0,7918.0,12589.0,103239.0,784.0,5770.0,758.0,11.0,0.0,4749.0,118.0,28.0,769.0,4895.0,15.0,0.0,0.0,845.0,20.0,10.0,15.0,875.0,0.0,0.0,2016,JAN,111.0,1554.0,114.0,261.0,0.0,116049.0,8303.0,5213.0,84.0,64.0,5361.0,0.0,2917.0,124352.0,120828.0,2357.0,1167.0,8524.0,115828.0,6554.0,5507.0,129.0,28.0,5664.0,860.0,20.0,10.0,890.0,0.0,116049.0,21.0,4.0,1.0,2016-01-01
Placer,305.0,305.0,0.0,625.0,930.0,575.0,315.0,0.0,6.0,0.0,218.0,0.0,16.0,0.0,42.0,355.0,721.0,7744.0,721.0,7744.0,0.0,0.0,79.0,789.0,20.0,0.0,0.0,294.0,0.0,1.0,20.0,295.0,-2.0,2.0,15.0,18.0,5.0,160.0,41.0,314.0,800.0,8533.0,790.0,8468.0,17707.0,0.0,68.0,10.0,41.0,15.0,20.0,0.0,24.0,82.0,800.0,718.0,7733.0,40.0,462.0,39.0,0.0,0.0,449.0,2.0,1.0,39.0,452.0,1.0,0.0,0.0,8.0,2.0,0.0,1.0,10.0,0.0,0.0,2016,JAN,6.0,218.0,16.0,42.0,0.0,8465.0,868.0,314.0,0.0,1.0,315.0,0.0,355.0,9333.0,9258.0,51.0,24.0,882.0,8451.0,502.0,488.0,2.0,1.0,491.0,9.0,2.0,0.0,11.0,0.0,8465.0,33.0,165.0,1.0,2016-01-01
Plumas,39.0,40.0,-1.0,137.0,176.0,105.0,59.0,0.0,0.0,0.0,42.0,0.0,0.0,0.0,4.0,71.0,108.0,993.0,108.0,993.0,0.0,0.0,7.0,91.0,2.0,0.0,0.0,57.0,0.0,0.0,2.0,57.0,3.0,-3.0,1.0,2.0,0.0,11.0,1.0,24.0,115.0,1084.0,115.0,1081.0,2197.0,0.0,3.0,0.0,3.0,0.0,0.0,0.0,0.0,9.0,81.0,106.0,1003.0,8.0,69.0,8.0,0.0,0.0,68.0,0.0,0.0,8.0,68.0,0.0,0.0,0.0,1.0,0.0,0.0,0.0,1.0,0.0,0.0,2016,JAN,0.0,42.0,0.0,4.0,0.0,1101.0,98.0,59.0,0.0,0.0,59.0,0.0,25.0,1199.0,1196.0,3.0,0.0,90.0,1109.0,77.0,76.0,0.0,0.0,76.0,1.0,0.0,0.0,1.0,0.0,1101.0,3.0,11.0,1.0,2016-01-01
Riverside,1906.0,1946.0,-40.0,10493.0,12399.0,9237.0,5390.0,9.0,9.0,6.0,3540.0,0.0,7.0,0.0,301.0,3162.0,16261.0,106361.0,16260.0,106361.0,1.0,0.0,619.0,8823.0,340.0,6.0,1.0,4986.0,41.0,16.0,347.0,5043.0,-194.0,194.0,30.0,118.0,97.0,1110.0,339.0,2358.0,16880.0,115184.0,16744.0,114045.0,294807.0,116.0,1050.0,127.0,916.0,269.0,28.0,9.0,223.0,889.0,9266.0,15991.0,105918.0,1564.0,8558.0,1545.0,11.0,0.0,8365.0,73.0,12.0,1556.0,8450.0,7.0,1.0,0.0,107.0,1.0,0.0,8.0,108.0,0.0,0.0,2016,JAN,18.0,3546.0,7.0,301.0,1.0,122622.0,9442.0,5326.0,47.0,17.0,5390.0,0.0,2697.0,132064.0,130789.0,1043.0,232.0,10155.0,121909.0,10122.0,9910.0,84.0,12.0,10006.0,114.0,2.0,0.0,116.0,0.0,122621.0,148.0,1207.0,1.0,2016-01-01
Sacramento,1617.0,1872.0,-255.0,7163.0,8780.0,6205.0,4215.0,3.0,32.0,1.0,1807.0,0.0,51.0,0.0,182.0,2575.0,15269.0,81048.0,15276.0,80891.0,-7.0,157.0,802.0,7541.0,464.0,16.0,0.0,3666.0,38.0,31.0,480.0,3735.0,-375.0,375.0,29.0,102.0,37.0,201.0,631.0,3128.0,16071.0,88589.0,15589.0,86877.0,218560.0,155.0,2316.0,473.0,1079.0,860.0,9.0,9.0,633.0,1017.0,7446.0,15054.0,81143.0,895.0,3990.0,865.0,24.0,0.0,3702.0,65.0,15.0,889.0,3782.0,6.0,0.0,0.0,202.0,3.0,3.0,6.0,208.0,0.0,0.0,2016,JAN,35.0,1808.0,51.0,182.0,150.0,96317.0,8343.0,4130.0,54.0,31.0,4215.0,0.0,3759.0,104660.0,102466.0,1552.0,642.0,8463.0,96197.0,4885.0,4567.0,89.0,15.0,4671.0,208.0,3.0,3.0,214.0,0.0,96167.0,131.0,238.0,1.0,2016-01-01
San Benito,59.0,64.0,-5.0,255.0,314.0,215.0,133.0,0.0,0.0,0.0,67.0,0.0,0.0,0.0,15.0,99.0,275.0,2209.0,275.0,2209.0,0.0,0.0,18.0,231.0,3.0,0.0,0.0,128.0,1.0,1.0,3.0,130.0,6.0,-6.0,2.0,5.0,0.0,8.0,7.0,94.0,293.0,2440.0,288.0,2415.0,6051.0,2.0,26.0,5.0,22.0,3.0,0.0,0.0,3.0,21.0,217.0,272.0,2223.0,19.0,228.0,19.0,0.0,0.0,222.0,1.0,0.0,19.0,223.0,0.0,0.0,0.0,5.0,0.0,0.0,0.0,5.0,0.0,0.0,2016,JAN,0.0,67.0,0.0,15.0,0.0,2484.0,249.0,131.0,1.0,1.0,133.0,0.0,101.0,2733.0,2703.0,27.0,3.0,238.0,2495.0,247.0,241.0,1.0,0.0,242.0,5.0,0.0,0.0,5.0,0.0,2484.0,7.0,8.0,1.0,2016-01-01
San Bernardino,2692.0,2758.0,-66.0,13059.0,15751.0,11920.0,8004.0,1.0,5.0,4.0,3600.0,0.0,0.0,0.0,312.0,3831.0,25384.0,143972.0,25383.0,143975.0,1.0,-3.0,1416.0,11897.0,413.0,0.0,1.0,7516.0,47.0,27.0,414.0,7590.0,84.0,-84.0,46.0,138.0,96.0,867.0,776.0,3386.0,26800.0,155869.0,26597.0,154567.0,398808.0,107.0,1214.0,195.0,937.0,436.0,66.0,8.0,365.0,1404.0,10989.0,25396.0,144880.0,2491.0,12281.0,2463.0,20.0,0.0,12104.0,68.0,19.0,2483.0,12191.0,8.0,0.0,0.0,88.0,1.0,1.0,8.0,90.0,0.0,0.0,2016,JAN,6.0,3604.0,0.0,312.0,-2.0,169356.0,13313.0,7929.0,47.0,28.0,8004.0,0.0,4162.0,182669.0,181164.0,1132.0,373.0,12393.0,170276.0,14772.0,14567.0,88.0,19.0,14674.0,96.0,1.0,1.0,98.0,0.0,169358.0,184.0,963.0,1.0,2016-01-01
San Diego,5869.0,6080.0,-211.0,10857.0,16726.0,8613.0,5472.0,5.0,86.0,8.0,2992.0,0.0,341.0,0.0,141.0,8113.0,14670.0,118943.0,14672.0,118377.0,-2.0,566.0,535.0,9254.0,242.0,5.0,0.0,5118.0,69.0,38.0,247.0,5225.0,-269.0,269.0,14.0,109.0,7.0,228.0,536.0,3423.0,15205.0,128197.0,14853.0,125653.0,291694.0,256.0,2460.0,343.0,1703.0,1049.0,29.0,9.0,841.0,909.0,10117.0,14296.0,118080.0,1027.0,5855.0,961.0,19.0,0.0,5123.0,87.0,14.0,980.0,5224.0,47.0,0.0,0.0,614.0,13.0,4.0,47.0,631.0,1.0,1.0,2016,JAN,91.0,3000.0,341.0,141.0,564.0,133613.0,9789.0,5360.0,74.0,38.0,5472.0,0.0,3959.0,143402.0,140506.0,2046.0,850.0,11026.0,132376.0,6882.0,6084.0,106.0,14.0,6204.0,661.0,13.0,4.0,678.0,2.0,133049.0,123.0,235.0,1.0,2016-01-01
San Francisco,902.0,1003.0,-101.0,2383.0,3285.0,2180.0,1479.0,6.0,34.0,1.0,603.0,0.0,72.0,0.0,97.0,1105.0,2320.0,29438.0,2293.0,29261.0,27.0,177.0,130.0,2292.0,67.0,3.0,1.0,1330.0,36.0,42.0,71.0,1408.0,-80.0,80.0,0.0,0.0,0.0,0.0,139.0,804.0,2450.0,31730.0,2307.0,30089.0,51419.0,73.0,1210.0,134.0,811.0,1168.0,55.0,9.0,830.0,199.0,2327.0,2251.0,29403.0,175.0,1216.0,156.0,15.0,1.0,1117.0,47.0,24.0,172.0,1188.0,3.0,0.0,0.0,26.0,1.0,1.0,3.0,28.0,0.0,0.0,2016,JAN,40.0,604.0,72.0,97.0,204.0,31758.0,2422.0,1397.0,39.0,43.0,1479.0,0.0,943.0,34180.0,32396.0,945.0,839.0,2526.0,31654.0,1391.0,1273.0,62.0,25.0,1360.0,29.0,1.0,1.0,31.0,0.0,31554.0,0.0,0.0,1.0,2016-01-01
San Joaquin,1066.0,1105.0,-39.0,3254.0,4320.0,2908.0,1777.0,1.0,5.0,1.0,990.0,0.0,7.0,0.0,140.0,1412.0,7600.0,42163.0,7600.0,42163.0,0.0,0.0,367.0,3057.0,177.0,3.0,0.0,1570.0,22.0,5.0,180.0,1597.0,-31.0,31.0,24.0,99.0,47.0,422.0,147.0,908.0,7967.0,45220.0,7894.0,44609.0,119312.0,49.0,615.0,72.0,474.0,185.0,17.0,1.0,137.0,404.0,3176.0,7563.0,42044.0,756.0,3675.0,748.0,5.0,0.0,3593.0,35.0,8.0,753.0,3636.0,2.0,1.0,0.0,39.0,0.0,0.0,3.0,39.0,0.0,0.0,2016,JAN,6.0,991.0,7.0,140.0,0.0,49763.0,3424.0,1747.0,25.0,5.0,1777.0,0.0,1055.0,53187.0,52503.0,546.0,138.0,3580.0,49607.0,4431.0,4341.0,40.0,8.0,4389.0,41.0,1.0,0.0,42.0,0.0,49763.0,123.0,469.0,1.0,2016-01-01
San Luis Obispo,468.0,468.0,0.0,818.0,1286.0,719.0,403.0,4.0,14.0,0.0,200.0,0.0,28.0,0.0,116.0,567.0,977.0,8385.0,977.0,8385.0,0.0,0.0,26.0,726.0,29.0,0.0,0.0,371.0,2.0,1.0,29.0,374.0,-39.0,39.0,0.0,15.0,7.0,94.0,29.0,204.0,1003.0,9111.0,997.0,9052.0,18620.0,0.0,64.0,6.0,48.0,9.0,4.0,0.0,11.0,59.0,731.0,944.0,8380.0,60.0,423.0,60.0,0.0,0.0,376.0,2.0,0.0,60.0,378.0,0.0,0.0,0.0,45.0,0.0,0.0,0.0,45.0,0.0,0.0,2016,JAN,18.0,200.0,28.0,116.0,0.0,9362.0,752.0,400.0,2.0,1.0,403.0,0.0,233.0,10114.0,10049.0,54.0,11.0,790.0,9324.0,483.0,436.0,2.0,0.0,438.0,45.0,0.0,0.0,45.0,0.0,9362.0,15.0,101.0,1.0,2016-01-01
San Mateo,5642.0,5642.0,0.0,1260.0,6902.0,1085.0,631.0,2.0,16.0,3.0,381.0,0.0,38.0,0.0,70.0,5817.0,963.0,13389.0,970.0,13468.0,-7.0,-79.0,47.0,1381.0,17.0,0.0,1.0,580.0,23.0,10.0,18.0,613.0,-26.0,26.0,16.0,17.0,0.0,165.0,39.0,560.0,1010.0,14770.0,975.0,14132.0,30034.0,50.0,610.0,33.0,458.0,223.0,15.0,2.0,180.0,72.0,1497.0,938.0,13273.0,53.0,509.0,52.0,0.0,0.0,473.0,12.0,3.0,52.0,488.0,1.0,0.0,0.0,21.0,0.0,0.0,1.0,21.0,0.0,0.0,2016,JAN,18.0,384.0,38.0,70.0,-86.0,14352.0,1428.0,597.0,23.0,11.0,631.0,0.0,599.0,15780.0,15107.0,491.0,182.0,1569.0,14211.0,562.0,525.0,12.0,3.0,540.0,22.0,0.0,0.0,22.0,0.0,14438.0,33.0,165.0,1.0,2016-01-01
Santa Barbara,1089.0,1071.0,18.0,1601.0,2690.0,1531.0,1124.0,28.0,90.0,1.0,312.0,0.0,45.0,0.0,94.0,1159.0,2299.0,14521.0,2277.0,14603.0,22.0,-82.0,265.0,1547.0,109.0,0.0,0.0,1002.0,9.0,4.0,109.0,1015.0,60.0,-60.0,4.0,30.0,0.0,0.0,92.0,562.0,2564.0,16068.0,2542.0,15878.0,39461.0,23.0,149.0,20.0,141.0,4.0,59.0,2.0,49.0,136.0,1249.0,2428.0,14819.0,180.0,781.0,177.0,1.0,0.0,760.0,3.0,0.0,178.0,763.0,2.0,0.0,0.0,18.0,0.0,0.0,2.0,18.0,0.0,0.0,2016,JAN,118.0,313.0,45.0,94.0,-60.0,16820.0,1812.0,1111.0,9.0,4.0,1124.0,0.0,654.0,18632.0,18420.0,161.0,51.0,1385.0,17247.0,961.0,937.0,4.0,0.0,941.0,20.0,0.0,0.0,20.0,0.0,16880.0,34.0,0.0,1.0,2016-01-01
Santa Clara,2570.0,2668.0,-98.0,3203.0,5773.0,2790.0,1928.0,1.0,31.0,1.0,569.0,0.0,36.0,0.0,292.0,2983.0,4785.0,45638.0,4827.0,45512.0,-42.0,126.0,331.0,3759.0,141.0,3.0,0.0,1707.0,38.0,39.0,144.0,1784.0,-69.0,69.0,11.0,43.0,17.0,157.0,228.0,1706.0,5116.0,49397.0,5009.0,47777.0,105448.0,104.0,1156.0,103.0,852.0,1075.0,5.0,4.0,768.0,328.0,3888.0,4788.0,45509.0,408.0,2949.0,389.0,7.0,0.0,2664.0,49.0,17.0,396.0,2730.0,11.0,1.0,0.0,214.0,4.0,1.0,12.0,219.0,0.0,0.0,2016,JAN,32.0,570.0,36.0,292.0,84.0,50423.0,4090.0,1848.0,41.0,39.0,1928.0,0.0,1934.0,54513.0,52786.0,955.0,772.0,4216.0,50297.0,3357.0,3053.0,56.0,17.0,3126.0,225.0,5.0,1.0,231.0,0.0,50339.0,54.0,174.0,1.0,2016-01-01
Santa Cruz,1106.0,1168.0,-62.0,1092.0,2198.0,879.0,601.0,5.0,18.0,0.0,226.0,0.0,25.0,0.0,52.0,1319.0,1136.0,12180.0,1057.0,12193.0,79.0,-13.0,68.0,1387.0,30.0,0.0,0.0,569.0,1.0,1.0,30.0,571.0,-39.0,39.0,2.0,11.0,0.0,5.0,75.0,761.0,1204.0,13567.0,1199.0,13512.0,27188.0,6.0,52.0,5.0,47.0,0.0,9.0,0.0,8.0,102.0,1200.0,1102.0,12367.0,81.0,737.0,79.0,0.0,0.0,703.0,1.0,2.0,79.0,706.0,2.0,0.0,0.0,31.0,0.0,0.0,2.0,31.0,0.0,0.0,2016,JAN,23.0,226.0,25.0,52.0,66.0,13316.0,1455.0,599.0,1.0,1.0,601.0,0.0,836.0,14771.0,14711.0,52.0,8.0,1302.0,13469.0,818.0,782.0,1.0,2.0,785.0,33.0,0.0,0.0,33.0,0.0,13250.0,13.0,5.0,1.0,2016-01-01
Shasta,235.0,237.0,-2.0,1163.0,1398.0,1023.0,535.0,1.0,9.0,0.0,475.0,0.0,6.0,0.0,13.0,375.0,1324.0,10662.0,1324.0,10662.0,0.0,0.0,67.0,1033.0,23.0,0.0,0.0,511.0,1.0,0.0,23.0,512.0,2.0,-2.0,3.0,40.0,11.0,136.0,28.0,347.0,1391.0,11695.0,1386.0,11654.0,24941.0,4.0,29.0,4.0,26.0,19.0,0.0,1.0,15.0,85.0,957.0,1306.0,10738.0,109.0,903.0,108.0,1.0,0.0,885.0,2.0,0.0,109.0,887.0,0.0,0.0,0.0,15.0,0.0,1.0,0.0,16.0,0.0,0.0,2016,JAN,10.0,475.0,6.0,13.0,0.0,11986.0,1100.0,534.0,1.0,0.0,535.0,0.0,375.0,13086.0,13040.0,30.0,16.0,1042.0,12044.0,1012.0,993.0,3.0,0.0,996.0,15.0,0.0,1.0,16.0,0.0,11986.0,43.0,147.0,1.0,2016-01-01
Sierra,3.0,3.0,0.0,11.0,14.0,12.0,8.0,0.0,0.0,0.0,3.0,0.0,0.0,0.0,1.0,2.0,4.0,150.0,4.0,150.0,0.0,0.0,1.0,11.0,0.0,0.0,0.0,8.0,0.0,0.0,0.0,8.0,1.0,-1.0,0.0,1.0,0.0,1.0,0.0,2.0,5.0,161.0,5.0,161.0,300.0,0.0,0.0,0.0,0.0,0.0,0.0,0.0,0.0,0.0,9.0,5.0,152.0,0.0,18.0,0.0,0.0,0.0,18.0,0.0,0.0,0.0,18.0,0.0,0.0,0.0,0.0,0.0,0.0,0.0,0.0,0.0,0.0,2016,JAN,0.0,3.0,0.0,1.0,0.0,154.0,12.0,8.0,0.0,0.0,8.0,0.0,2.0,166.0,166.0,0.0,0.0,9.0,157.0,18.0,18.0,0.0,0.0,18.0,0.0,0.0,0.0,0.0,0.0,154.0,1.0,1.0,1.0,2016-01-01
Siskiyou,117.0,124.0,-7.0,321.0,438.0,271.0,127.0,0.0,1.0,0.0,132.0,0.0,0.0,0.0,12.0,167.0,422.0,2680.0,422.0,2680.0,0.0,0.0,40.0,214.0,13.0,0.0,0.0,113.0,1.0,0.0,13.0,114.0,11.0,-11.0,1.0,5.0,2.0,20.0,13.0,86.0,462.0,2894.0,461.0,2882.0,7132.0,1.0,7.0,1.0,6.0,7.0,0.0,0.0,6.0,32.0,195.0,430.0,2699.0,41.0,222.0,40.0,0.0,0.0,218.0,1.0,0.0,40.0,219.0,1.0,0.0,0.0,3.0,0.0,0.0,1.0,3.0,0.0,0.0,2016,JAN,1.0,132.0,0.0,12.0,0.0,3102.0,254.0,126.0,1.0,0.0,127.0,0.0,99.0,3356.0,3343.0,7.0,6.0,227.0,3129.0,263.0,258.0,1.0,0.0,259.0,4.0,0.0,0.0,4.0,0.0,3102.0,6.0,22.0,1.0,2016-01-01
Solano,624.0,658.0,-34.0,1386.0,2010.0,1173.0,814.0,7.0,35.0,0.0,276.0,0.0,45.0,0.0,83.0,837.0,2761.0,18232.0,2714.0,18131.0,47.0,101.0,129.0,1784.0,70.0,1.0,0.0,731.0,10.0,2.0,71.0,743.0,-62.0,62.0,11.0,27.0,6.0,82.0,103.0,870.0,2890.0,20016.0,2866.0,19812.0,43366.0,197.0,174.0,22.0,150.0,81.0,56.0,2.0,54.0,136.0,1881.0,2754.0,18135.0,204.0,1131.0,201.0,2.0,0.0,1094.0,7.0,0.0,203.0,1101.0,1.0,0.0,0.0,29.0,1.0,0.0,1.0,30.0,0.0,0.0,2016,JAN,42.0,276.0,45.0,83.0,148.0,20993.0,1913.0,801.0,11.0,2.0,814.0,0.0,973.0,22906.0,22678.0,172.0,56.0,2017.0,20889.0,1335.0,1295.0,9.0,0.0,1304.0,30.0,1.0,0.0,31.0,0.0,20845.0,38.0,88.0,1.0,2016-01-01
Sonoma,831.0,873.0,-42.0,1421.0,2252.0,1217.0,763.0,4.0,78.0,0.0,396.0,0.0,78.0,0.0,58.0,1035.0,1624.0,16723.0,1622.0,16649.0,2.0,74.0,58.0,1191.0,48.0,1.0,0.0,693.0,12.0,9.0,49.0,714.0,-11.0,11.0,5.0,19.0,15.0,220.0,0.0,227.0,1682.0,17914.0,1658.0,17616.0,35037.0,17.0,291.0,23.0,236.0,80.0,2.0,1.0,62.0,95.0,1421.0,1587.0,16493.0,92.0,930.0,87.0,2.0,0.0,787.0,12.0,2.0,89.0,801.0,3.0,0.0,0.0,126.0,2.0,1.0,3.0,129.0,0.0,0.0,2016,JAN,82.0,396.0,78.0,58.0,76.0,18347.0,1249.0,741.0,13.0,9.0,763.0,0.0,227.0,19596.0,19274.0,259.0,63.0,1516.0,18080.0,1022.0,874.0,14.0,2.0,890.0,129.0,2.0,1.0,132.0,0.0,18271.0,24.0,235.0,1.0,2016-01-01
Stanislaus,559.0,575.0,-16.0,3248.0,3807.0,2910.0,1845.0,0.0,4.0,0.0,959.0,0.0,4.0,0.0,106.0,897.0,5550.0,34575.0,5549.0,34577.0,1.0,-2.0,360.0,2885.0,91.0,0.0,0.0,1741.0,11.0,2.0,91.0,1754.0,41.0,-41.0,18.0,80.0,39.0,279.0,171.0,813.0,5910.0,37460.0,5885.0,37258.0,91085.0,13.0,212.0,24.0,168.0,40.0,1.0,1.0,34.0,320.0,2990.0,5590.0,34470.0,529.0,3057.0,526.0,1.0,0.0,3010.0,11.0,3.0,527.0,3024.0,2.0,0.0,0.0,32.0,1.0,0.0,2.0,33.0,0.0,0.0,2016,JAN,4.0,959.0,4.0,106.0,-1.0,40125.0,3245.0,1832.0,11.0,2.0,1845.0,0.0,984.0,43370.0,43143.0,192.0,35.0,3310.0,40060.0,3586.0,3536.0,12.0,3.0,3551.0,34.0,1.0,0.0,35.0,0.0,40126.0,98.0,318.0,1.0,2016-01-01
Sutter,140.0,148.0,-8.0,495.0,635.0,399.0,205.0,0.0,5.0,0.0,172.0,0.0,4.0,0.0,22.0,236.0,731.0,4619.0,731.0,4619.0,0.0,0.0,47.0,432.0,19.0,1.0,0.0,184.0,1.0,0.0,20.0,185.0,5.0,-5.0,3.0,16.0,2.0,64.0,17.0,172.0,778.0,5051.0,763.0,4992.0,13329.0,6.0,66.0,15.0,46.0,14.0,0.0,0.0,13.0,37.0,403.0,741.0,4648.0,86.0,415.0,80.0,3.0,0.0,400.0,3.0,0.0,83.0,403.0,3.0,0.0,0.0,12.0,0.0,0.0,3.0,12.0,0.0,0.0,2016,JAN,5.0,172.0,4.0,22.0,0.0,5350.0,479.0,203.0,2.0,0.0,205.0,0.0,189.0,5829.0,5755.0,61.0,13.0,440.0,5389.0,501.0,480.0,6.0,0.0,486.0,15.0,0.0,0.0,15.0,0.0,5350.0,19.0,66.0,1.0,2016-01-01
Tehama,106.0,111.0,-5.0,423.0,529.0,364.0,210.0,0.0,10.0,0.0,126.0,0.0,4.0,0.0,28.0,165.0,552.0,3785.0,552.0,3786.0,0.0,-1.0,-1.0,397.0,6.0,0.0,0.0,204.0,0.0,0.0,6.0,204.0,-20.0,20.0,3.0,15.0,3.0,33.0,7.0,125.0,551.0,4182.0,550.0,4155.0,10218.0,0.0,33.0,1.0,23.0,4.0,0.0,0.0,4.0,17.0,371.0,534.0,3811.0,46.0,327.0,46.0,0.0,0.0,320.0,0.0,0.0,46.0,320.0,0.0,0.0,0.0,7.0,0.0,0.0,0.0,7.0,0.0,0.0,2016,JAN,10.0,126.0,4.0,28.0,-1.0,4337.0,396.0,210.0,0.0,0.0,210.0,0.0,132.0,4733.0,4705.0,24.0,4.0,388.0,4345.0,373.0,366.0,0.0,0.0,366.0,7.0,0.0,0.0,7.0,0.0,4338.0,18.0,36.0,1.0,2016-01-01
Trinity,17.0,20.0,-3.0,94.0,111.0,67.0,47.0,0.0,3.0,0.0,19.0,0.0,1.0,0.0,1.0,44.0,67.0,894.0,67.0,895.0,0.0,-1.0,1.0,74.0,0.0,0.0,0.0,47.0,0.0,0.0,0.0,47.0,0.0,0.0,0.0,1.0,0.0,9.0,1.0,17.0,68.0,968.0,68.0,968.0,1811.0,0.0,0.0,0.0,0.0,0.0,0.0,0.0,0.0,4.0,93.0,64.0,875.0,7.0,57.0,7.0,0.0,0.0,56.0,0.0,0.0,7.0,56.0,0.0,0.0,0.0,1.0,0.0,0.0,0.0,1.0,0.0,0.0,2016,JAN,3.0,19.0,1.0,1.0,-1.0,961.0,75.0,47.0,0.0,0.0,47.0,0.0,18.0,1036.0,1036.0,0.0,0.0,97.0,939.0,64.0,63.0,0.0,0.0,63.0,1.0,0.0,0.0,1.0,0.0,962.0,1.0,9.0,1.0,2016-01-01
Tulare,7355.0,7355.0,0.0,3087.0,10442.0,3069.0,2408.0,6.0,74.0,3.0,588.0,0.0,81.0,0.0,70.0,7373.0,8597.0,44990.0,8494.0,44571.0,103.0,419.0,366.0,4017.0,177.0,1.0,0.0,2164.0,61.0,5.0,178.0,2230.0,55.0,-55.0,10.0,51.0,50.0,437.0,73.0,1354.0,8963.0,49007.0,8888.0,48011.0,126902.0,335.0,986.0,71.0,794.0,253.0,10.0,4.0,202.0,782.0,5173.0,8181.0,43834.0,548.0,2508.0,539.0,5.0,0.0,2398.0,47.0,6.0,544.0,2451.0,4.0,0.0,0.0,56.0,1.0,0.0,4.0,57.0,0.0,0.0,2016,JAN,80.0,591.0,81.0,70.0,522.0,53587.0,4383.0,2341.0,62.0,5.0,2408.0,0.0,1427.0,57970.0,56899.0,865.0,206.0,5955.0,52015.0,3056.0,2937.0,52.0,6.0,2995.0,60.0,1.0,0.0,61.0,0.0,53065.0,61.0,487.0,1.0,2016-01-01
Tuolumne,72.0,85.0,-13.0,283.0,355.0,251.0,153.0,1.0,0.0,0.0,86.0,0.0,2.0,0.0,12.0,104.0,308.0,2667.0,308.0,2667.0,0.0,0.0,25.0,252.0,10.0,0.0,0.0,142.0,1.0,0.0,10.0,143.0,2.0,-2.0,1.0,14.0,5.0,22.0,7.0,75.0,333.0,2919.0,332.0,2909.0,5682.0,2.0,9.0,1.0,8.0,3.0,0.0,0.0,2.0,15.0,256.0,318.0,2663.0,31.0,232.0,29.0,1.0,0.0,228.0,1.0,0.0,30.0,229.0,1.0,0.0,0.0,3.0,0.0,0.0,1.0,3.0,0.0,0.0,2016,JAN,1.0,86.0,2.0,12.0,0.0,2975.0,277.0,152.0,1.0,0.0,153.0,0.0,82.0,3252.0,3241.0,9.0,2.0,271.0,2981.0,263.0,257.0,2.0,0.0,259.0,4.0,0.0,0.0,4.0,0.0,2975.0,15.0,27.0,1.0,2016-01-01
Ventura,4171.0,4171.0,0.0,2784.0,6955.0,2362.0,1649.0,4.0,36.0,0.0,604.0,0.0,59.0,0.0,109.0,4593.0,3050.0,31909.0,3044.0,31688.0,6.0,221.0,92.0,2844.0,74.0,1.0,0.0,1546.0,16.0,12.0,75.0,1574.0,-72.0,72.0,0.0,0.0,0.0,0.0,89.0,1198.0,3142.0,34753.0,3116.0,34228.0,77221.0,39.0,412.0,26.0,331.0,246.0,0.0,0.0,194.0,158.0,3036.0,2984.0,31717.0,203.0,1467.0,198.0,2.0,0.0,1391.0,14.0,5.0,200.0,1410.0,3.0,0.0,0.0,55.0,2.0,0.0,3.0,57.0,0.0,0.0,2016,JAN,40.0,604.0,59.0,109.0,227.0,34959.0,2936.0,1620.0,17.0,12.0,1649.0,0.0,1287.0,37895.0,37344.0,357.0,194.0,3194.0,34701.0,1670.0,1589.0,16.0,5.0,1610.0,58.0,2.0,0.0,60.0,0.0,34732.0,0.0,0.0,1.0,2016-01-01
Yolo,202.0,202.0,0.0,758.0,960.0,627.0,457.0,9.0,20.0,0.0,156.0,0.0,30.0,0.0,14.0,333.0,1002.0,8971.0,1009.0,8913.0,-7.0,58.0,62.0,797.0,19.0,2.0,0.0,427.0,7.0,2.0,21.0,436.0,-22.0,22.0,3.0,16.0,0.0,1.0,60.0,322.0,1064.0,9768.0,1011.0,9531.0,21069.0,17.0,316.0,53.0,170.0,89.0,0.0,0.0,67.0,60.0,815.0,1004.0,8953.0,67.0,624.0,62.0,4.0,0.0,518.0,10.0,4.0,66.0,532.0,1.0,0.0,0.0,91.0,1.0,0.0,1.0,92.0,0.0,0.0,2016,JAN,29.0,156.0,30.0,14.0,51.0,9973.0,859.0,446.0,9.0,2.0,457.0,0.0,382.0,10832.0,10542.0,223.0,67.0,875.0,9957.0,691.0,580.0,14.0,4.0,598.0,92.0,1.0,0.0,93.0,0.0,9922.0,19.0,1.0,1.0,2016-01-01
Yuba,93.0,93.0,0.0,507.0,600.0,440.0,257.0,0.0,0.0,0.0,177.0,0.0,1.0,0.0,6.0,160.0,853.0,5045.0,853.0,5045.0,0.0,0.0,26.0,479.0,10.0,0.0,0.0,246.0,0.0,1.0,10.0,247.0,-1.0,1.0,3.0,17.0,0.0,32.0,14.0,182.0,879.0,5524.0,876.0,5488.0,13647.0,1.0,41.0,3.0,28.0,9.0,0.0,0.0,8.0,44.0,447.0,835.0,5077.0,66.0,487.0,64.0,0.0,0.0,468.0,0.0,0.0,64.0,468.0,2.0,0.0,0.0,19.0,0.0,0.0,2.0,19.0,0.0,0.0,2016,JAN,0.0,177.0,1.0,6.0,0.0,5898.0,505.0,256.0,0.0,1.0,257.0,0.0,196.0,6403.0,6364.0,31.0,8.0,491.0,5912.0,553.0,532.0,0.0,0.0,532.0,21.0,0.0,0.0,21.0,0.0,5898.0,20.0,32.0,1.0,2016-01-01
