county,fulldate,year,quarter,month,am_indian_alaskan_nat_pa,am_indian_alaskan_nat_na,am_indian_alaskan_nat_tot,tot_asian_pa,tot_asian_na,tot_asian_tot,asian_indian_pa,asian_indian_na,asian_indian_tot,cambodian_pa,cambodian_na,cambodian_tot,chinese_pa,chinese_na,chinese_tot,japanese_pa,japanese_na,japanese_tot,filipino_pa,filipino_na,filipino_tot,korean_pa,korean_na,korean_tot,laotian_pa,laotian_na,laotian_tot,vietnamese_pa,vietnamese_na,vietnamese_tot,other_asian_pa,other_asian_na,other_asian_tot,more_than_one_asian_pa,more_than_one_asian_na,more_than_one_asian_tot,black_pa,black_na,black_tot,tot_hawaiian_or_other_pa,tot_hawaiian_or_other_na,tot_hawaiian_or_other_tot,hawaiian_pa,hawaiian_na,hawaiian_tot,guamanian_pa,guamanian_na,guamanian_tot,samoan_pa,samoan_na,samoan_tot,other_pac_island_pa,other_pac_island_na,other_pac_island_tot,more_than_one_hawaiian_pac_island_pa,more_than_one_hawaiian_pac_island_na,more_than_one_hawaiian_pac_island_tot,white_pa,white_na,white_tot,two_races_am_indian_alaska_nat_white_pa,two_races_am_indian_alaska_nat_white_na,two_races_am_indian_alaska_nat_white_tot,two_races_asian_white_pa,two_races_asian_white_na,two_races_asian_white_tot,two_races_black_white_pa,two_races_black_white_na,two_races_black_white_tot,two_races_am_indian_alaska_nat_black_pa,two_races_am_indian_alaska_nat_black_na,two_races_am_indian_alaska_nat_black_tot,reported_races_not_incl_pa,reported_races_not_incl_na,reported_races_not_incl_tot,nonreporting_worker_undecided_pa,nonreporting_worker_undecided_na,nonreporting_worker_undecided_tot,total_pa,total_na,total_tot,hispanic_am_indian_alaska_nat_pa,hispanic_am_indian_alaska_nat_na,hispanic_am_indian_alaska_nat_tot,hispanic_tot_asian_pa,hispanic_tot_asian_na,hispanic_tot_asian_tot,hispanic_asian_indian_pa,hispanic_asian_indian_na,hispanic_asian_indian_tot,hispanic_cambodian_pa,hispanic_cambodian_na,hispanic_cambodian_tot,hispanic_chinese_pa,hispanic_chinese_na,hispanic_chinese_tot,hispanic_japanese_pa,hispanic_japanese_na,hispanic_japanese_tot,hispanic_filipino_pa,hispanic_filipino_na,hispanic_filipino_tot,hispanic_korean_pa,hispanic_korean_na,hispanic_korean_tot,hispanic_laotian_pa,hispanic_laotian_na,hispanic_laotian_tot,hispanic_vietnamese_pa,hispanic_vietnamese_na,hispanic_vietnamese_tot,hispanic_other_asian_pa,hispanic_other_asian_na,hispanic_other_asian_tot,hispanic_more_than_one_asian_pa,hispanic_more_than_one_asian_na,hispanic_more_than_one_asian_tot,hispanic_black_pa,hispanic_black_na,hispanic_black_tot,hispanic_tot_hawaiian_other_pac_island_pa,hispanic_tot_hawaiian_other_pac_island_na,hispanic_tot_hawaiian_other_pac_island_tot,hispanic_hawaiian_pa,hispanic_hawaiian_na,hispanic_hawaiian_tot,hispanic_guamanian_pa,hispanic_guamanian_na,hispanic_guamanian_tot,hispanic_samoan_pa,hispanic_samoan_na,hispanic_samoan_tot,hispanic_other_pac_island_pa,hispanic_other_pac_island_na,hispanic_other_pac_island_tot,hispanic_more_than_one_hawaiian_pac_island_pa,hispanic_more_than_one_hawaiian_pac_island_na,hispanic_more_than_one_hawaiian_pac_island_tot,hispanic_white_pa,hispanic_white_na,hispanic_white_tot,hispanic_two_races_am_indian_alaska_nat_white_pa,hispanic_two_races_am_indian_alaska_nat_white_na,hispanic_two_races_am_indian_alaska_nat_white_tot,hispanic_two_races_asian_white_pa,hispanic_two_races_asian_white_na,hispanic_two_races_asian_white_tot,hispanic_two_races_black_white_pa,hispanic_two_races_black_white_na,hispanic_two_races_black_white_tot,hispanic_two_races_am_indian_alaska_nat_black_pa,hispanic_two_races_am_indian_alaska_nat_black_na,hispanic_two_races_am_indian_alaska_nat_black_tot,hispanic_reported_races_not_incl_pa,hispanic_reported_races_not_incl_na,hispanic_reported_races_not_incl_tot,hispanic_nonreporting_worker_undecided_pa,hispanic_nonreporting_worker_undecided_na,hispanic_nonreporting_worker_undecided_tot,hispanic_tot_pa,hispanic_tot_na,hispanic_tot_tot,year,quarter
Alameda,2017-07-01,2017,3.0,JUL,49.0,209.0,258.0,379.0,8059.0,8438.0,34.0,604.0,638.0,24.0,225.0,249.0,54.0,2867.0,2921.0,3.0,55.0,58.0,51.0,1230.0,1281.0,10.0,163.0,173.0,7.0,80.0,87.0,38.0,1464.0,1502.0,158.0,1371.0,1529.0,0.0,0.0,0.0,2050.0,17495.0,19545.0,43.0,475.0,518.0,3.0,57.0,60.0,2.0,23.0,25.0,14.0,100.0,114.0,24.0,295.0,319.0,0.0,0.0,0.0,795.0,13400.0,14195.0,0.0,0.0,0.0,0.0,6.0,6.0,0.0,0.0,0.0,0.0,0.0,0.0,1813.0,12467.0,14280.0,0.0,0.0,0.0,5129.0,52111.0,57240.0,0.0,0.0,0.0,2.0,8.0,10.0,0.0,2.0,2.0,0.0,2.0,2.0,0.0,0.0,0.0,0.0,0.0,0.0,0.0,0.0,0.0,0.0,0.0,0.0,2.0,1.0,3.0,0.0,0.0,0.0,0.0,3.0,3.0,0.0,0.0,0.0,0.0,9.0,9.0,1.0,11.0,12.0,0.0,6.0,6.0,1.0,4.0,5.0,0.0,0.0,0.0,0.0,1.0,1.0,0.0,0.0,0.0,22.0,385.0,407.0,0.0,0.0,0.0,0.0,0.0,0.0,0.0,0.0,0.0,0.0,0.0,0.0,1200.0,7334.0,8534.0,0.0,0.0,0.0,1225.0,7747.0,8972.0,4034,6.0
Alpine,2017-07-01,2017,3.0,JUL,1.0,43.0,44.0,0.0,0.0,0.0,0.0,0.0,0.0,0.0,0.0,0.0,0.0,0.0,0.0,0.0,0.0,0.0,0.0,0.0,0.0,0.0,0.0,0.0,0.0,0.0,0.0,0.0,0.0,0.0,0.0,0.0,0.0,0.0,0.0,0.0,0.0,1.0,1.0,0.0,0.0,0.0,0.0,0.0,0.0,0.0,0.0,0.0,0.0,0.0,0.0,0.0,0.0,0.0,0.0,0.0,0.0,0.0,28.0,28.0,0.0,0.0,0.0,0.0,0.0,0.0,0.0,0.0,0.0,0.0,0.0,0.0,0.0,1.0,1.0,0.0,2.0,2.0,1.0,75.0,76.0,0.0,1.0,1.0,0.0,0.0,0.0,0.0,0.0,0.0,0.0,0.0,0.0,0.0,0.0,0.0,0.0,0.0,0.0,0.0,0.0,0.0,0.0,0.0,0.0,0.0,0.0,0.0,0.0,0.0,0.0,0.0,0.0,0.0,0.0,0.0,0.0,0.0,0.0,0.0,0.0,0.0,0.0,0.0,0.0,0.0,0.0,0.0,0.0,0.0,0.0,0.0,0.0,0.0,0.0,0.0,0.0,0.0,0.0,0.0,0.0,0.0,0.0,0.0,0.0,0.0,0.0,0.0,0.0,0.0,0.0,0.0,0.0,0.0,1.0,1.0,0.0,1.0,1.0,0.0,3.0,3.0,4034,6.0
Amador,2017-07-01,2017,3.0,JUL,3.0,25.0,28.0,1.0,8.0,9.0,0.0,0.0,0.0,0.0,0.0,0.0,0.0,2.0,2.0,0.0,2.0,2.0,0.0,2.0,2.0,0.0,0.0,0.0,0.0,2.0,2.0,0.0,0.0,0.0,0.0,0.0,0.0,1.0,0.0,1.0,2.0,13.0,15.0,0.0,2.0,2.0,0.0,1.0,1.0,0.0,1.0,1.0,0.0,0.0,0.0,0.0,0.0,0.0,0.0,0.0,0.0,87.0,1343.0,1430.0,6.0,23.0,29.0,0.0,7.0,7.0,0.0,3.0,3.0,0.0,0.0,0.0,14.0,58.0,72.0,5.0,49.0,54.0,118.0,1531.0,1649.0,0.0,1.0,1.0,0.0,2.0,2.0,0.0,0.0,0.0,0.0,0.0,0.0,0.0,0.0,0.0,0.0,1.0,1.0,0.0,1.0,1.0,0.0,0.0,0.0,0.0,0.0,0.0,0.0,0.0,0.0,0.0,0.0,0.0,0.0,0.0,0.0,0.0,0.0,0.0,0.0,0.0,0.0,0.0,0.0,0.0,0.0,0.0,0.0,0.0,0.0,0.0,0.0,0.0,0.0,0.0,0.0,0.0,7.0,47.0,54.0,1.0,3.0,4.0,0.0,1.0,1.0,0.0,2.0,2.0,0.0,0.0,0.0,11.0,49.0,60.0,2.0,17.0,19.0,21.0,122.0,143.0,4034,6.0
Butte,2017-07-01,2017,3.0,JUL,38.0,325.0,363.0,57.0,655.0,712.0,1.0,27.0,28.0,1.0,6.0,7.0,0.0,17.0,17.0,1.0,5.0,6.0,3.0,55.0,58.0,0.0,7.0,7.0,11.0,159.0,170.0,0.0,20.0,20.0,33.0,308.0,341.0,7.0,51.0,58.0,65.0,584.0,649.0,5.0,34.0,39.0,0.0,14.0,14.0,2.0,2.0,4.0,3.0,13.0,16.0,0.0,4.0,4.0,0.0,1.0,1.0,1106.0,10604.0,11710.0,42.0,325.0,367.0,4.0,73.0,77.0,15.0,75.0,90.0,2.0,16.0,18.0,119.0,1616.0,1735.0,80.0,811.0,891.0,1533.0,15118.0,16651.0,3.0,58.0,61.0,1.0,13.0,14.0,0.0,3.0,3.0,0.0,1.0,1.0,0.0,0.0,0.0,0.0,1.0,1.0,1.0,7.0,8.0,0.0,0.0,0.0,0.0,0.0,0.0,0.0,0.0,0.0,0.0,1.0,1.0,0.0,0.0,0.0,1.0,26.0,27.0,1.0,2.0,3.0,0.0,0.0,0.0,0.0,0.0,0.0,1.0,1.0,2.0,0.0,1.0,1.0,0.0,0.0,0.0,77.0,596.0,673.0,4.0,38.0,42.0,2.0,12.0,14.0,1.0,7.0,8.0,0.0,0.0,0.0,103.0,1434.0,1537.0,61.0,323.0,384.0,254.0,2509.0,2763.0,4034,6.0
Calaveras,2017-07-01,2017,3.0,JUL,4.0,58.0,62.0,0.0,27.0,27.0,0.0,3.0,3.0,0.0,0.0,0.0,0.0,2.0,2.0,0.0,2.0,2.0,0.0,12.0,12.0,0.0,1.0,1.0,0.0,2.0,2.0,0.0,2.0,2.0,0.0,3.0,3.0,0.0,0.0,0.0,2.0,29.0,31.0,1.0,4.0,5.0,0.0,2.0,2.0,0.0,1.0,1.0,0.0,0.0,0.0,0.0,1.0,1.0,1.0,0.0,1.0,165.0,2246.0,2411.0,2.0,30.0,32.0,0.0,7.0,7.0,0.0,6.0,6.0,0.0,0.0,0.0,13.0,111.0,124.0,5.0,75.0,80.0,192.0,2593.0,2785.0,1.0,8.0,9.0,0.0,0.0,0.0,0.0,0.0,0.0,0.0,0.0,0.0,0.0,0.0,0.0,0.0,0.0,0.0,0.0,0.0,0.0,0.0,0.0,0.0,0.0,0.0,0.0,0.0,0.0,0.0,0.0,0.0,0.0,0.0,0.0,0.0,0.0,1.0,1.0,0.0,1.0,1.0,0.0,0.0,0.0,0.0,0.0,0.0,0.0,0.0,0.0,0.0,1.0,1.0,0.0,0.0,0.0,4.0,87.0,91.0,0.0,4.0,4.0,0.0,1.0,1.0,0.0,1.0,1.0,0.0,0.0,0.0,13.0,100.0,113.0,4.0,38.0,42.0,22.0,241.0,263.0,4034,6.0
California,2017-07-01,2017,3.0,JUL,2079.0,15458.0,17537.0,6598.0,106683.0,113281.0,569.0,6538.0,7107.0,696.0,5387.0,6083.0,541.0,17178.0,17719.0,119.0,1653.0,1772.0,1518.0,24025.0,25543.0,277.0,4945.0,5222.0,468.0,4655.0,5123.0,962.0,28073.0,29035.0,1317.0,12924.0,14241.0,131.0,1305.0,1436.0,36829.0,238522.0,275351.0,1348.0,11611.0,12959.0,172.0,1794.0,1966.0,90.0,922.0,1012.0,379.0,2672.0,3051.0,693.0,6131.0,6824.0,14.0,92.0,106.0,90005.0,744114.0,834119.0,1022.0,6556.0,7578.0,481.0,3493.0,3974.0,970.0,4945.0,5915.0,157.0,919.0,1076.0,69736.0,365929.0,435665.0,31571.0,232659.0,264230.0,240796.0,1730889.0,1971685.0,632.0,3851.0,4483.0,271.0,2018.0,2289.0,70.0,387.0,457.0,15.0,84.0,99.0,11.0,64.0,75.0,12.0,118.0,130.0,98.0,822.0,920.0,4.0,46.0,50.0,25.0,188.0,213.0,6.0,71.0,77.0,28.0,204.0,232.0,2.0,34.0,36.0,694.0,3506.0,4200.0,92.0,724.0,816.0,27.0,252.0,279.0,19.0,142.0,161.0,17.0,127.0,144.0,28.0,194.0,222.0,1.0,9.0,10.0,41459.0,239494.0,280953.0,484.0,1940.0,2424.0,164.0,916.0,1080.0,249.0,1143.0,1392.0,27.0,89.0,116.0,65410.0,334416.0,399826.0,25798.0,177017.0,202815.0,135280.0,765114.0,900394.0,4034,6.0
Colusa,2017-07-01,2017,3.0,JUL,2.0,7.0,9.0,0.0,8.0,8.0,0.0,2.0,2.0,0.0,0.0,0.0,0.0,1.0,1.0,0.0,0.0,0.0,0.0,2.0,2.0,0.0,0.0,0.0,0.0,1.0,1.0,0.0,0.0,0.0,0.0,2.0,2.0,0.0,0.0,0.0,1.0,13.0,14.0,0.0,2.0,2.0,0.0,0.0,0.0,0.0,1.0,1.0,0.0,0.0,0.0,0.0,1.0,1.0,0.0,0.0,0.0,51.0,352.0,403.0,1.0,10.0,11.0,0.0,3.0,3.0,2.0,0.0,2.0,0.0,0.0,0.0,21.0,150.0,171.0,3.0,61.0,64.0,81.0,606.0,687.0,0.0,1.0,1.0,0.0,2.0,2.0,0.0,1.0,1.0,0.0,0.0,0.0,0.0,1.0,1.0,0.0,0.0,0.0,0.0,0.0,0.0,0.0,0.0,0.0,0.0,0.0,0.0,0.0,0.0,0.0,0.0,0.0,0.0,0.0,0.0,0.0,0.0,1.0,1.0,0.0,0.0,0.0,0.0,0.0,0.0,0.0,0.0,0.0,0.0,0.0,0.0,0.0,0.0,0.0,0.0,0.0,0.0,24.0,92.0,116.0,0.0,4.0,4.0,0.0,1.0,1.0,1.0,0.0,1.0,0.0,0.0,0.0,21.0,146.0,167.0,2.0,32.0,34.0,48.0,279.0,327.0,4034,6.0
Contra Costa,2017-07-01,2017,3.0,JUL,24.0,128.0,152.0,117.0,1671.0,1788.0,14.0,183.0,197.0,2.0,27.0,29.0,9.0,200.0,209.0,0.0,32.0,32.0,41.0,689.0,730.0,7.0,47.0,54.0,9.0,97.0,106.0,9.0,164.0,173.0,25.0,219.0,244.0,1.0,13.0,14.0,1123.0,7600.0,8723.0,4.0,103.0,107.0,2.0,63.0,65.0,1.0,23.0,24.0,0.0,4.0,4.0,0.0,8.0,8.0,1.0,5.0,6.0,632.0,7425.0,8057.0,5.0,48.0,53.0,4.0,39.0,43.0,7.0,61.0,68.0,8.0,31.0,39.0,153.0,809.0,962.0,1634.0,9616.0,11250.0,3711.0,27531.0,31242.0,8.0,27.0,35.0,1.0,24.0,25.0,0.0,0.0,0.0,0.0,1.0,1.0,0.0,1.0,1.0,0.0,1.0,1.0,1.0,15.0,16.0,0.0,1.0,1.0,0.0,1.0,1.0,0.0,0.0,0.0,0.0,3.0,3.0,0.0,1.0,1.0,12.0,83.0,95.0,0.0,13.0,13.0,0.0,10.0,10.0,0.0,3.0,3.0,0.0,0.0,0.0,0.0,0.0,0.0,0.0,0.0,0.0,3.0,1.0,4.0,0.0,2.0,2.0,0.0,4.0,4.0,0.0,3.0,3.0,3.0,1.0,4.0,115.0,588.0,703.0,1372.0,6828.0,8200.0,1514.0,7574.0,9088.0,4034,6.0
Del Norte,2017-07-01,2017,3.0,JUL,39.0,236.0,275.0,26.0,82.0,108.0,1.0,6.0,7.0,0.0,0.0,0.0,0.0,4.0,4.0,0.0,2.0,2.0,3.0,4.0,7.0,0.0,0.0,0.0,6.0,18.0,24.0,0.0,1.0,1.0,15.0,44.0,59.0,1.0,3.0,4.0,5.0,13.0,18.0,0.0,8.0,8.0,0.0,4.0,4.0,0.0,0.0,0.0,0.0,3.0,3.0,0.0,1.0,1.0,0.0,0.0,0.0,243.0,1633.0,1876.0,14.0,69.0,83.0,0.0,5.0,5.0,0.0,4.0,4.0,0.0,0.0,0.0,14.0,69.0,83.0,17.0,87.0,104.0,358.0,2206.0,2564.0,1.0,13.0,14.0,2.0,0.0,2.0,1.0,0.0,1.0,0.0,0.0,0.0,0.0,0.0,0.0,0.0,0.0,0.0,1.0,0.0,1.0,0.0,0.0,0.0,0.0,0.0,0.0,0.0,0.0,0.0,0.0,0.0,0.0,0.0,0.0,0.0,0.0,1.0,1.0,0.0,2.0,2.0,0.0,0.0,0.0,0.0,0.0,0.0,0.0,2.0,2.0,0.0,0.0,0.0,0.0,0.0,0.0,8.0,79.0,87.0,1.0,4.0,5.0,0.0,1.0,1.0,0.0,0.0,0.0,0.0,0.0,0.0,11.0,52.0,63.0,7.0,28.0,35.0,30.0,180.0,210.0,4034,6.0
El Dorado,2017-07-01,2017,3.0,JUL,7.0,65.0,72.0,6.0,98.0,104.0,2.0,11.0,13.0,0.0,3.0,3.0,0.0,7.0,7.0,0.0,5.0,5.0,4.0,50.0,54.0,0.0,3.0,3.0,0.0,1.0,1.0,0.0,8.0,8.0,0.0,6.0,6.0,0.0,4.0,4.0,10.0,81.0,91.0,1.0,11.0,12.0,1.0,7.0,8.0,0.0,2.0,2.0,0.0,0.0,0.0,0.0,2.0,2.0,0.0,0.0,0.0,385.0,4861.0,5246.0,8.0,66.0,74.0,0.0,28.0,28.0,2.0,13.0,15.0,0.0,0.0,0.0,40.0,379.0,419.0,45.0,711.0,756.0,504.0,6313.0,6817.0,1.0,9.0,10.0,3.0,5.0,8.0,1.0,1.0,2.0,0.0,1.0,1.0,0.0,0.0,0.0,0.0,0.0,0.0,2.0,2.0,4.0,0.0,0.0,0.0,0.0,0.0,0.0,0.0,0.0,0.0,0.0,1.0,1.0,0.0,0.0,0.0,0.0,3.0,3.0,0.0,1.0,1.0,0.0,0.0,0.0,0.0,1.0,1.0,0.0,0.0,0.0,0.0,0.0,0.0,0.0,0.0,0.0,20.0,196.0,216.0,1.0,6.0,7.0,0.0,2.0,2.0,0.0,4.0,4.0,0.0,0.0,0.0,32.0,307.0,339.0,22.0,222.0,244.0,79.0,755.0,834.0,4034,6.0
Fresno,2017-07-01,2017,3.0,JUL,164.0,712.0,876.0,544.0,5161.0,5705.0,26.0,306.0,332.0,75.0,503.0,578.0,6.0,90.0,96.0,2.0,54.0,56.0,21.0,306.0,327.0,1.0,33.0,34.0,94.0,944.0,1038.0,10.0,154.0,164.0,309.0,2771.0,3080.0,0.0,0.0,0.0,1294.0,6775.0,8069.0,21.0,185.0,206.0,9.0,71.0,80.0,3.0,17.0,20.0,2.0,39.0,41.0,7.0,58.0,65.0,0.0,0.0,0.0,1880.0,15973.0,17853.0,0.0,0.0,0.0,0.0,0.0,0.0,0.0,0.0,0.0,0.0,0.0,0.0,6689.0,38477.0,45166.0,745.0,9366.0,10111.0,11337.0,76649.0,87986.0,0.0,0.0,0.0,0.0,0.0,0.0,0.0,0.0,0.0,0.0,0.0,0.0,0.0,0.0,0.0,0.0,0.0,0.0,0.0,0.0,0.0,0.0,0.0,0.0,0.0,0.0,0.0,0.0,0.0,0.0,0.0,0.0,0.0,0.0,0.0,0.0,0.0,0.0,0.0,0.0,0.0,0.0,0.0,0.0,0.0,0.0,0.0,0.0,0.0,0.0,0.0,0.0,0.0,0.0,0.0,0.0,0.0,0.0,0.0,0.0,0.0,0.0,0.0,0.0,0.0,0.0,0.0,0.0,0.0,0.0,0.0,0.0,6689.0,38477.0,45166.0,0.0,0.0,0.0,6689.0,38477.0,45166.0,4034,6.0
Glenn,2017-07-01,2017,3.0,JUL,7.0,38.0,45.0,5.0,57.0,62.0,0.0,2.0,2.0,0.0,1.0,1.0,0.0,1.0,1.0,0.0,0.0,0.0,0.0,2.0,2.0,1.0,0.0,1.0,4.0,38.0,42.0,0.0,1.0,1.0,0.0,10.0,10.0,0.0,2.0,2.0,4.0,18.0,22.0,0.0,1.0,1.0,0.0,0.0,0.0,0.0,0.0,0.0,0.0,1.0,1.0,0.0,0.0,0.0,0.0,0.0,0.0,118.0,813.0,931.0,2.0,13.0,15.0,0.0,3.0,3.0,0.0,4.0,4.0,0.0,1.0,1.0,45.0,302.0,347.0,10.0,36.0,46.0,191.0,1286.0,1477.0,1.0,5.0,6.0,0.0,0.0,0.0,0.0,0.0,0.0,0.0,0.0,0.0,0.0,0.0,0.0,0.0,0.0,0.0,0.0,0.0,0.0,0.0,0.0,0.0,0.0,0.0,0.0,0.0,0.0,0.0,0.0,0.0,0.0,0.0,0.0,0.0,0.0,2.0,2.0,0.0,0.0,0.0,0.0,0.0,0.0,0.0,0.0,0.0,0.0,0.0,0.0,0.0,0.0,0.0,0.0,0.0,0.0,14.0,109.0,123.0,0.0,1.0,1.0,0.0,0.0,0.0,0.0,0.0,0.0,0.0,1.0,1.0,45.0,290.0,335.0,5.0,25.0,30.0,65.0,433.0,498.0,4034,6.0
Humboldt,2017-07-01,2017,3.0,JUL,132.0,972.0,1104.0,26.0,313.0,339.0,1.0,11.0,12.0,0.0,4.0,4.0,1.0,11.0,12.0,0.0,7.0,7.0,1.0,45.0,46.0,1.0,10.0,11.0,6.0,65.0,71.0,0.0,9.0,9.0,16.0,133.0,149.0,0.0,18.0,18.0,26.0,308.0,334.0,2.0,35.0,37.0,1.0,18.0,19.0,0.0,2.0,2.0,0.0,9.0,9.0,1.0,5.0,6.0,0.0,1.0,1.0,497.0,7013.0,7510.0,39.0,406.0,445.0,4.0,48.0,52.0,6.0,50.0,56.0,3.0,13.0,16.0,74.0,1032.0,1106.0,24.0,991.0,1015.0,833.0,11181.0,12014.0,4.0,53.0,57.0,0.0,13.0,13.0,0.0,3.0,3.0,0.0,0.0,0.0,0.0,1.0,1.0,0.0,1.0,1.0,0.0,5.0,5.0,0.0,1.0,1.0,0.0,0.0,0.0,0.0,0.0,0.0,0.0,2.0,2.0,0.0,0.0,0.0,2.0,15.0,17.0,0.0,5.0,5.0,0.0,0.0,0.0,0.0,1.0,1.0,0.0,3.0,3.0,0.0,1.0,1.0,0.0,0.0,0.0,24.0,269.0,293.0,2.0,27.0,29.0,0.0,1.0,1.0,0.0,3.0,3.0,0.0,1.0,1.0,64.0,873.0,937.0,14.0,155.0,169.0,110.0,1415.0,1525.0,4034,6.0
Imperial,2017-07-01,2017,3.0,JUL,34.0,169.0,203.0,1.0,81.0,82.0,0.0,13.0,13.0,0.0,2.0,2.0,0.0,10.0,10.0,0.0,4.0,4.0,1.0,34.0,35.0,0.0,4.0,4.0,0.0,1.0,1.0,0.0,5.0,5.0,0.0,7.0,7.0,0.0,1.0,1.0,42.0,261.0,303.0,3.0,11.0,14.0,2.0,1.0,3.0,0.0,3.0,3.0,0.0,7.0,7.0,1.0,0.0,1.0,0.0,0.0,0.0,1204.0,7818.0,9022.0,3.0,28.0,31.0,7.0,27.0,34.0,3.0,16.0,19.0,1.0,2.0,3.0,766.0,5950.0,6716.0,149.0,615.0,764.0,2213.0,14978.0,17191.0,2.0,18.0,20.0,1.0,22.0,23.0,0.0,4.0,4.0,0.0,2.0,2.0,0.0,2.0,2.0,0.0,2.0,2.0,1.0,11.0,12.0,0.0,0.0,0.0,0.0,1.0,1.0,0.0,0.0,0.0,0.0,0.0,0.0,0.0,0.0,0.0,2.0,19.0,21.0,1.0,7.0,8.0,0.0,0.0,0.0,0.0,2.0,2.0,0.0,5.0,5.0,1.0,0.0,1.0,0.0,0.0,0.0,1061.0,6544.0,7605.0,1.0,14.0,15.0,6.0,17.0,23.0,1.0,7.0,8.0,0.0,0.0,0.0,761.0,5928.0,6689.0,66.0,317.0,383.0,1902.0,12893.0,14795.0,4034,6.0
Inyo,2017-07-01,2017,3.0,JUL,34.0,242.0,276.0,0.0,5.0,5.0,0.0,1.0,1.0,0.0,0.0,0.0,0.0,0.0,0.0,0.0,0.0,0.0,0.0,3.0,3.0,0.0,0.0,0.0,0.0,0.0,0.0,0.0,1.0,1.0,0.0,0.0,0.0,0.0,0.0,0.0,0.0,7.0,7.0,0.0,2.0,2.0,0.0,2.0,2.0,0.0,0.0,0.0,0.0,0.0,0.0,0.0,0.0,0.0,0.0,0.0,0.0,30.0,521.0,551.0,3.0,21.0,24.0,1.0,1.0,2.0,0.0,1.0,1.0,0.0,0.0,0.0,7.0,93.0,100.0,2.0,42.0,44.0,77.0,935.0,1012.0,1.0,8.0,9.0,0.0,0.0,0.0,0.0,0.0,0.0,0.0,0.0,0.0,0.0,0.0,0.0,0.0,0.0,0.0,0.0,0.0,0.0,0.0,0.0,0.0,0.0,0.0,0.0,0.0,0.0,0.0,0.0,0.0,0.0,0.0,0.0,0.0,0.0,1.0,1.0,0.0,0.0,0.0,0.0,0.0,0.0,0.0,0.0,0.0,0.0,0.0,0.0,0.0,0.0,0.0,0.0,0.0,0.0,7.0,29.0,36.0,1.0,1.0,2.0,0.0,0.0,0.0,0.0,0.0,0.0,0.0,0.0,0.0,7.0,88.0,95.0,2.0,31.0,33.0,18.0,158.0,176.0,4034,6.0
Kern,2017-07-01,2017,3.0,JUL,59.0,438.0,497.0,125.0,1465.0,1590.0,56.0,449.0,505.0,14.0,79.0,93.0,2.0,24.0,26.0,1.0,20.0,21.0,32.0,580.0,612.0,0.0,29.0,29.0,2.0,27.0,29.0,2.0,31.0,33.0,12.0,182.0,194.0,4.0,44.0,48.0,1442.0,6330.0,7772.0,15.0,92.0,107.0,2.0,23.0,25.0,2.0,22.0,24.0,8.0,30.0,38.0,3.0,13.0,16.0,0.0,4.0,4.0,3905.0,28962.0,32867.0,36.0,290.0,326.0,30.0,178.0,208.0,42.0,214.0,256.0,5.0,32.0,37.0,2414.0,14123.0,16537.0,1290.0,7214.0,8504.0,9363.0,59338.0,68701.0,31.0,164.0,195.0,52.0,267.0,319.0,40.0,170.0,210.0,2.0,17.0,19.0,2.0,3.0,5.0,0.0,4.0,4.0,3.0,51.0,54.0,0.0,1.0,1.0,2.0,8.0,10.0,0.0,0.0,0.0,2.0,11.0,13.0,1.0,2.0,3.0,34.0,160.0,194.0,4.0,22.0,26.0,0.0,5.0,5.0,1.0,6.0,7.0,2.0,8.0,10.0,1.0,2.0,3.0,0.0,1.0,1.0,1669.0,10224.0,11893.0,12.0,82.0,94.0,13.0,63.0,76.0,3.0,34.0,37.0,1.0,8.0,9.0,2384.0,13711.0,16095.0,1216.0,6263.0,7479.0,5419.0,30998.0,36417.0,4034,6.0
Kings,2017-07-01,2017,3.0,JUL,7.0,84.0,91.0,29.0,241.0,270.0,4.0,54.0,58.0,1.0,9.0,10.0,2.0,4.0,6.0,0.0,6.0,6.0,17.0,125.0,142.0,0.0,1.0,1.0,2.0,12.0,14.0,0.0,5.0,5.0,3.0,22.0,25.0,0.0,3.0,3.0,101.0,707.0,808.0,1.0,13.0,14.0,0.0,6.0,6.0,1.0,1.0,2.0,0.0,6.0,6.0,0.0,0.0,0.0,0.0,0.0,0.0,572.0,3085.0,3657.0,4.0,23.0,27.0,3.0,25.0,28.0,4.0,23.0,27.0,1.0,5.0,6.0,384.0,2759.0,3143.0,314.0,2108.0,2422.0,1420.0,9073.0,10493.0,3.0,36.0,39.0,8.0,60.0,68.0,4.0,43.0,47.0,0.0,1.0,1.0,1.0,0.0,1.0,0.0,4.0,4.0,3.0,5.0,8.0,0.0,1.0,1.0,0.0,3.0,3.0,0.0,0.0,0.0,0.0,3.0,3.0,0.0,0.0,0.0,3.0,24.0,27.0,0.0,7.0,7.0,0.0,1.0,1.0,0.0,1.0,1.0,0.0,5.0,5.0,0.0,0.0,0.0,0.0,0.0,0.0,298.0,910.0,1208.0,0.0,7.0,7.0,2.0,4.0,6.0,2.0,2.0,4.0,1.0,4.0,5.0,377.0,2692.0,3069.0,277.0,1775.0,2052.0,971.0,5521.0,6492.0,4034,6.0
Lake,2017-07-01,2017,3.0,JUL,14.0,212.0,226.0,0.0,41.0,41.0,0.0,5.0,5.0,0.0,0.0,0.0,0.0,3.0,3.0,0.0,2.0,2.0,0.0,19.0,19.0,0.0,3.0,3.0,0.0,3.0,3.0,0.0,0.0,0.0,0.0,2.0,2.0,0.0,4.0,4.0,27.0,198.0,225.0,0.0,10.0,10.0,0.0,5.0,5.0,0.0,3.0,3.0,0.0,1.0,1.0,0.0,1.0,1.0,0.0,0.0,0.0,384.0,4405.0,4789.0,7.0,84.0,91.0,1.0,22.0,23.0,8.0,31.0,39.0,0.0,1.0,1.0,78.0,485.0,563.0,22.0,321.0,343.0,541.0,5810.0,6351.0,2.0,30.0,32.0,0.0,5.0,5.0,0.0,0.0,0.0,0.0,0.0,0.0,0.0,0.0,0.0,0.0,0.0,0.0,0.0,3.0,3.0,0.0,0.0,0.0,0.0,2.0,2.0,0.0,0.0,0.0,0.0,0.0,0.0,0.0,0.0,0.0,0.0,7.0,7.0,0.0,3.0,3.0,0.0,2.0,2.0,0.0,1.0,1.0,0.0,0.0,0.0,0.0,0.0,0.0,0.0,0.0,0.0,29.0,147.0,176.0,1.0,13.0,14.0,0.0,3.0,3.0,2.0,4.0,6.0,0.0,0.0,0.0,73.0,440.0,513.0,17.0,173.0,190.0,124.0,825.0,949.0,4034,6.0
Lassen,2017-07-01,2017,3.0,JUL,11.0,73.0,84.0,4.0,14.0,18.0,0.0,2.0,2.0,0.0,0.0,0.0,0.0,0.0,0.0,0.0,1.0,1.0,3.0,4.0,7.0,0.0,0.0,0.0,0.0,1.0,1.0,0.0,1.0,1.0,1.0,4.0,5.0,0.0,1.0,1.0,5.0,26.0,31.0,3.0,9.0,12.0,0.0,2.0,2.0,1.0,1.0,2.0,0.0,2.0,2.0,2.0,4.0,6.0,0.0,0.0,0.0,169.0,1081.0,1250.0,4.0,20.0,24.0,1.0,2.0,3.0,0.0,5.0,5.0,0.0,1.0,1.0,10.0,54.0,64.0,15.0,77.0,92.0,222.0,1362.0,1584.0,0.0,7.0,7.0,0.0,2.0,2.0,0.0,0.0,0.0,0.0,0.0,0.0,0.0,0.0,0.0,0.0,0.0,0.0,0.0,1.0,1.0,0.0,0.0,0.0,0.0,1.0,1.0,0.0,0.0,0.0,0.0,0.0,0.0,0.0,0.0,0.0,0.0,0.0,0.0,0.0,0.0,0.0,0.0,0.0,0.0,0.0,0.0,0.0,0.0,0.0,0.0,0.0,0.0,0.0,0.0,0.0,0.0,6.0,44.0,50.0,0.0,2.0,2.0,1.0,0.0,1.0,0.0,0.0,0.0,0.0,0.0,0.0,8.0,40.0,48.0,9.0,40.0,49.0,24.0,135.0,159.0,4034,6.0
Los Angeles,2017-07-01,2017,3.0,JUL,389.0,2388.0,2777.0,1587.0,19121.0,20708.0,76.0,942.0,1018.0,203.0,1583.0,1786.0,229.0,3621.0,3850.0,40.0,479.0,519.0,429.0,5142.0,5571.0,165.0,2283.0,2448.0,14.0,110.0,124.0,182.0,2959.0,3141.0,198.0,1530.0,1728.0,51.0,472.0,523.0,13521.0,92735.0,106256.0,155.0,1023.0,1178.0,16.0,190.0,206.0,5.0,62.0,67.0,105.0,643.0,748.0,21.0,107.0,128.0,8.0,21.0,29.0,25693.0,150834.0,176527.0,337.0,1398.0,1735.0,87.0,599.0,686.0,228.0,1314.0,1542.0,45.0,287.0,332.0,37013.0,161427.0,198440.0,2449.0,18385.0,20834.0,81504.0,449511.0,531015.0,288.0,1389.0,1677.0,37.0,228.0,265.0,3.0,7.0,10.0,1.0,8.0,9.0,1.0,22.0,23.0,2.0,22.0,24.0,15.0,79.0,94.0,1.0,8.0,9.0,2.0,23.0,25.0,0.0,5.0,5.0,12.0,45.0,57.0,0.0,9.0,9.0,179.0,955.0,1134.0,7.0,104.0,111.0,3.0,43.0,46.0,0.0,9.0,9.0,4.0,25.0,29.0,0.0,25.0,25.0,0.0,2.0,2.0,15985.0,80173.0,96158.0,232.0,770.0,1002.0,11.0,72.0,83.0,50.0,228.0,278.0,9.0,22.0,31.0,35102.0,150582.0,185684.0,0.0,1.0,1.0,51900.0,234524.0,286424.0,4034,6.0
Madera,2017-07-01,2017,3.0,JUL,10.0,135.0,145.0,19.0,108.0,127.0,8.0,39.0,47.0,0.0,6.0,6.0,1.0,3.0,4.0,0.0,2.0,2.0,6.0,20.0,26.0,0.0,2.0,2.0,1.0,11.0,12.0,0.0,3.0,3.0,3.0,21.0,24.0,0.0,1.0,1.0,62.0,389.0,451.0,0.0,8.0,8.0,0.0,5.0,5.0,0.0,0.0,0.0,0.0,2.0,2.0,0.0,0.0,0.0,0.0,1.0,1.0,611.0,4526.0,5137.0,5.0,39.0,44.0,1.0,12.0,13.0,1.0,11.0,12.0,2.0,3.0,5.0,581.0,2584.0,3165.0,315.0,1986.0,2301.0,1607.0,9801.0,11408.0,2.0,25.0,27.0,3.0,34.0,37.0,3.0,22.0,25.0,0.0,3.0,3.0,0.0,0.0,0.0,0.0,2.0,2.0,0.0,4.0,4.0,0.0,0.0,0.0,0.0,2.0,2.0,0.0,0.0,0.0,0.0,1.0,1.0,0.0,0.0,0.0,1.0,19.0,20.0,0.0,1.0,1.0,0.0,0.0,0.0,0.0,0.0,0.0,0.0,1.0,1.0,0.0,0.0,0.0,0.0,0.0,0.0,303.0,1903.0,2206.0,1.0,6.0,7.0,0.0,5.0,5.0,0.0,2.0,2.0,2.0,2.0,4.0,574.0,2543.0,3117.0,259.0,1497.0,1756.0,1145.0,6037.0,7182.0,4034,6.0
Marin,2017-07-01,2017,3.0,JUL,7.0,41.0,48.0,12.0,293.0,305.0,4.0,42.0,46.0,0.0,2.0,2.0,2.0,41.0,43.0,0.0,6.0,6.0,3.0,39.0,42.0,0.0,18.0,18.0,0.0,3.0,3.0,1.0,92.0,93.0,2.0,40.0,42.0,0.0,10.0,10.0,70.0,518.0,588.0,6.0,8.0,14.0,4.0,1.0,5.0,0.0,0.0,0.0,1.0,2.0,3.0,1.0,4.0,5.0,0.0,1.0,1.0,214.0,3140.0,3354.0,6.0,40.0,46.0,1.0,29.0,30.0,3.0,28.0,31.0,1.0,3.0,4.0,211.0,1127.0,1338.0,10.0,171.0,181.0,541.0,5398.0,5939.0,6.0,19.0,25.0,0.0,10.0,10.0,0.0,4.0,4.0,0.0,0.0,0.0,0.0,3.0,3.0,0.0,0.0,0.0,0.0,0.0,0.0,0.0,0.0,0.0,0.0,0.0,0.0,0.0,0.0,0.0,0.0,3.0,3.0,0.0,0.0,0.0,0.0,15.0,15.0,0.0,0.0,0.0,0.0,0.0,0.0,0.0,0.0,0.0,0.0,0.0,0.0,0.0,0.0,0.0,0.0,0.0,0.0,91.0,617.0,708.0,2.0,11.0,13.0,0.0,2.0,2.0,1.0,0.0,1.0,0.0,1.0,1.0,197.0,1060.0,1257.0,8.0,64.0,72.0,305.0,1799.0,2104.0,4034,6.0
Mariposa,2017-07-01,2017,3.0,JUL,3.0,37.0,40.0,0.0,6.0,6.0,0.0,0.0,0.0,0.0,0.0,0.0,0.0,0.0,0.0,0.0,0.0,0.0,0.0,3.0,3.0,0.0,0.0,0.0,0.0,0.0,0.0,0.0,1.0,1.0,0.0,2.0,2.0,0.0,0.0,0.0,0.0,9.0,9.0,0.0,3.0,3.0,0.0,2.0,2.0,0.0,0.0,0.0,0.0,0.0,0.0,0.0,1.0,1.0,0.0,0.0,0.0,70.0,799.0,869.0,3.0,43.0,46.0,0.0,3.0,3.0,0.0,0.0,0.0,0.0,0.0,0.0,3.0,27.0,30.0,0.0,8.0,8.0,79.0,935.0,1014.0,0.0,10.0,10.0,0.0,0.0,0.0,0.0,0.0,0.0,0.0,0.0,0.0,0.0,0.0,0.0,0.0,0.0,0.0,0.0,0.0,0.0,0.0,0.0,0.0,0.0,0.0,0.0,0.0,0.0,0.0,0.0,0.0,0.0,0.0,0.0,0.0,0.0,1.0,1.0,0.0,0.0,0.0,0.0,0.0,0.0,0.0,0.0,0.0,0.0,0.0,0.0,0.0,0.0,0.0,0.0,0.0,0.0,6.0,44.0,50.0,1.0,6.0,7.0,0.0,1.0,1.0,0.0,0.0,0.0,0.0,0.0,0.0,2.0,21.0,23.0,0.0,2.0,2.0,9.0,85.0,94.0,4034,6.0
Mendocino,2017-07-01,2017,3.0,JUL,47.0,398.0,445.0,4.0,74.0,78.0,2.0,27.0,29.0,0.0,3.0,3.0,0.0,12.0,12.0,0.0,0.0,0.0,1.0,21.0,22.0,0.0,1.0,1.0,0.0,2.0,2.0,1.0,6.0,7.0,0.0,1.0,1.0,0.0,1.0,1.0,6.0,100.0,106.0,1.0,11.0,12.0,1.0,8.0,9.0,0.0,0.0,0.0,0.0,2.0,2.0,0.0,1.0,1.0,0.0,0.0,0.0,312.0,4022.0,4334.0,15.0,130.0,145.0,0.0,11.0,11.0,1.0,22.0,23.0,1.0,6.0,7.0,83.0,523.0,606.0,53.0,440.0,493.0,523.0,5737.0,6260.0,4.0,24.0,28.0,2.0,25.0,27.0,2.0,20.0,22.0,0.0,0.0,0.0,0.0,0.0,0.0,0.0,0.0,0.0,0.0,5.0,5.0,0.0,0.0,0.0,0.0,0.0,0.0,0.0,0.0,0.0,0.0,0.0,0.0,0.0,0.0,0.0,1.0,3.0,4.0,0.0,0.0,0.0,0.0,0.0,0.0,0.0,0.0,0.0,0.0,0.0,0.0,0.0,0.0,0.0,0.0,0.0,0.0,34.0,233.0,267.0,3.0,11.0,14.0,0.0,1.0,1.0,0.0,1.0,1.0,0.0,0.0,0.0,78.0,472.0,550.0,48.0,285.0,333.0,170.0,1055.0,1225.0,4034,6.0
Merced,2017-07-01,2017,3.0,JUL,28.0,169.0,197.0,128.0,1074.0,1202.0,16.0,91.0,107.0,0.0,11.0,11.0,3.0,17.0,20.0,2.0,5.0,7.0,9.0,87.0,96.0,2.0,9.0,11.0,12.0,116.0,128.0,0.0,13.0,13.0,83.0,706.0,789.0,1.0,19.0,20.0,283.0,1442.0,1725.0,11.0,67.0,78.0,3.0,15.0,18.0,0.0,11.0,11.0,4.0,27.0,31.0,4.0,10.0,14.0,0.0,4.0,4.0,1390.0,9629.0,11019.0,21.0,177.0,198.0,11.0,55.0,66.0,21.0,78.0,99.0,1.0,22.0,23.0,1526.0,7145.0,8671.0,26.0,203.0,229.0,3446.0,20061.0,23507.0,17.0,82.0,99.0,3.0,44.0,47.0,0.0,2.0,2.0,0.0,2.0,2.0,1.0,2.0,3.0,0.0,2.0,2.0,0.0,29.0,29.0,0.0,0.0,0.0,0.0,1.0,1.0,0.0,0.0,0.0,2.0,4.0,6.0,0.0,2.0,2.0,11.0,56.0,67.0,3.0,14.0,17.0,1.0,3.0,4.0,0.0,2.0,2.0,1.0,3.0,4.0,1.0,4.0,5.0,0.0,2.0,2.0,783.0,4349.0,5132.0,7.0,46.0,53.0,6.0,18.0,24.0,4.0,17.0,21.0,0.0,3.0,3.0,1510.0,7015.0,8525.0,18.0,140.0,158.0,2362.0,11784.0,14146.0,4034,6.0
Modoc,2017-07-01,2017,3.0,JUL,7.0,33.0,40.0,0.0,1.0,1.0,0.0,0.0,0.0,0.0,0.0,0.0,0.0,0.0,0.0,0.0,0.0,0.0,0.0,1.0,1.0,0.0,0.0,0.0,0.0,0.0,0.0,0.0,0.0,0.0,0.0,0.0,0.0,0.0,0.0,0.0,0.0,4.0,4.0,0.0,0.0,0.0,0.0,0.0,0.0,0.0,0.0,0.0,0.0,0.0,0.0,0.0,0.0,0.0,0.0,0.0,0.0,60.0,342.0,402.0,1.0,11.0,12.0,0.0,1.0,1.0,0.0,0.0,0.0,0.0,0.0,0.0,3.0,25.0,28.0,7.0,45.0,52.0,78.0,462.0,540.0,0.0,1.0,1.0,0.0,0.0,0.0,0.0,0.0,0.0,0.0,0.0,0.0,0.0,0.0,0.0,0.0,0.0,0.0,0.0,0.0,0.0,0.0,0.0,0.0,0.0,0.0,0.0,0.0,0.0,0.0,0.0,0.0,0.0,0.0,0.0,0.0,0.0,0.0,0.0,0.0,0.0,0.0,0.0,0.0,0.0,0.0,0.0,0.0,0.0,0.0,0.0,0.0,0.0,0.0,0.0,0.0,0.0,0.0,6.0,6.0,0.0,0.0,0.0,0.0,0.0,0.0,0.0,0.0,0.0,0.0,0.0,0.0,3.0,22.0,25.0,6.0,20.0,26.0,9.0,49.0,58.0,4034,6.0
Mono,2017-07-01,2017,3.0,JUL,2.0,21.0,23.0,0.0,1.0,1.0,0.0,0.0,0.0,0.0,0.0,0.0,0.0,1.0,1.0,0.0,0.0,0.0,0.0,0.0,0.0,0.0,0.0,0.0,0.0,0.0,0.0,0.0,0.0,0.0,0.0,0.0,0.0,0.0,0.0,0.0,0.0,3.0,3.0,0.0,0.0,0.0,0.0,0.0,0.0,0.0,0.0,0.0,0.0,0.0,0.0,0.0,0.0,0.0,0.0,0.0,0.0,6.0,282.0,288.0,0.0,5.0,5.0,0.0,4.0,4.0,0.0,0.0,0.0,0.0,0.0,0.0,0.0,19.0,19.0,1.0,49.0,50.0,9.0,384.0,393.0,0.0,2.0,2.0,0.0,0.0,0.0,0.0,0.0,0.0,0.0,0.0,0.0,0.0,0.0,0.0,0.0,0.0,0.0,0.0,0.0,0.0,0.0,0.0,0.0,0.0,0.0,0.0,0.0,0.0,0.0,0.0,0.0,0.0,0.0,0.0,0.0,0.0,0.0,0.0,0.0,0.0,0.0,0.0,0.0,0.0,0.0,0.0,0.0,0.0,0.0,0.0,0.0,0.0,0.0,0.0,0.0,0.0,1.0,59.0,60.0,0.0,2.0,2.0,0.0,2.0,2.0,0.0,0.0,0.0,0.0,0.0,0.0,0.0,14.0,14.0,1.0,11.0,12.0,2.0,90.0,92.0,4034,6.0
Monterey,2017-07-01,2017,3.0,JUL,10.0,54.0,64.0,46.0,514.0,560.0,5.0,48.0,53.0,2.0,7.0,9.0,1.0,10.0,11.0,4.0,17.0,21.0,20.0,283.0,303.0,5.0,32.0,37.0,0.0,3.0,3.0,4.0,63.0,67.0,5.0,39.0,44.0,0.0,12.0,12.0,73.0,665.0,738.0,11.0,54.0,65.0,3.0,5.0,8.0,4.0,23.0,27.0,3.0,17.0,20.0,1.0,7.0,8.0,0.0,2.0,2.0,643.0,5078.0,5721.0,5.0,57.0,62.0,19.0,108.0,127.0,1.0,55.0,56.0,1.0,4.0,5.0,814.0,8753.0,9567.0,471.0,2701.0,3172.0,2094.0,18043.0,20137.0,4.0,25.0,29.0,9.0,71.0,80.0,3.0,25.0,28.0,2.0,5.0,7.0,0.0,1.0,1.0,1.0,2.0,3.0,2.0,28.0,30.0,0.0,2.0,2.0,0.0,2.0,2.0,0.0,0.0,0.0,1.0,5.0,6.0,0.0,1.0,1.0,2.0,29.0,31.0,1.0,5.0,6.0,0.0,1.0,1.0,0.0,2.0,2.0,1.0,2.0,3.0,0.0,0.0,0.0,0.0,0.0,0.0,401.0,1808.0,2209.0,2.0,17.0,19.0,12.0,48.0,60.0,0.0,5.0,5.0,1.0,1.0,2.0,785.0,8566.0,9351.0,430.0,2250.0,2680.0,1647.0,12825.0,14472.0,4034,6.0
Napa,2017-07-01,2017,3.0,JUL,3.0,17.0,20.0,5.0,119.0,124.0,2.0,14.0,16.0,0.0,0.0,0.0,0.0,2.0,2.0,0.0,1.0,1.0,1.0,79.0,80.0,0.0,1.0,1.0,0.0,1.0,1.0,1.0,9.0,10.0,1.0,7.0,8.0,0.0,5.0,5.0,11.0,74.0,85.0,1.0,16.0,17.0,1.0,5.0,6.0,0.0,7.0,7.0,0.0,1.0,1.0,0.0,1.0,1.0,0.0,2.0,2.0,143.0,1986.0,2129.0,2.0,26.0,28.0,4.0,15.0,19.0,3.0,6.0,9.0,0.0,0.0,0.0,91.0,520.0,611.0,0.0,81.0,81.0,263.0,2860.0,3123.0,1.0,4.0,5.0,0.0,5.0,5.0,0.0,2.0,2.0,0.0,0.0,0.0,0.0,0.0,0.0,0.0,0.0,0.0,0.0,3.0,3.0,0.0,0.0,0.0,0.0,0.0,0.0,0.0,0.0,0.0,0.0,0.0,0.0,0.0,0.0,0.0,0.0,6.0,6.0,0.0,2.0,2.0,0.0,0.0,0.0,0.0,2.0,2.0,0.0,0.0,0.0,0.0,0.0,0.0,0.0,0.0,0.0,47.0,764.0,811.0,0.0,4.0,4.0,1.0,3.0,4.0,1.0,1.0,2.0,0.0,0.0,0.0,86.0,497.0,583.0,0.0,62.0,62.0,136.0,1348.0,1484.0,4034,6.0
Nevada,2017-07-01,2017,3.0,JUL,7.0,47.0,54.0,0.0,23.0,23.0,0.0,4.0,4.0,0.0,0.0,0.0,0.0,3.0,3.0,0.0,0.0,0.0,0.0,8.0,8.0,0.0,1.0,1.0,0.0,1.0,1.0,0.0,1.0,1.0,0.0,3.0,3.0,0.0,2.0,2.0,2.0,20.0,22.0,1.0,3.0,4.0,1.0,1.0,2.0,0.0,0.0,0.0,0.0,1.0,1.0,0.0,1.0,1.0,0.0,0.0,0.0,215.0,3413.0,3628.0,7.0,52.0,59.0,3.0,16.0,19.0,0.0,7.0,7.0,0.0,0.0,0.0,4.0,132.0,136.0,3.0,156.0,159.0,242.0,3869.0,4111.0,2.0,6.0,8.0,0.0,1.0,1.0,0.0,0.0,0.0,0.0,0.0,0.0,0.0,1.0,1.0,0.0,0.0,0.0,0.0,0.0,0.0,0.0,0.0,0.0,0.0,0.0,0.0,0.0,0.0,0.0,0.0,0.0,0.0,0.0,0.0,0.0,0.0,1.0,1.0,0.0,0.0,0.0,0.0,0.0,0.0,0.0,0.0,0.0,0.0,0.0,0.0,0.0,0.0,0.0,0.0,0.0,0.0,20.0,144.0,164.0,1.0,7.0,8.0,0.0,0.0,0.0,0.0,2.0,2.0,0.0,0.0,0.0,2.0,99.0,101.0,1.0,19.0,20.0,26.0,279.0,305.0,4034,6.0
Orange,2017-07-01,2017,3.0,JUL,40.0,457.0,497.0,375.0,14479.0,14854.0,9.0,365.0,374.0,15.0,198.0,213.0,13.0,411.0,424.0,3.0,140.0,143.0,60.0,1248.0,1308.0,23.0,978.0,1001.0,7.0,121.0,128.0,244.0,10993.0,11237.0,1.0,25.0,26.0,0.0,0.0,0.0,322.0,3159.0,3481.0,79.0,1184.0,1263.0,9.0,161.0,170.0,2.0,45.0,47.0,22.0,201.0,223.0,46.0,777.0,823.0,0.0,0.0,0.0,2039.0,36956.0,38995.0,0.0,13.0,13.0,1.0,17.0,18.0,0.0,22.0,22.0,0.0,4.0,4.0,260.0,2013.0,2273.0,6249.0,48041.0,54290.0,9365.0,106345.0,115710.0,15.0,100.0,115.0,3.0,112.0,115.0,0.0,6.0,6.0,0.0,4.0,4.0,0.0,2.0,2.0,0.0,2.0,2.0,0.0,40.0,40.0,0.0,3.0,3.0,2.0,20.0,22.0,1.0,27.0,28.0,0.0,8.0,8.0,0.0,0.0,0.0,9.0,53.0,62.0,6.0,102.0,108.0,1.0,50.0,51.0,1.0,11.0,12.0,1.0,7.0,8.0,3.0,34.0,37.0,0.0,0.0,0.0,339.0,2619.0,2958.0,0.0,1.0,1.0,0.0,0.0,0.0,0.0,1.0,1.0,0.0,0.0,0.0,154.0,1059.0,1213.0,6243.0,47966.0,54209.0,6769.0,52013.0,58782.0,4034,6.0
Placer,2017-07-01,2017,3.0,JUL,11.0,123.0,134.0,18.0,269.0,287.0,2.0,45.0,47.0,0.0,4.0,4.0,0.0,20.0,20.0,2.0,6.0,8.0,2.0,73.0,75.0,3.0,11.0,14.0,0.0,4.0,4.0,2.0,25.0,27.0,7.0,81.0,88.0,0.0,0.0,0.0,24.0,237.0,261.0,0.0,0.0,0.0,0.0,0.0,0.0,0.0,0.0,0.0,0.0,0.0,0.0,0.0,0.0,0.0,0.0,0.0,0.0,458.0,6449.0,6907.0,0.0,0.0,0.0,0.0,0.0,0.0,0.0,0.0,0.0,0.0,0.0,0.0,121.0,1029.0,1150.0,0.0,0.0,0.0,632.0,8107.0,8739.0,0.0,0.0,0.0,0.0,0.0,0.0,0.0,0.0,0.0,0.0,0.0,0.0,0.0,0.0,0.0,0.0,0.0,0.0,0.0,0.0,0.0,0.0,0.0,0.0,0.0,0.0,0.0,0.0,0.0,0.0,0.0,0.0,0.0,0.0,0.0,0.0,0.0,0.0,0.0,0.0,0.0,0.0,0.0,0.0,0.0,0.0,0.0,0.0,0.0,0.0,0.0,0.0,0.0,0.0,0.0,0.0,0.0,0.0,0.0,0.0,0.0,0.0,0.0,0.0,0.0,0.0,0.0,0.0,0.0,0.0,0.0,0.0,121.0,1029.0,1150.0,0.0,0.0,0.0,121.0,1029.0,1150.0,4034,6.0
Plumas,2017-07-01,2017,3.0,JUL,0.0,30.0,30.0,0.0,9.0,9.0,0.0,0.0,0.0,0.0,0.0,0.0,0.0,1.0,1.0,0.0,1.0,1.0,0.0,6.0,6.0,0.0,0.0,0.0,0.0,0.0,0.0,0.0,1.0,1.0,0.0,0.0,0.0,0.0,0.0,0.0,4.0,52.0,56.0,0.0,5.0,5.0,0.0,2.0,2.0,0.0,1.0,1.0,0.0,1.0,1.0,0.0,1.0,1.0,0.0,0.0,0.0,57.0,805.0,862.0,1.0,33.0,34.0,0.0,5.0,5.0,0.0,2.0,2.0,0.0,1.0,1.0,3.0,56.0,59.0,2.0,42.0,44.0,67.0,1040.0,1107.0,0.0,8.0,8.0,0.0,2.0,2.0,0.0,0.0,0.0,0.0,0.0,0.0,0.0,0.0,0.0,0.0,0.0,0.0,0.0,2.0,2.0,0.0,0.0,0.0,0.0,0.0,0.0,0.0,0.0,0.0,0.0,0.0,0.0,0.0,0.0,0.0,0.0,1.0,1.0,0.0,1.0,1.0,0.0,0.0,0.0,0.0,0.0,0.0,0.0,1.0,1.0,0.0,0.0,0.0,0.0,0.0,0.0,4.0,27.0,31.0,0.0,5.0,5.0,0.0,0.0,0.0,0.0,0.0,0.0,0.0,0.0,0.0,3.0,54.0,57.0,2.0,6.0,8.0,9.0,104.0,113.0,4034,6.0
Riverside,2017-07-01,2017,3.0,JUL,61.0,815.0,876.0,191.0,2446.0,2637.0,15.0,174.0,189.0,9.0,108.0,117.0,8.0,117.0,125.0,5.0,67.0,72.0,69.0,861.0,930.0,7.0,145.0,152.0,13.0,195.0,208.0,15.0,302.0,317.0,40.0,399.0,439.0,10.0,78.0,88.0,2150.0,12950.0,15100.0,57.0,347.0,404.0,9.0,78.0,87.0,13.0,67.0,80.0,19.0,158.0,177.0,15.0,34.0,49.0,1.0,10.0,11.0,4179.0,41158.0,45337.0,37.0,453.0,490.0,36.0,311.0,347.0,100.0,497.0,597.0,16.0,74.0,90.0,4920.0,28243.0,33163.0,2352.0,20360.0,22712.0,14099.0,107654.0,121753.0,25.0,360.0,385.0,25.0,193.0,218.0,1.0,6.0,7.0,2.0,11.0,13.0,4.0,4.0,8.0,1.0,21.0,22.0,9.0,70.0,79.0,0.0,15.0,15.0,3.0,29.0,32.0,1.0,3.0,4.0,4.0,33.0,37.0,0.0,1.0,1.0,87.0,390.0,477.0,14.0,55.0,69.0,1.0,16.0,17.0,8.0,18.0,26.0,2.0,16.0,18.0,2.0,5.0,7.0,1.0,0.0,1.0,1538.0,9741.0,11279.0,16.0,133.0,149.0,3.0,62.0,65.0,21.0,58.0,79.0,4.0,9.0,13.0,4750.0,27106.0,31856.0,2018.0,15186.0,17204.0,8501.0,53293.0,61794.0,4034,6.0
Sacramento,2017-07-01,2017,3.0,JUL,222.0,1087.0,1309.0,452.0,5823.0,6275.0,70.0,740.0,810.0,24.0,156.0,180.0,44.0,1001.0,1045.0,6.0,83.0,89.0,93.0,1130.0,1223.0,3.0,131.0,134.0,104.0,842.0,946.0,108.0,1740.0,1848.0,0.0,0.0,0.0,0.0,0.0,0.0,3846.0,20310.0,24156.0,496.0,3491.0,3987.0,31.0,212.0,243.0,7.0,76.0,83.0,32.0,190.0,222.0,426.0,3013.0,3439.0,0.0,0.0,0.0,8623.0,53600.0,62223.0,0.0,0.0,0.0,0.0,0.0,0.0,0.0,0.0,0.0,0.0,0.0,0.0,0.0,0.0,0.0,15.0,32.0,47.0,13654.0,84343.0,97997.0,48.0,211.0,259.0,17.0,100.0,117.0,1.0,8.0,9.0,1.0,0.0,1.0,1.0,3.0,4.0,0.0,3.0,3.0,8.0,52.0,60.0,0.0,1.0,1.0,5.0,24.0,29.0,1.0,9.0,10.0,0.0,0.0,0.0,0.0,0.0,0.0,99.0,397.0,496.0,13.0,85.0,98.0,6.0,31.0,37.0,0.0,14.0,14.0,0.0,2.0,2.0,7.0,38.0,45.0,0.0,0.0,0.0,3523.0,16505.0,20028.0,0.0,0.0,0.0,0.0,0.0,0.0,0.0,0.0,0.0,0.0,0.0,0.0,0.0,0.0,0.0,15.0,32.0,47.0,3715.0,17330.0,21045.0,4034,6.0
San Benito,2017-07-01,2017,3.0,JUL,0.0,13.0,13.0,2.0,20.0,22.0,0.0,5.0,5.0,0.0,0.0,0.0,0.0,2.0,2.0,0.0,1.0,1.0,2.0,8.0,10.0,0.0,2.0,2.0,0.0,0.0,0.0,0.0,0.0,0.0,0.0,1.0,1.0,0.0,1.0,1.0,4.0,12.0,16.0,0.0,2.0,2.0,0.0,1.0,1.0,0.0,0.0,0.0,0.0,0.0,0.0,0.0,1.0,1.0,0.0,0.0,0.0,118.0,992.0,1110.0,1.0,17.0,18.0,0.0,4.0,4.0,0.0,3.0,3.0,0.0,0.0,0.0,82.0,765.0,847.0,23.0,123.0,146.0,230.0,1951.0,2181.0,0.0,9.0,9.0,0.0,1.0,1.0,0.0,0.0,0.0,0.0,0.0,0.0,0.0,0.0,0.0,0.0,0.0,0.0,0.0,1.0,1.0,0.0,0.0,0.0,0.0,0.0,0.0,0.0,0.0,0.0,0.0,0.0,0.0,0.0,0.0,0.0,0.0,1.0,1.0,0.0,0.0,0.0,0.0,0.0,0.0,0.0,0.0,0.0,0.0,0.0,0.0,0.0,0.0,0.0,0.0,0.0,0.0,71.0,545.0,616.0,1.0,5.0,6.0,0.0,2.0,2.0,0.0,1.0,1.0,0.0,0.0,0.0,78.0,751.0,829.0,17.0,90.0,107.0,167.0,1405.0,1572.0,4034,6.0
San Bernardino,2017-07-01,2017,3.0,JUL,136.0,926.0,1062.0,289.0,3223.0,3512.0,21.0,209.0,230.0,31.0,247.0,278.0,14.0,226.0,240.0,11.0,80.0,91.0,90.0,869.0,959.0,14.0,214.0,228.0,16.0,100.0,116.0,29.0,530.0,559.0,54.0,640.0,694.0,9.0,108.0,117.0,4734.0,24019.0,28753.0,82.0,547.0,629.0,12.0,119.0,131.0,10.0,70.0,80.0,51.0,294.0,345.0,8.0,50.0,58.0,1.0,14.0,15.0,7619.0,56303.0,63922.0,62.0,565.0,627.0,44.0,388.0,432.0,146.0,732.0,878.0,20.0,130.0,150.0,5127.0,34551.0,39678.0,4366.0,21600.0,25966.0,22625.0,142984.0,165609.0,64.0,426.0,490.0,39.0,246.0,285.0,0.0,4.0,4.0,1.0,8.0,9.0,0.0,9.0,9.0,7.0,29.0,36.0,19.0,95.0,114.0,2.0,7.0,9.0,5.0,32.0,37.0,1.0,10.0,11.0,4.0,47.0,51.0,0.0,5.0,5.0,142.0,628.0,770.0,10.0,73.0,83.0,3.0,19.0,22.0,3.0,23.0,26.0,2.0,21.0,23.0,2.0,10.0,12.0,0.0,0.0,0.0,3590.0,19983.0,23573.0,23.0,155.0,178.0,18.0,87.0,105.0,21.0,109.0,130.0,2.0,14.0,16.0,4916.0,33353.0,38269.0,3843.0,17047.0,20890.0,12668.0,72121.0,84789.0,4034,6.0
San Diego,2017-07-01,2017,3.0,JUL,99.0,922.0,1021.0,306.0,6297.0,6603.0,7.0,140.0,147.0,26.0,294.0,320.0,9.0,307.0,316.0,14.0,171.0,185.0,148.0,3038.0,3186.0,7.0,173.0,180.0,23.0,355.0,378.0,72.0,1819.0,1891.0,0.0,0.0,0.0,0.0,0.0,0.0,1543.0,13028.0,14571.0,96.0,1307.0,1403.0,9.0,173.0,182.0,16.0,222.0,238.0,19.0,260.0,279.0,52.0,652.0,704.0,0.0,0.0,0.0,4324.0,55764.0,60088.0,1.0,12.0,13.0,25.0,198.0,223.0,10.0,35.0,45.0,0.0,0.0,0.0,2.0,1.0,3.0,5296.0,42921.0,48217.0,11702.0,120485.0,132187.0,9.0,135.0,144.0,13.0,137.0,150.0,0.0,4.0,4.0,0.0,3.0,3.0,1.0,4.0,5.0,0.0,7.0,7.0,7.0,92.0,99.0,1.0,3.0,4.0,3.0,13.0,16.0,1.0,11.0,12.0,0.0,0.0,0.0,0.0,0.0,0.0,39.0,238.0,277.0,10.0,85.0,95.0,2.0,17.0,19.0,3.0,13.0,16.0,0.0,9.0,9.0,5.0,46.0,51.0,0.0,0.0,0.0,620.0,5974.0,6594.0,0.0,2.0,2.0,13.0,80.0,93.0,1.0,6.0,7.0,0.0,0.0,0.0,0.0,0.0,0.0,5207.0,42054.0,47261.0,5912.0,48711.0,54623.0,4034,6.0
San Francisco,2017-07-01,2017,3.0,JUL,19.0,211.0,230.0,192.0,8757.0,8949.0,6.0,105.0,111.0,3.0,99.0,102.0,96.0,5666.0,5762.0,4.0,74.0,78.0,35.0,1066.0,1101.0,3.0,110.0,113.0,1.0,37.0,38.0,21.0,616.0,637.0,23.0,984.0,1007.0,0.0,0.0,0.0,612.0,5571.0,6183.0,45.0,315.0,360.0,5.0,75.0,80.0,0.0,10.0,10.0,35.0,171.0,206.0,5.0,59.0,64.0,0.0,0.0,0.0,191.0,5680.0,5871.0,0.0,0.0,0.0,0.0,0.0,0.0,0.0,0.0,0.0,0.0,0.0,0.0,715.0,7898.0,8613.0,239.0,3563.0,3802.0,2013.0,31995.0,34008.0,0.0,0.0,0.0,0.0,0.0,0.0,0.0,0.0,0.0,0.0,0.0,0.0,0.0,0.0,0.0,0.0,0.0,0.0,0.0,0.0,0.0,0.0,0.0,0.0,0.0,0.0,0.0,0.0,0.0,0.0,0.0,0.0,0.0,0.0,0.0,0.0,0.0,0.0,0.0,0.0,0.0,0.0,0.0,0.0,0.0,0.0,0.0,0.0,0.0,0.0,0.0,0.0,0.0,0.0,0.0,0.0,0.0,0.0,0.0,0.0,0.0,0.0,0.0,0.0,0.0,0.0,0.0,0.0,0.0,0.0,0.0,0.0,0.0,0.0,0.0,239.0,3563.0,3802.0,239.0,3563.0,3802.0,4034,6.0
San Joaquin,2017-07-01,2017,3.0,JUL,34.0,418.0,452.0,566.0,4782.0,5348.0,62.0,546.0,608.0,192.0,1066.0,1258.0,6.0,108.0,114.0,4.0,30.0,34.0,90.0,1081.0,1171.0,2.0,30.0,32.0,67.0,536.0,603.0,35.0,484.0,519.0,91.0,697.0,788.0,17.0,204.0,221.0,1421.0,6967.0,8388.0,38.0,233.0,271.0,11.0,47.0,58.0,8.0,41.0,49.0,16.0,101.0,117.0,2.0,37.0,39.0,1.0,7.0,8.0,2057.0,15391.0,17448.0,30.0,318.0,348.0,46.0,293.0,339.0,56.0,229.0,285.0,10.0,61.0,71.0,1187.0,7187.0,8374.0,1019.0,5780.0,6799.0,6464.0,41659.0,48123.0,17.0,190.0,207.0,30.0,236.0,266.0,6.0,33.0,39.0,4.0,13.0,17.0,0.0,5.0,5.0,0.0,6.0,6.0,19.0,151.0,170.0,0.0,1.0,1.0,0.0,4.0,4.0,0.0,3.0,3.0,1.0,11.0,12.0,0.0,9.0,9.0,36.0,204.0,240.0,5.0,36.0,41.0,3.0,10.0,13.0,1.0,12.0,13.0,1.0,8.0,9.0,0.0,4.0,4.0,0.0,2.0,2.0,901.0,4653.0,5554.0,13.0,86.0,99.0,21.0,120.0,141.0,4.0,29.0,33.0,3.0,16.0,19.0,1111.0,6655.0,7766.0,823.0,4293.0,5116.0,2964.0,16518.0,19482.0,4034,6.0
San Luis Obispo,2017-07-01,2017,3.0,JUL,12.0,96.0,108.0,11.0,162.0,173.0,0.0,14.0,14.0,0.0,2.0,2.0,0.0,14.0,14.0,3.0,7.0,10.0,3.0,74.0,77.0,1.0,11.0,12.0,0.0,7.0,7.0,1.0,12.0,13.0,3.0,21.0,24.0,0.0,0.0,0.0,19.0,158.0,177.0,1.0,10.0,11.0,1.0,8.0,9.0,0.0,2.0,2.0,0.0,0.0,0.0,0.0,0.0,0.0,0.0,0.0,0.0,722.0,8294.0,9016.0,0.0,0.0,0.0,0.0,0.0,0.0,0.0,0.0,0.0,0.0,0.0,0.0,0.0,0.0,0.0,0.0,0.0,0.0,765.0,8720.0,9485.0,0.0,0.0,0.0,0.0,0.0,0.0,0.0,0.0,0.0,0.0,0.0,0.0,0.0,0.0,0.0,0.0,0.0,0.0,0.0,0.0,0.0,0.0,0.0,0.0,0.0,0.0,0.0,0.0,0.0,0.0,0.0,0.0,0.0,0.0,0.0,0.0,0.0,0.0,0.0,0.0,0.0,0.0,0.0,0.0,0.0,0.0,0.0,0.0,0.0,0.0,0.0,0.0,0.0,0.0,0.0,0.0,0.0,258.0,1920.0,2178.0,0.0,0.0,0.0,0.0,0.0,0.0,0.0,0.0,0.0,0.0,0.0,0.0,0.0,0.0,0.0,0.0,0.0,0.0,258.0,1920.0,2178.0,4034,6.0
San Mateo,2017-07-01,2017,3.0,JUL,5.0,201.0,206.0,157.0,5040.0,5197.0,8.0,177.0,185.0,3.0,91.0,94.0,16.0,950.0,966.0,0.0,81.0,81.0,86.0,2017.0,2103.0,3.0,115.0,118.0,0.0,64.0,64.0,2.0,145.0,147.0,39.0,1400.0,1439.0,0.0,0.0,0.0,72.0,2003.0,2075.0,29.0,585.0,614.0,2.0,59.0,61.0,0.0,8.0,8.0,8.0,120.0,128.0,19.0,398.0,417.0,0.0,0.0,0.0,410.0,5010.0,5420.0,0.0,0.0,0.0,0.0,0.0,0.0,0.0,0.0,0.0,0.0,0.0,0.0,0.0,0.0,0.0,0.0,0.0,0.0,673.0,12839.0,13512.0,0.0,0.0,0.0,0.0,0.0,0.0,0.0,0.0,0.0,0.0,0.0,0.0,0.0,0.0,0.0,0.0,0.0,0.0,0.0,0.0,0.0,0.0,0.0,0.0,0.0,0.0,0.0,0.0,0.0,0.0,0.0,0.0,0.0,0.0,0.0,0.0,0.0,0.0,0.0,0.0,0.0,0.0,0.0,0.0,0.0,0.0,0.0,0.0,0.0,0.0,0.0,0.0,0.0,0.0,0.0,0.0,0.0,396.0,4748.0,5144.0,0.0,0.0,0.0,0.0,0.0,0.0,0.0,0.0,0.0,0.0,0.0,0.0,0.0,0.0,0.0,0.0,0.0,0.0,396.0,4748.0,5144.0,4034,6.0
Santa Barbara,2017-07-01,2017,3.0,JUL,16.0,129.0,145.0,17.0,298.0,315.0,1.0,10.0,11.0,0.0,5.0,5.0,0.0,51.0,51.0,1.0,11.0,12.0,12.0,148.0,160.0,1.0,26.0,27.0,0.0,4.0,4.0,1.0,40.0,41.0,0.0,0.0,0.0,1.0,3.0,4.0,44.0,444.0,488.0,4.0,74.0,78.0,3.0,11.0,14.0,0.0,5.0,5.0,0.0,4.0,4.0,1.0,52.0,53.0,0.0,2.0,2.0,980.0,10474.0,11454.0,1.0,31.0,32.0,1.0,6.0,7.0,4.0,4.0,8.0,1.0,3.0,4.0,675.0,3359.0,4034.0,134.0,1451.0,1585.0,1877.0,16273.0,18150.0,5.0,40.0,45.0,2.0,16.0,18.0,0.0,1.0,1.0,0.0,0.0,0.0,0.0,0.0,0.0,0.0,0.0,0.0,1.0,12.0,13.0,0.0,0.0,0.0,0.0,1.0,1.0,1.0,2.0,3.0,0.0,0.0,0.0,0.0,0.0,0.0,3.0,16.0,19.0,1.0,9.0,10.0,1.0,4.0,5.0,0.0,1.0,1.0,0.0,0.0,0.0,0.0,4.0,4.0,0.0,0.0,0.0,576.0,5170.0,5746.0,0.0,17.0,17.0,0.0,1.0,1.0,2.0,0.0,2.0,1.0,0.0,1.0,663.0,2815.0,3478.0,0.0,0.0,0.0,1253.0,8084.0,9337.0,4034,6.0
Santa Clara,2017-07-01,2017,3.0,JUL,26.0,435.0,461.0,312.0,9701.0,10013.0,23.0,407.0,430.0,7.0,202.0,209.0,16.0,995.0,1011.0,4.0,78.0,82.0,55.0,1482.0,1537.0,9.0,225.0,234.0,5.0,55.0,60.0,161.0,5898.0,6059.0,32.0,359.0,391.0,0.0,0.0,0.0,229.0,2514.0,2743.0,25.0,215.0,240.0,6.0,82.0,88.0,4.0,38.0,42.0,15.0,95.0,110.0,0.0,0.0,0.0,0.0,0.0,0.0,673.0,12246.0,12919.0,0.0,0.0,0.0,0.0,0.0,0.0,0.0,0.0,0.0,0.0,0.0,0.0,0.0,0.0,0.0,2411.0,18189.0,20600.0,3676.0,43300.0,46976.0,0.0,0.0,0.0,0.0,0.0,0.0,0.0,0.0,0.0,0.0,0.0,0.0,0.0,0.0,0.0,0.0,0.0,0.0,0.0,0.0,0.0,0.0,0.0,0.0,0.0,0.0,0.0,0.0,0.0,0.0,0.0,0.0,0.0,0.0,0.0,0.0,0.0,0.0,0.0,0.0,0.0,0.0,0.0,0.0,0.0,0.0,0.0,0.0,0.0,0.0,0.0,0.0,0.0,0.0,0.0,0.0,0.0,0.0,0.0,0.0,0.0,0.0,0.0,0.0,0.0,0.0,0.0,0.0,0.0,0.0,0.0,0.0,0.0,0.0,0.0,2411.0,18189.0,20600.0,2411.0,18189.0,20600.0,4034,6.0
Santa Cruz,2017-07-01,2017,3.0,JUL,20.0,130.0,150.0,25.0,205.0,230.0,1.0,12.0,13.0,0.0,7.0,7.0,3.0,32.0,35.0,3.0,19.0,22.0,9.0,57.0,66.0,1.0,5.0,6.0,2.0,11.0,13.0,1.0,22.0,23.0,5.0,40.0,45.0,0.0,0.0,0.0,34.0,255.0,289.0,9.0,49.0,58.0,2.0,21.0,23.0,1.0,2.0,3.0,0.0,3.0,3.0,6.0,22.0,28.0,0.0,1.0,1.0,524.0,4991.0,5515.0,0.0,0.0,0.0,0.0,0.0,0.0,0.0,0.0,0.0,0.0,0.0,0.0,1093.0,4712.0,5805.0,219.0,1986.0,2205.0,1924.0,12328.0,14252.0,7.0,35.0,42.0,4.0,28.0,32.0,0.0,0.0,0.0,0.0,0.0,0.0,0.0,0.0,0.0,0.0,0.0,0.0,1.0,6.0,7.0,0.0,0.0,0.0,1.0,10.0,11.0,0.0,0.0,0.0,2.0,12.0,14.0,0.0,0.0,0.0,3.0,9.0,12.0,6.0,26.0,32.0,2.0,13.0,15.0,0.0,0.0,0.0,0.0,1.0,1.0,4.0,11.0,15.0,0.0,1.0,1.0,43.0,224.0,267.0,0.0,0.0,0.0,0.0,0.0,0.0,0.0,0.0,0.0,0.0,0.0,0.0,1000.0,4390.0,5390.0,0.0,0.0,0.0,1063.0,4712.0,5775.0,4034,6.0
Shasta,2017-07-01,2017,3.0,JUL,38.0,436.0,474.0,27.0,313.0,340.0,2.0,12.0,14.0,0.0,3.0,3.0,0.0,7.0,7.0,1.0,4.0,5.0,2.0,31.0,33.0,0.0,6.0,6.0,12.0,121.0,133.0,0.0,6.0,6.0,9.0,105.0,114.0,1.0,18.0,19.0,31.0,189.0,220.0,2.0,22.0,24.0,2.0,15.0,17.0,0.0,5.0,5.0,0.0,1.0,1.0,0.0,0.0,0.0,0.0,1.0,1.0,937.0,8939.0,9876.0,38.0,309.0,347.0,5.0,34.0,39.0,12.0,39.0,51.0,1.0,8.0,9.0,36.0,367.0,403.0,35.0,508.0,543.0,1162.0,11164.0,12326.0,5.0,41.0,46.0,1.0,5.0,6.0,0.0,2.0,2.0,0.0,0.0,0.0,0.0,0.0,0.0,1.0,0.0,1.0,0.0,3.0,3.0,0.0,0.0,0.0,0.0,0.0,0.0,0.0,0.0,0.0,0.0,0.0,0.0,0.0,0.0,0.0,2.0,6.0,8.0,1.0,2.0,3.0,1.0,0.0,1.0,0.0,2.0,2.0,0.0,0.0,0.0,0.0,0.0,0.0,0.0,0.0,0.0,41.0,313.0,354.0,4.0,40.0,44.0,2.0,2.0,4.0,2.0,4.0,6.0,0.0,1.0,1.0,28.0,281.0,309.0,19.0,166.0,185.0,105.0,861.0,966.0,4034,6.0
Sierra,2017-07-01,2017,3.0,JUL,0.0,3.0,3.0,0.0,0.0,0.0,0.0,0.0,0.0,0.0,0.0,0.0,0.0,0.0,0.0,0.0,0.0,0.0,0.0,0.0,0.0,0.0,0.0,0.0,0.0,0.0,0.0,0.0,0.0,0.0,0.0,0.0,0.0,0.0,0.0,0.0,0.0,0.0,0.0,0.0,0.0,0.0,0.0,0.0,0.0,0.0,0.0,0.0,0.0,0.0,0.0,0.0,0.0,0.0,0.0,0.0,0.0,11.0,129.0,140.0,0.0,3.0,3.0,0.0,0.0,0.0,0.0,0.0,0.0,0.0,0.0,0.0,0.0,1.0,1.0,0.0,9.0,9.0,11.0,145.0,156.0,0.0,0.0,0.0,0.0,0.0,0.0,0.0,0.0,0.0,0.0,0.0,0.0,0.0,0.0,0.0,0.0,0.0,0.0,0.0,0.0,0.0,0.0,0.0,0.0,0.0,0.0,0.0,0.0,0.0,0.0,0.0,0.0,0.0,0.0,0.0,0.0,0.0,0.0,0.0,0.0,0.0,0.0,0.0,0.0,0.0,0.0,0.0,0.0,0.0,0.0,0.0,0.0,0.0,0.0,0.0,0.0,0.0,0.0,2.0,2.0,0.0,0.0,0.0,0.0,0.0,0.0,0.0,0.0,0.0,0.0,0.0,0.0,0.0,1.0,1.0,0.0,9.0,9.0,0.0,12.0,12.0,4034,6.0
Siskiyou,2017-07-01,2017,3.0,JUL,22.0,166.0,188.0,5.0,52.0,57.0,0.0,3.0,3.0,0.0,2.0,2.0,0.0,1.0,1.0,0.0,0.0,0.0,0.0,7.0,7.0,1.0,1.0,2.0,3.0,23.0,26.0,0.0,0.0,0.0,1.0,14.0,15.0,0.0,1.0,1.0,7.0,60.0,67.0,1.0,5.0,6.0,0.0,5.0,5.0,0.0,0.0,0.0,1.0,0.0,1.0,0.0,0.0,0.0,0.0,0.0,0.0,262.0,2039.0,2301.0,11.0,89.0,100.0,0.0,9.0,9.0,0.0,13.0,13.0,0.0,1.0,1.0,28.0,159.0,187.0,9.0,133.0,142.0,345.0,2726.0,3071.0,5.0,26.0,31.0,0.0,1.0,1.0,0.0,0.0,0.0,0.0,0.0,0.0,0.0,0.0,0.0,0.0,0.0,0.0,0.0,1.0,1.0,0.0,0.0,0.0,0.0,0.0,0.0,0.0,0.0,0.0,0.0,0.0,0.0,0.0,0.0,0.0,0.0,4.0,4.0,0.0,0.0,0.0,0.0,0.0,0.0,0.0,0.0,0.0,0.0,0.0,0.0,0.0,0.0,0.0,0.0,0.0,0.0,7.0,63.0,70.0,0.0,5.0,5.0,0.0,0.0,0.0,0.0,2.0,2.0,0.0,0.0,0.0,23.0,126.0,149.0,7.0,35.0,42.0,42.0,262.0,304.0,4034,6.0
Solano,2017-07-01,2017,3.0,JUL,23.0,155.0,178.0,93.0,1401.0,1494.0,8.0,105.0,113.0,4.0,9.0,13.0,2.0,43.0,45.0,1.0,16.0,17.0,58.0,971.0,1029.0,1.0,22.0,23.0,3.0,25.0,28.0,5.0,99.0,104.0,8.0,93.0,101.0,3.0,18.0,21.0,802.0,5053.0,5855.0,34.0,329.0,363.0,9.0,74.0,83.0,4.0,60.0,64.0,7.0,52.0,59.0,14.0,134.0,148.0,0.0,9.0,9.0,457.0,4997.0,5454.0,3.0,80.0,83.0,14.0,67.0,81.0,23.0,162.0,185.0,35.0,176.0,211.0,620.0,3724.0,4344.0,211.0,2459.0,2670.0,2315.0,18603.0,20918.0,0.0,2.0,2.0,0.0,2.0,2.0,0.0,0.0,0.0,0.0,0.0,0.0,0.0,0.0,0.0,0.0,0.0,0.0,0.0,0.0,0.0,0.0,0.0,0.0,0.0,1.0,1.0,0.0,0.0,0.0,0.0,1.0,1.0,0.0,0.0,0.0,0.0,1.0,1.0,1.0,5.0,6.0,0.0,3.0,3.0,0.0,0.0,0.0,1.0,1.0,2.0,0.0,1.0,1.0,0.0,0.0,0.0,108.0,623.0,731.0,0.0,0.0,0.0,0.0,0.0,0.0,0.0,1.0,1.0,0.0,0.0,0.0,620.0,3711.0,4331.0,15.0,108.0,123.0,744.0,4453.0,5197.0,4034,6.0
Sonoma,2017-07-01,2017,3.0,JUL,52.0,282.0,334.0,18.0,336.0,354.0,0.0,28.0,28.0,5.0,53.0,58.0,0.0,44.0,44.0,0.0,14.0,14.0,6.0,69.0,75.0,1.0,15.0,16.0,4.0,47.0,51.0,2.0,64.0,66.0,0.0,2.0,2.0,0.0,0.0,0.0,41.0,467.0,508.0,8.0,92.0,100.0,3.0,28.0,31.0,0.0,2.0,2.0,1.0,7.0,8.0,4.0,55.0,59.0,0.0,0.0,0.0,609.0,10106.0,10715.0,0.0,0.0,0.0,0.0,0.0,0.0,0.0,0.0,0.0,0.0,0.0,0.0,0.0,0.0,0.0,502.0,4601.0,5103.0,1230.0,15884.0,17114.0,15.0,38.0,53.0,1.0,10.0,11.0,0.0,1.0,1.0,1.0,0.0,1.0,0.0,0.0,0.0,0.0,1.0,1.0,0.0,5.0,5.0,0.0,0.0,0.0,0.0,3.0,3.0,0.0,0.0,0.0,0.0,0.0,0.0,0.0,0.0,0.0,0.0,10.0,10.0,1.0,13.0,14.0,1.0,9.0,10.0,0.0,0.0,0.0,0.0,1.0,1.0,0.0,3.0,3.0,0.0,0.0,0.0,54.0,411.0,465.0,0.0,0.0,0.0,0.0,0.0,0.0,0.0,0.0,0.0,0.0,0.0,0.0,0.0,0.0,0.0,491.0,4517.0,5008.0,562.0,4999.0,5561.0,4034,6.0
Stanislaus,2017-07-01,2017,3.0,JUL,34.0,264.0,298.0,219.0,1345.0,1564.0,33.0,181.0,214.0,50.0,308.0,358.0,1.0,33.0,34.0,1.0,13.0,14.0,16.0,187.0,203.0,2.0,12.0,14.0,16.0,165.0,181.0,7.0,92.0,99.0,86.0,298.0,384.0,7.0,56.0,63.0,320.0,1986.0,2306.0,24.0,175.0,199.0,5.0,50.0,55.0,2.0,26.0,28.0,10.0,63.0,73.0,6.0,34.0,40.0,1.0,2.0,3.0,2482.0,19542.0,22024.0,36.0,326.0,362.0,24.0,155.0,179.0,34.0,162.0,196.0,0.0,20.0,20.0,1300.0,7181.0,8481.0,609.0,3402.0,4011.0,5082.0,34558.0,39640.0,22.0,119.0,141.0,7.0,67.0,74.0,1.0,3.0,4.0,1.0,1.0,2.0,0.0,0.0,0.0,0.0,7.0,7.0,4.0,36.0,40.0,0.0,2.0,2.0,0.0,5.0,5.0,0.0,1.0,1.0,0.0,9.0,9.0,1.0,3.0,4.0,24.0,94.0,118.0,5.0,23.0,28.0,2.0,6.0,8.0,1.0,11.0,12.0,0.0,3.0,3.0,2.0,2.0,4.0,0.0,1.0,1.0,881.0,5297.0,6178.0,7.0,81.0,88.0,4.0,22.0,26.0,5.0,31.0,36.0,0.0,3.0,3.0,1191.0,6710.0,7901.0,455.0,2409.0,2864.0,2601.0,14856.0,17457.0,4034,6.0
Sutter,2017-07-01,2017,3.0,JUL,9.0,64.0,73.0,80.0,283.0,363.0,42.0,159.0,201.0,0.0,4.0,4.0,0.0,3.0,3.0,0.0,3.0,3.0,5.0,22.0,27.0,1.0,2.0,3.0,1.0,9.0,10.0,0.0,5.0,5.0,31.0,66.0,97.0,0.0,10.0,10.0,29.0,188.0,217.0,0.0,16.0,16.0,0.0,3.0,3.0,0.0,11.0,11.0,0.0,0.0,0.0,0.0,1.0,1.0,0.0,1.0,1.0,314.0,2807.0,3121.0,21.0,104.0,125.0,6.0,25.0,31.0,6.0,22.0,28.0,0.0,2.0,2.0,158.0,1024.0,1182.0,65.0,229.0,294.0,688.0,4764.0,5452.0,5.0,26.0,31.0,3.0,10.0,13.0,3.0,6.0,9.0,0.0,0.0,0.0,0.0,0.0,0.0,0.0,0.0,0.0,0.0,3.0,3.0,0.0,0.0,0.0,0.0,1.0,1.0,0.0,0.0,0.0,0.0,0.0,0.0,0.0,0.0,0.0,0.0,8.0,8.0,0.0,4.0,4.0,0.0,2.0,2.0,0.0,1.0,1.0,0.0,0.0,0.0,0.0,1.0,1.0,0.0,0.0,0.0,52.0,331.0,383.0,8.0,20.0,28.0,0.0,5.0,5.0,1.0,2.0,3.0,0.0,0.0,0.0,148.0,966.0,1114.0,60.0,208.0,268.0,277.0,1580.0,1857.0,4034,6.0
Tehama,2017-07-01,2017,3.0,JUL,10.0,95.0,105.0,6.0,48.0,54.0,1.0,6.0,7.0,0.0,1.0,1.0,0.0,3.0,3.0,0.0,1.0,1.0,2.0,6.0,8.0,0.0,0.0,0.0,0.0,20.0,20.0,1.0,1.0,2.0,1.0,10.0,11.0,1.0,0.0,1.0,6.0,35.0,41.0,1.0,6.0,7.0,0.0,3.0,3.0,0.0,1.0,1.0,1.0,1.0,2.0,0.0,1.0,1.0,0.0,0.0,0.0,310.0,2819.0,3129.0,2.0,65.0,67.0,1.0,12.0,13.0,0.0,7.0,7.0,0.0,2.0,2.0,50.0,355.0,405.0,53.0,386.0,439.0,439.0,3830.0,4269.0,1.0,24.0,25.0,0.0,2.0,2.0,0.0,2.0,2.0,0.0,0.0,0.0,0.0,0.0,0.0,0.0,0.0,0.0,0.0,0.0,0.0,0.0,0.0,0.0,0.0,0.0,0.0,0.0,0.0,0.0,0.0,0.0,0.0,0.0,0.0,0.0,0.0,0.0,0.0,1.0,1.0,2.0,0.0,0.0,0.0,0.0,0.0,0.0,1.0,1.0,2.0,0.0,0.0,0.0,0.0,0.0,0.0,16.0,117.0,133.0,0.0,5.0,5.0,1.0,1.0,2.0,0.0,1.0,1.0,0.0,0.0,0.0,48.0,336.0,384.0,44.0,287.0,331.0,111.0,774.0,885.0,4034,6.0
Trinity,2017-07-01,2017,3.0,JUL,2.0,35.0,37.0,1.0,20.0,21.0,0.0,0.0,0.0,0.0,0.0,0.0,0.0,0.0,0.0,0.0,0.0,0.0,0.0,2.0,2.0,0.0,0.0,0.0,0.0,3.0,3.0,0.0,0.0,0.0,1.0,14.0,15.0,0.0,1.0,1.0,0.0,6.0,6.0,0.0,0.0,0.0,0.0,0.0,0.0,0.0,0.0,0.0,0.0,0.0,0.0,0.0,0.0,0.0,0.0,0.0,0.0,47.0,714.0,761.0,5.0,48.0,53.0,0.0,5.0,5.0,0.0,3.0,3.0,0.0,0.0,0.0,3.0,18.0,21.0,4.0,26.0,30.0,62.0,875.0,937.0,1.0,2.0,3.0,0.0,0.0,0.0,0.0,0.0,0.0,0.0,0.0,0.0,0.0,0.0,0.0,0.0,0.0,0.0,0.0,0.0,0.0,0.0,0.0,0.0,0.0,0.0,0.0,0.0,0.0,0.0,0.0,0.0,0.0,0.0,0.0,0.0,0.0,1.0,1.0,0.0,0.0,0.0,0.0,0.0,0.0,0.0,0.0,0.0,0.0,0.0,0.0,0.0,0.0,0.0,0.0,0.0,0.0,2.0,25.0,27.0,1.0,2.0,3.0,0.0,0.0,0.0,0.0,0.0,0.0,0.0,0.0,0.0,1.0,13.0,14.0,0.0,3.0,3.0,5.0,46.0,51.0,4034,6.0
Tulare,2017-07-01,2017,3.0,JUL,12.0,161.0,173.0,24.0,456.0,480.0,0.0,26.0,26.0,0.0,6.0,6.0,0.0,18.0,18.0,0.0,6.0,6.0,7.0,177.0,184.0,1.0,3.0,4.0,2.0,73.0,75.0,0.0,8.0,8.0,0.0,12.0,12.0,14.0,127.0,141.0,82.0,720.0,802.0,8.0,106.0,114.0,0.0,12.0,12.0,1.0,1.0,2.0,0.0,2.0,2.0,7.0,89.0,96.0,0.0,2.0,2.0,6199.0,38832.0,45031.0,173.0,436.0,609.0,90.0,602.0,692.0,219.0,943.0,1162.0,1.0,0.0,1.0,240.0,1308.0,1548.0,0.0,0.0,0.0,7048.0,43564.0,50612.0,0.0,0.0,0.0,0.0,0.0,0.0,0.0,0.0,0.0,0.0,0.0,0.0,0.0,0.0,0.0,0.0,0.0,0.0,0.0,0.0,0.0,0.0,0.0,0.0,0.0,0.0,0.0,0.0,0.0,0.0,0.0,0.0,0.0,0.0,0.0,0.0,0.0,0.0,0.0,0.0,0.0,0.0,0.0,0.0,0.0,0.0,0.0,0.0,0.0,0.0,0.0,0.0,0.0,0.0,0.0,0.0,0.0,5337.0,29663.0,35000.0,134.0,271.0,405.0,46.0,270.0,316.0,123.0,572.0,695.0,0.0,0.0,0.0,180.0,943.0,1123.0,0.0,0.0,0.0,5820.0,31719.0,37539.0,4034,6.0
Tuolumne,2017-07-01,2017,3.0,JUL,4.0,37.0,41.0,1.0,22.0,23.0,0.0,0.0,0.0,0.0,1.0,1.0,0.0,3.0,3.0,0.0,4.0,4.0,0.0,8.0,8.0,0.0,1.0,1.0,0.0,0.0,0.0,0.0,1.0,1.0,1.0,4.0,5.0,0.0,0.0,0.0,2.0,23.0,25.0,0.0,6.0,6.0,0.0,6.0,6.0,0.0,0.0,0.0,0.0,0.0,0.0,0.0,0.0,0.0,0.0,0.0,0.0,212.0,2199.0,2411.0,2.0,57.0,59.0,2.0,10.0,12.0,1.0,7.0,8.0,0.0,1.0,1.0,15.0,104.0,119.0,7.0,95.0,102.0,246.0,2561.0,2807.0,2.0,10.0,12.0,0.0,0.0,0.0,0.0,0.0,0.0,0.0,0.0,0.0,0.0,0.0,0.0,0.0,0.0,0.0,0.0,0.0,0.0,0.0,0.0,0.0,0.0,0.0,0.0,0.0,0.0,0.0,0.0,0.0,0.0,0.0,0.0,0.0,0.0,1.0,1.0,0.0,1.0,1.0,0.0,1.0,1.0,0.0,0.0,0.0,0.0,0.0,0.0,0.0,0.0,0.0,0.0,0.0,0.0,13.0,102.0,115.0,1.0,8.0,9.0,1.0,1.0,2.0,0.0,1.0,1.0,0.0,0.0,0.0,14.0,78.0,92.0,3.0,27.0,30.0,34.0,229.0,263.0,4034,6.0
Ventura,2017-07-01,2017,3.0,JUL,6.0,131.0,137.0,26.0,874.0,900.0,2.0,61.0,63.0,1.0,11.0,12.0,1.0,59.0,60.0,2.0,22.0,24.0,7.0,449.0,456.0,0.0,28.0,28.0,0.0,10.0,10.0,5.0,101.0,106.0,8.0,133.0,141.0,0.0,0.0,0.0,80.0,790.0,870.0,3.0,65.0,68.0,1.0,27.0,28.0,0.0,10.0,10.0,2.0,28.0,30.0,0.0,0.0,0.0,0.0,0.0,0.0,2461.0,30275.0,32736.0,0.0,0.0,0.0,0.0,0.0,0.0,0.0,0.0,0.0,0.0,0.0,0.0,0.0,0.0,0.0,0.0,0.0,0.0,2576.0,32135.0,34711.0,0.0,0.0,0.0,0.0,0.0,0.0,0.0,0.0,0.0,0.0,0.0,0.0,0.0,0.0,0.0,0.0,0.0,0.0,0.0,0.0,0.0,0.0,0.0,0.0,0.0,0.0,0.0,0.0,0.0,0.0,0.0,0.0,0.0,0.0,0.0,0.0,0.0,0.0,0.0,0.0,0.0,0.0,0.0,0.0,0.0,0.0,0.0,0.0,0.0,0.0,0.0,0.0,0.0,0.0,0.0,0.0,0.0,1782.0,17239.0,19021.0,0.0,0.0,0.0,0.0,0.0,0.0,0.0,0.0,0.0,0.0,0.0,0.0,0.0,0.0,0.0,0.0,0.0,0.0,1782.0,17239.0,19021.0,4034,6.0
Yolo,2017-07-01,2017,3.0,JUL,12.0,129.0,141.0,25.0,428.0,453.0,3.0,109.0,112.0,2.0,25.0,27.0,2.0,106.0,108.0,1.0,10.0,11.0,12.0,74.0,86.0,1.0,30.0,31.0,2.0,25.0,27.0,2.0,49.0,51.0,0.0,0.0,0.0,0.0,0.0,0.0,100.0,665.0,765.0,19.0,210.0,229.0,2.0,10.0,12.0,0.0,0.0,0.0,0.0,6.0,6.0,17.0,194.0,211.0,0.0,0.0,0.0,659.0,7640.0,8299.0,0.0,0.0,0.0,0.0,0.0,0.0,0.0,0.0,0.0,0.0,0.0,0.0,0.0,0.0,0.0,0.0,0.0,0.0,815.0,9072.0,9887.0,0.0,0.0,0.0,0.0,0.0,0.0,0.0,0.0,0.0,0.0,0.0,0.0,0.0,0.0,0.0,0.0,0.0,0.0,0.0,0.0,0.0,0.0,0.0,0.0,0.0,0.0,0.0,0.0,0.0,0.0,0.0,0.0,0.0,0.0,0.0,0.0,0.0,0.0,0.0,0.0,0.0,0.0,0.0,0.0,0.0,0.0,0.0,0.0,0.0,0.0,0.0,0.0,0.0,0.0,0.0,0.0,0.0,329.0,3108.0,3437.0,0.0,0.0,0.0,0.0,0.0,0.0,0.0,0.0,0.0,0.0,0.0,0.0,0.0,0.0,0.0,0.0,0.0,0.0,329.0,3108.0,3437.0,4034,6.0
Yuba,2017-07-01,2017,3.0,JUL,12.0,131.0,143.0,39.0,274.0,313.0,1.0,13.0,14.0,2.0,14.0,16.0,0.0,4.0,4.0,0.0,4.0,4.0,3.0,19.0,22.0,0.0,1.0,1.0,19.0,105.0,124.0,0.0,7.0,7.0,12.0,93.0,105.0,2.0,14.0,16.0,44.0,243.0,287.0,2.0,25.0,27.0,1.0,4.0,5.0,1.0,14.0,15.0,0.0,4.0,4.0,0.0,2.0,2.0,0.0,1.0,1.0,491.0,3349.0,3840.0,20.0,163.0,183.0,5.0,25.0,30.0,12.0,36.0,48.0,2.0,9.0,11.0,118.0,657.0,775.0,56.0,316.0,372.0,801.0,5228.0,6029.0,4.0,23.0,27.0,2.0,9.0,11.0,1.0,2.0,3.0,0.0,1.0,1.0,0.0,0.0,0.0,0.0,0.0,0.0,1.0,4.0,5.0,0.0,0.0,0.0,0.0,0.0,0.0,0.0,0.0,0.0,0.0,1.0,1.0,0.0,1.0,1.0,2.0,7.0,9.0,0.0,3.0,3.0,0.0,0.0,0.0,0.0,2.0,2.0,0.0,1.0,1.0,0.0,0.0,0.0,0.0,0.0,0.0,34.0,232.0,266.0,3.0,16.0,19.0,1.0,1.0,2.0,3.0,2.0,5.0,0.0,2.0,2.0,108.0,598.0,706.0,39.0,203.0,242.0,196.0,1096.0,1292.0,4034,6.0
